model,lite_index,task_id,family,topology,selected_attempt,run_ref,task_version,result_basis,raw_result,adopted_result,evaluation_status,raw_score,adopted_score,score_basis,steps,duration,termination_reason,failure_class,device_count,device_types,device_ids,metadata_ref,result_index_ref
qwen3.7-plus,1,a2l2_meeting_packet_full,real100,2A+2L,run_01,/Users/Admin/home/MDC_Benchmark_lite_ufo3/runs/qwen3.7-plus-core200-20260829/mdcbench_lite_v1/run_01/001_a2l2_meeting_packet_full,sha256:c3508a07afb9af8d622ff4c06dfb6efbc6dfed8545bc8c5a20aadda94b0b3f8e,final_merged_selected_attempt,FAIL,FAIL,lifecycle_valid,0.0,0.0,selected_attempt_evaluator_trace,20,1857.891,time_limit,timeout,4,android+linux,android_0+android_1+linux_0+linux_1,/Users/Admin/home/MDC_Benchmark_lite_ufo3/runs/qwen3.7-plus-core200-20260829/mdcbench_lite_v1/run_01/001_a2l2_meeting_packet_full/config/task.json,/Users/Admin/home/MDC_Benchmark_lite_ufo3/runs/qwen3.7-plus-core200-20260829/mdcbench_lite_v1/final_merged_status_after_infrastructure_repairs.json
qwen3.7-plus,2,al2_data_transform_sync,real100,1A+2L,run_01,/Users/Admin/home/MDC_Benchmark_lite_ufo3/runs/qwen3.7-plus-core200-20260829/mdcbench_lite_v1/run_01/002_al2_data_transform_sync,sha256:88dfcefb8ca5b9a54091228f38872b4c33952b0c549dc8a0e2affcd93e712488,final_merged_selected_attempt,FAIL,FAIL,lifecycle_valid,0.0,0.0,selected_attempt_evaluator_trace,28,1880.158,time_limit,timeout,3,android+linux,android_0+linux_0+linux_1,/Users/Admin/home/MDC_Benchmark_lite_ufo3/runs/qwen3.7-plus-core200-20260829/mdcbench_lite_v1/run_01/002_al2_data_transform_sync/config/task.json,/Users/Admin/home/MDC_Benchmark_lite_ufo3/runs/qwen3.7-plus-core200-20260829/mdcbench_lite_v1/final_merged_status_after_infrastructure_repairs.json
qwen3.7-plus,3,al_tutorial_screenshot,real100,1A+1L,run_01,/Users/Admin/home/MDC_Benchmark_lite_ufo3/runs/qwen3.7-plus-core200-20260829/mdcbench_lite_v1/run_01/003_al_tutorial_screenshot,sha256:55dcc5d2f5021dd16a0fbb366fc81f78023ca42ef99a554fabf84a234d908ecf,final_merged_selected_attempt,FAIL,FAIL,lifecycle_valid,0.0,0.0,selected_attempt_evaluator_trace,33,1847.968,time_limit,timeout,2,android+linux,android_0+linux_0,/Users/Admin/home/MDC_Benchmark_lite_ufo3/runs/qwen3.7-plus-core200-20260829/mdcbench_lite_v1/run_01/003_al_tutorial_screenshot/config/task.json,/Users/Admin/home/MDC_Benchmark_lite_ufo3/runs/qwen3.7-plus-core200-20260829/mdcbench_lite_v1/final_merged_status_after_infrastructure_repairs.json
qwen3.7-plus,4,al_calendar_schedule_conflict,real100,1A+1L,run_01,/Users/Admin/home/MDC_Benchmark_lite_ufo3/runs/qwen3.7-plus-core200-20260829/mdcbench_lite_v1/run_01/004_al_calendar_schedule_conflict,sha256:255c8d693a01fcbc22e8677f251092963d115cddda6c761cdea9fbdd75ca2941,final_merged_selected_attempt,FAIL,FAIL,lifecycle_valid,0.0,0.0,selected_attempt_evaluator_trace,38,1837.41,time_limit,timeout,2,android+linux,android_0+linux_0,/Users/Admin/home/MDC_Benchmark_lite_ufo3/runs/qwen3.7-plus-core200-20260829/mdcbench_lite_v1/run_01/004_al_calendar_schedule_conflict/config/task.json,/Users/Admin/home/MDC_Benchmark_lite_ufo3/runs/qwen3.7-plus-core200-20260829/mdcbench_lite_v1/final_merged_status_after_infrastructure_repairs.json
qwen3.7-plus,5,a2l_agenda_from_two_phones,real100,2A+1L,run_01,/Users/Admin/home/MDC_Benchmark_lite_ufo3/runs/qwen3.7-plus-core200-20260829/mdcbench_lite_v1/run_01/005_a2l_agenda_from_two_phones,sha256:1c2400387eba733c60e7846771d07b724384fdb8a1406014c9200b3d14b158a9,final_merged_selected_attempt,FAIL,FAIL,lifecycle_valid,0.0,0.0,selected_attempt_evaluator_trace,28,1842.628,time_limit,timeout,3,android+linux,android_0+android_1+linux_0,/Users/Admin/home/MDC_Benchmark_lite_ufo3/runs/qwen3.7-plus-core200-20260829/mdcbench_lite_v1/run_01/005_a2l_agenda_from_two_phones/config/task.json,/Users/Admin/home/MDC_Benchmark_lite_ufo3/runs/qwen3.7-plus-core200-20260829/mdcbench_lite_v1/final_merged_status_after_infrastructure_repairs.json
qwen3.7-plus,6,a2_missing_media_status,real100,2A,run_01,/Users/Admin/home/MDC_Benchmark_lite_ufo3/runs/qwen3.7-plus-core200-20260829/mdcbench_lite_v1/run_01/006_a2_missing_media_status,sha256:98a0660c2582dc927dc31240331308a8d801a7238f355221e74d11cfe47a30c7,final_merged_selected_attempt,FAIL,FAIL,lifecycle_valid,0.0,0.0,selected_attempt_evaluator_trace,50,1114.158,max_steps,timeout,2,android,android_0+android_1,/Users/Admin/home/MDC_Benchmark_lite_ufo3/runs/qwen3.7-plus-core200-20260829/mdcbench_lite_v1/run_01/006_a2_missing_media_status/config/task.json,/Users/Admin/home/MDC_Benchmark_lite_ufo3/runs/qwen3.7-plus-core200-20260829/mdcbench_lite_v1/final_merged_status_after_infrastructure_repairs.json
qwen3.7-plus,7,l2_csv_to_json,real100,2L,run_01,/Users/Admin/home/MDC_Benchmark_lite_ufo3/runs/qwen3.7-plus-core200-20260829/mdcbench_lite_v1/run_01/007_l2_csv_to_json,sha256:91d4433eebbcdda79e4c29c64cbc83424fa890f015d267e43991ca3113c04cfc,final_merged_selected_attempt,PASS,PASS,lifecycle_valid,1.0,1.0,selected_attempt_evaluator_trace,4,279.562,done,passed,2,linux,linux_0+linux_1,/Users/Admin/home/MDC_Benchmark_lite_ufo3/runs/qwen3.7-plus-core200-20260829/mdcbench_lite_v1/run_01/007_l2_csv_to_json/config/task.json,/Users/Admin/home/MDC_Benchmark_lite_ufo3/runs/qwen3.7-plus-core200-20260829/mdcbench_lite_v1/final_merged_status_after_infrastructure_repairs.json
qwen3.7-plus,8,al_request_audio,real100,1A+1L,run_01,/Users/Admin/home/MDC_Benchmark_lite_ufo3/runs/qwen3.7-plus-core200-20260829/mdcbench_lite_v1/run_01/008_al_request_audio,sha256:6ac7870304522208d9d15b29f664fbc48f2816ae75db4214b6f4fb3bce1a9429,final_merged_selected_attempt,FAIL,FAIL,lifecycle_valid,0.0,0.0,selected_attempt_evaluator_trace,50,1077.815,max_steps,timeout,2,android+linux,android_0+linux_0,/Users/Admin/home/MDC_Benchmark_lite_ufo3/runs/qwen3.7-plus-core200-20260829/mdcbench_lite_v1/run_01/008_al_request_audio/config/task.json,/Users/Admin/home/MDC_Benchmark_lite_ufo3/runs/qwen3.7-plus-core200-20260829/mdcbench_lite_v1/final_merged_status_after_infrastructure_repairs.json
qwen3.7-plus,9,a2l2_training_deck_notify,real200,2A+2L,run_01,/Users/Admin/home/MDC_Benchmark_lite_ufo3/runs/qwen3.7-plus-core200-20260829/mdcbench_lite_v1/run_01/009_a2l2_training_deck_notify,sha256:0e06c7d05c0ef6f816f1704ec04d04e291d1efd8ba861e3cdc17d95a9aed61cc,final_merged_selected_attempt,FAIL,FAIL,lifecycle_valid,0.3333333333333333,0.3333333333333333,selected_attempt_evaluator_trace,26,1879.279,time_limit,timeout,4,android+linux,android_0+android_1+linux_0+linux_1,/Users/Admin/home/MDC_Benchmark_lite_ufo3/runs/qwen3.7-plus-core200-20260829/mdcbench_lite_v1/run_01/009_a2l2_training_deck_notify/config/task.json,/Users/Admin/home/MDC_Benchmark_lite_ufo3/runs/qwen3.7-plus-core200-20260829/mdcbench_lite_v1/final_merged_status_after_infrastructure_repairs.json
qwen3.7-plus,10,a2_route_media_status,real200,2A,run_01,/Users/Admin/home/MDC_Benchmark_lite_ufo3/runs/qwen3.7-plus-core200-20260829/mdcbench_lite_v1/run_01/010_a2_route_media_status,sha256:15800b0650c989769c773a0f0721b2c9161cd01186ff755e60f5cc97de857cfb,final_merged_selected_attempt,FAIL,FAIL,lifecycle_valid,0.0,0.0,selected_attempt_evaluator_trace,39,1834.394,time_limit,timeout,2,android,android_0+android_1,/Users/Admin/home/MDC_Benchmark_lite_ufo3/runs/qwen3.7-plus-core200-20260829/mdcbench_lite_v1/run_01/010_a2_route_media_status/config/task.json,/Users/Admin/home/MDC_Benchmark_lite_ufo3/runs/qwen3.7-plus-core200-20260829/mdcbench_lite_v1/final_merged_status_after_infrastructure_repairs.json
qwen3.7-plus,11,al2_alarm_calc_email,real200,1A+2L,run_01,/Users/Admin/home/MDC_Benchmark_lite_ufo3/runs/qwen3.7-plus-core200-20260829/mdcbench_lite_v1/run_01/011_al2_alarm_calc_email,sha256:a0c80ad6a665bcd578cfa0f67c2c4eb6acf32e3313c51b509700b162c23de8b0,final_merged_selected_attempt,FAIL,FAIL,lifecycle_valid,0.0,0.0,selected_attempt_evaluator_trace,30,1854.342,time_limit,timeout,3,android+linux,android_0+linux_0+linux_1,/Users/Admin/home/MDC_Benchmark_lite_ufo3/runs/qwen3.7-plus-core200-20260829/mdcbench_lite_v1/run_01/011_al2_alarm_calc_email/config/task.json,/Users/Admin/home/MDC_Benchmark_lite_ufo3/runs/qwen3.7-plus-core200-20260829/mdcbench_lite_v1/final_merged_status_after_infrastructure_repairs.json
qwen3.7-plus,12,a2l_contact_otp_web_form,real200,2A+1L,run_01,/Users/Admin/home/MDC_Benchmark_lite_ufo3/runs/qwen3.7-plus-core200-20260829/mdcbench_lite_v1/run_01/012_a2l_contact_otp_web_form,sha256:703f478474ed580001d37009f654a78b773ae48fb8c37fc52173bdf1e5f9f78c,final_merged_selected_attempt,FAIL,FAIL,lifecycle_valid,0.0,0.0,selected_attempt_evaluator_trace,25,1851.06,time_limit,timeout,3,android+linux,android_0+android_1+linux_0,/Users/Admin/home/MDC_Benchmark_lite_ufo3/runs/qwen3.7-plus-core200-20260829/mdcbench_lite_v1/run_01/012_a2l_contact_otp_web_form/config/task.json,/Users/Admin/home/MDC_Benchmark_lite_ufo3/runs/qwen3.7-plus-core200-20260829/mdcbench_lite_v1/final_merged_status_after_infrastructure_repairs.json
qwen3.7-plus,13,al_thunderbird_attachment_to_tasks,real200,1A+1L,run_01,/Users/Admin/home/MDC_Benchmark_lite_ufo3/runs/qwen3.7-plus-core200-20260829/mdcbench_lite_v1/run_01/013_al_thunderbird_attachment_to_tasks,sha256:f0fae2f6dceeeebbac6d71fd04fd1d389e1d7b9fc26f3b2afa27422215fc7d58,final_merged_selected_attempt,FAIL,FAIL,lifecycle_valid,0.0,0.0,selected_attempt_evaluator_trace,32,1836.664,time_limit,timeout,2,android+linux,android_0+linux_0,/Users/Admin/home/MDC_Benchmark_lite_ufo3/runs/qwen3.7-plus-core200-20260829/mdcbench_lite_v1/run_01/013_al_thunderbird_attachment_to_tasks/config/task.json,/Users/Admin/home/MDC_Benchmark_lite_ufo3/runs/qwen3.7-plus-core200-20260829/mdcbench_lite_v1/final_merged_status_after_infrastructure_repairs.json
qwen3.7-plus,14,l2_vscode_settings_update,real200,2L,run_01,/Users/Admin/home/MDC_Benchmark_lite_ufo3/runs/qwen3.7-plus-core200-20260829/mdcbench_lite_v1/run_01/014_l2_vscode_settings_update,sha256:98b04aa99b30ef180b6119d9e6761f958bfd7fad65595bb0a4d932511d4a6b8b,final_merged_selected_attempt,PASS,PASS,lifecycle_valid,1.0,1.0,selected_attempt_evaluator_trace,4,253.775,done,passed,2,linux,linux_0+linux_1,/Users/Admin/home/MDC_Benchmark_lite_ufo3/runs/qwen3.7-plus-core200-20260829/mdcbench_lite_v1/run_01/014_l2_vscode_settings_update/config/task.json,/Users/Admin/home/MDC_Benchmark_lite_ufo3/runs/qwen3.7-plus-core200-20260829/mdcbench_lite_v1/final_merged_status_after_infrastructure_repairs.json
qwen3.7-plus,15,a2l_media_manifest,real200,2A+1L,run_01,/Users/Admin/home/MDC_Benchmark_lite_ufo3/runs/qwen3.7-plus-core200-20260829/mdcbench_lite_v1/run_01/015_a2l_media_manifest,sha256:acc64d3962d305a6ff1e48e4bd34d1590dd70cb883fbc3320b7974c34c367d30,final_merged_selected_attempt,FAIL,FAIL,lifecycle_valid,0.0,0.0,selected_attempt_evaluator_trace,36,1855.684,time_limit,timeout,3,android+linux,android_0+android_1+linux_0,/Users/Admin/home/MDC_Benchmark_lite_ufo3/runs/qwen3.7-plus-core200-20260829/mdcbench_lite_v1/run_01/015_a2l_media_manifest/config/task.json,/Users/Admin/home/MDC_Benchmark_lite_ufo3/runs/qwen3.7-plus-core200-20260829/mdcbench_lite_v1/final_merged_status_after_infrastructure_repairs.json
qwen3.7-plus,16,a2_alarm_conflict_log,real200,2A,run_01,/Users/Admin/home/MDC_Benchmark_lite_ufo3/runs/qwen3.7-plus-core200-20260829/mdcbench_lite_v1/run_01/016_a2_alarm_conflict_log,sha256:afd988e3d50d2ebbdfc12ee446e4335c1fbe0a916edf5a765ed8dbf2462c42ee,final_merged_selected_attempt,FAIL,FAIL,lifecycle_valid,0.3333333333333333,0.3333333333333333,selected_attempt_evaluator_trace,24,1841.382,time_limit,timeout,2,android,android_0+android_1,/Users/Admin/home/MDC_Benchmark_lite_ufo3/runs/qwen3.7-plus-core200-20260829/mdcbench_lite_v1/run_01/016_a2_alarm_conflict_log/config/task.json,/Users/Admin/home/MDC_Benchmark_lite_ufo3/runs/qwen3.7-plus-core200-20260829/mdcbench_lite_v1/final_merged_status_after_infrastructure_repairs.json
qwen3.7-plus,17,al_writer_from_note_gui,real200,1A+1L,run_01,/Users/Admin/home/MDC_Benchmark_lite_ufo3/runs/qwen3.7-plus-core200-20260829/mdcbench_lite_v1/run_01/017_al_writer_from_note_gui,sha256:2669d09f2f7f0ce72266ef395503ab6fea03c5e69355f7a9301c20538c39427d,final_merged_selected_attempt,FAIL,FAIL,lifecycle_valid,0.0,0.0,selected_attempt_evaluator_trace,23,1917.442,time_limit,timeout,2,android+linux,android_0+linux_0,/Users/Admin/home/MDC_Benchmark_lite_ufo3/runs/qwen3.7-plus-core200-20260829/mdcbench_lite_v1/run_01/017_al_writer_from_note_gui/config/task.json,/Users/Admin/home/MDC_Benchmark_lite_ufo3/runs/qwen3.7-plus-core200-20260829/mdcbench_lite_v1/final_merged_status_after_infrastructure_repairs.json
qwen3.7-plus,18,al_playlist_from_csv,real200,1A+1L,repair_01,/Users/Admin/home/MDC_Benchmark_lite_ufo3/runs/qwen3.7-plus-core200-20260829/mdcbench_lite_v1/repair_01/018_al_playlist_from_csv,sha256:db437384a8d1984e0272115acaa6dca2f0ad3e1edb8adfbba827526c53f50867,final_merged_infrastructure_repair:lite_18,INFRASTRUCTURE_INVALID,FAIL,lifecycle_valid,,0.0,official_repair_attempt_evaluator_trace,38,1815.311,time_limit,timeout,2,android+linux,android_0+linux_0,/Users/Admin/home/MDC_Benchmark_lite_ufo3/runs/qwen3.7-plus-core200-20260829/mdcbench_lite_v1/repair_01/018_al_playlist_from_csv/config/task.json,/Users/Admin/home/MDC_Benchmark_lite_ufo3/runs/qwen3.7-plus-core200-20260829/mdcbench_lite_v1/final_merged_status_after_infrastructure_repairs.json
qwen3.7-plus,19,a2l2_vscode_web_music_final_gate,real300,A+A+L+L,run_01,/Users/Admin/home/MDC_Benchmark_lite_ufo3/runs/qwen3.7-plus-core200-20260829/mdcbench_lite_v1/run_01/019_a2l2_vscode_web_music_final_gate,sha256:83b2ff68deb68ee6cfa52d7bbae56b49fc831265caead36c1a094f24587cadb2,final_merged_selected_attempt,FAIL,FAIL,lifecycle_valid,0.0,0.0,selected_attempt_evaluator_trace,16,1896.442,time_limit,timeout,4,android+linux,android_0+android_1+linux_0+linux_1,/Users/Admin/home/MDC_Benchmark_lite_ufo3/runs/qwen3.7-plus-core200-20260829/mdcbench_lite_v1/run_01/019_a2l2_vscode_web_music_final_gate/config/task.json,/Users/Admin/home/MDC_Benchmark_lite_ufo3/runs/qwen3.7-plus-core200-20260829/mdcbench_lite_v1/final_merged_status_after_infrastructure_repairs.json
qwen3.7-plus,20,al2_mail_calc_alarm_sync,real300,A+L+L,run_01,/Users/Admin/home/MDC_Benchmark_lite_ufo3/runs/qwen3.7-plus-core200-20260829/mdcbench_lite_v1/run_01/020_al2_mail_calc_alarm_sync,sha256:ddaefdfa545a9a4cd551d36f79b6aa33d557ce4916a2e7c797c7cf31b9b7a737,final_merged_selected_attempt,FAIL,FAIL,lifecycle_valid,0.3333333333333333,0.3333333333333333,selected_attempt_evaluator_trace,32,2032.422,time_limit,timeout,3,android+linux,android_0+linux_0+linux_1,/Users/Admin/home/MDC_Benchmark_lite_ufo3/runs/qwen3.7-plus-core200-20260829/mdcbench_lite_v1/run_01/020_al2_mail_calc_alarm_sync/config/task.json,/Users/Admin/home/MDC_Benchmark_lite_ufo3/runs/qwen3.7-plus-core200-20260829/mdcbench_lite_v1/final_merged_status_after_infrastructure_repairs.json
qwen3.7-plus,21,al_map_audio_packet,real300,A+L,run_01,/Users/Admin/home/MDC_Benchmark_lite_ufo3/runs/qwen3.7-plus-core200-20260829/mdcbench_lite_v1/run_01/021_al_map_audio_packet,sha256:406a02c27bd98075d2661f6f29d44d15ff1e6acdcfae8dad3c6912f7ad35bdb6,final_merged_selected_attempt,FAIL,FAIL,lifecycle_valid,0.0,0.0,selected_attempt_evaluator_trace,28,1922.868,time_limit,timeout,2,android+linux,android_0+linux_0,/Users/Admin/home/MDC_Benchmark_lite_ufo3/runs/qwen3.7-plus-core200-20260829/mdcbench_lite_v1/run_01/021_al_map_audio_packet/config/task.json,/Users/Admin/home/MDC_Benchmark_lite_ufo3/runs/qwen3.7-plus-core200-20260829/mdcbench_lite_v1/final_merged_status_after_infrastructure_repairs.json
qwen3.7-plus,22,a2l_audio_thunderbird_draft,real300,A+A+L,run_01,/Users/Admin/home/MDC_Benchmark_lite_ufo3/runs/qwen3.7-plus-core200-20260829/mdcbench_lite_v1/run_01/022_a2l_audio_thunderbird_draft,sha256:fbdb0e8e62eaaf1991423159806191e88304d020ea2e9b4461c3626c6f1fb56e,final_merged_selected_attempt,FAIL,FAIL,lifecycle_valid,0.0,0.0,selected_attempt_evaluator_trace,36,1828.112,time_limit,timeout,3,android+linux,android_0+android_1+linux_0,/Users/Admin/home/MDC_Benchmark_lite_ufo3/runs/qwen3.7-plus-core200-20260829/mdcbench_lite_v1/run_01/022_a2l_audio_thunderbird_draft/config/task.json,/Users/Admin/home/MDC_Benchmark_lite_ufo3/runs/qwen3.7-plus-core200-20260829/mdcbench_lite_v1/final_merged_status_after_infrastructure_repairs.json
qwen3.7-plus,23,al_camera_web_upload_form,real300,A+L,run_01,/Users/Admin/home/MDC_Benchmark_lite_ufo3/runs/qwen3.7-plus-core200-20260829/mdcbench_lite_v1/run_01/023_al_camera_web_upload_form,sha256:624f8f639f1f55fe5bb79cccbb2e4ee176c1b4e4786009fb5e21712ae98c3b3d,final_merged_selected_attempt,PASS,PASS,lifecycle_valid,1.0,1.0,selected_attempt_evaluator_trace,15,552.328,done,passed,2,android+linux,android_0+linux_0,/Users/Admin/home/MDC_Benchmark_lite_ufo3/runs/qwen3.7-plus-core200-20260829/mdcbench_lite_v1/run_01/023_al_camera_web_upload_form/config/task.json,/Users/Admin/home/MDC_Benchmark_lite_ufo3/runs/qwen3.7-plus-core200-20260829/mdcbench_lite_v1/final_merged_status_after_infrastructure_repairs.json
qwen3.7-plus,24,a2l_osmand_calc_visit,real300,A+A+L,run_01,/Users/Admin/home/MDC_Benchmark_lite_ufo3/runs/qwen3.7-plus-core200-20260829/mdcbench_lite_v1/run_01/024_a2l_osmand_calc_visit,sha256:c97c3d13fef72fcaf64ed18bb4158dfd573fc4b2098f67e03e926212a7587837,final_merged_selected_attempt,FAIL,FAIL,lifecycle_valid,0.0,0.0,selected_attempt_evaluator_trace,10,470.141,done,model_behavior,3,android+linux,android_0+android_1+linux_0,/Users/Admin/home/MDC_Benchmark_lite_ufo3/runs/qwen3.7-plus-core200-20260829/mdcbench_lite_v1/run_01/024_a2l_osmand_calc_visit/config/task.json,/Users/Admin/home/MDC_Benchmark_lite_ufo3/runs/qwen3.7-plus-core200-20260829/mdcbench_lite_v1/final_merged_status_after_infrastructure_repairs.json
qwen3.7-plus,25,a2_gallery_cleanup_log,real300,A+A,repair_01,/Users/Admin/home/MDC_Benchmark_lite_ufo3/runs/qwen3.7-plus-core200-20260829/mdcbench_lite_v1/repair_01/025_a2_gallery_cleanup_log,sha256:f6c1f0ee8af13a800138668509f55754a0aa1d3d195903a71f186b63bbe57599,final_merged_infrastructure_repair:lite_25,INFRASTRUCTURE_INVALID,FAIL,lifecycle_valid,,0.0,official_repair_attempt_evaluator_trace,24,1824.191,time_limit,timeout,2,android,android_0+android_1,/Users/Admin/home/MDC_Benchmark_lite_ufo3/runs/qwen3.7-plus-core200-20260829/mdcbench_lite_v1/repair_01/025_a2_gallery_cleanup_log/config/task.json,/Users/Admin/home/MDC_Benchmark_lite_ufo3/runs/qwen3.7-plus-core200-20260829/mdcbench_lite_v1/final_merged_status_after_infrastructure_repairs.json
qwen3.7-plus,26,l2_mail_rule_foldering,real300,L+L,run_01,/Users/Admin/home/MDC_Benchmark_lite_ufo3/runs/qwen3.7-plus-core200-20260829/mdcbench_lite_v1/run_01/026_l2_mail_rule_foldering,sha256:ee50eb532b8c9f8addb05ae89d38a964181d0ba2bc4a82c90184f2144febe336,final_merged_selected_attempt,PASS,PASS,lifecycle_valid,1.0,1.0,selected_attempt_evaluator_trace,8,316.58,done,passed,2,linux,linux_0+linux_1,/Users/Admin/home/MDC_Benchmark_lite_ufo3/runs/qwen3.7-plus-core200-20260829/mdcbench_lite_v1/run_01/026_l2_mail_rule_foldering/config/task.json,/Users/Admin/home/MDC_Benchmark_lite_ufo3/runs/qwen3.7-plus-core200-20260829/mdcbench_lite_v1/final_merged_status_after_infrastructure_repairs.json
qwen3.7-plus,27,a2l2_training_media_deck_email,real300,A+A+L+L,run_01,/Users/Admin/home/MDC_Benchmark_lite_ufo3/runs/qwen3.7-plus-core200-20260829/mdcbench_lite_v1/run_01/027_a2l2_training_media_deck_email,sha256:b79a5454602c6035e420ea485e1206338784f56f9eb54aacf11df940d0c12309,final_merged_selected_attempt,FAIL,FAIL,lifecycle_valid,0.0,0.0,selected_attempt_evaluator_trace,50,1480.57,max_steps,timeout,4,android+linux,android_0+android_1+linux_0+linux_1,/Users/Admin/home/MDC_Benchmark_lite_ufo3/runs/qwen3.7-plus-core200-20260829/mdcbench_lite_v1/run_01/027_a2l2_training_media_deck_email/config/task.json,/Users/Admin/home/MDC_Benchmark_lite_ufo3/runs/qwen3.7-plus-core200-20260829/mdcbench_lite_v1/final_merged_status_after_infrastructure_repairs.json
qwen3.7-plus,28,a2l_browser_dual_phone_code,real300,A+A+L,run_01,/Users/Admin/home/MDC_Benchmark_lite_ufo3/runs/qwen3.7-plus-core200-20260829/mdcbench_lite_v1/run_01/028_a2l_browser_dual_phone_code,sha256:599b4527aaf87d2b52732fdda5911eda5710858fb1585a782b8cf2945995310c,final_merged_selected_attempt,FAIL,FAIL,lifecycle_valid,0.0,0.0,selected_attempt_evaluator_trace,50,845.768,max_steps,timeout,3,android+linux,android_0+android_1+linux_0,/Users/Admin/home/MDC_Benchmark_lite_ufo3/runs/qwen3.7-plus-core200-20260829/mdcbench_lite_v1/run_01/028_a2l_browser_dual_phone_code/config/task.json,/Users/Admin/home/MDC_Benchmark_lite_ufo3/runs/qwen3.7-plus-core200-20260829/mdcbench_lite_v1/final_merged_status_after_infrastructure_repairs.json
qwen3.7-plus,29,al_sms_web_download_statement,real300,A+L,run_01,/Users/Admin/home/MDC_Benchmark_lite_ufo3/runs/qwen3.7-plus-core200-20260829/mdcbench_lite_v1/run_01/029_al_sms_web_download_statement,sha256:881c2961a734d529512d9cb016720f6a75aacd06b26d3f80286e05b0dd84858b,final_merged_selected_attempt,PASS,PASS,lifecycle_valid,1.0,1.0,selected_attempt_evaluator_trace,37,688.826,done,passed,2,android+linux,android_0+linux_0,/Users/Admin/home/MDC_Benchmark_lite_ufo3/runs/qwen3.7-plus-core200-20260829/mdcbench_lite_v1/run_01/029_al_sms_web_download_statement/config/task.json,/Users/Admin/home/MDC_Benchmark_lite_ufo3/runs/qwen3.7-plus-core200-20260829/mdcbench_lite_v1/final_merged_status_after_infrastructure_repairs.json
qwen3.7-plus,30,a2_gallery_album_to_tasks,real300,A+A,run_01,/Users/Admin/home/MDC_Benchmark_lite_ufo3/runs/qwen3.7-plus-core200-20260829/mdcbench_lite_v1/run_01/030_a2_gallery_album_to_tasks,sha256:6b4a379681fea8b6f4a742c9e103a40d3277d0e44f46116f60c8f8d863b7d50b,final_merged_selected_attempt,FAIL,FAIL,lifecycle_valid,0.0,0.0,selected_attempt_evaluator_trace,50,728.667,max_steps,timeout,2,android,android_0+android_1,/Users/Admin/home/MDC_Benchmark_lite_ufo3/runs/qwen3.7-plus-core200-20260829/mdcbench_lite_v1/run_01/030_a2_gallery_album_to_tasks/config/task.json,/Users/Admin/home/MDC_Benchmark_lite_ufo3/runs/qwen3.7-plus-core200-20260829/mdcbench_lite_v1/final_merged_status_after_infrastructure_repairs.json
qwen3.7-plus,31,linux_android_904,linux_android,android_0+android_1+linux_0+linux_1,run_01,/Users/Admin/home/MDC_Benchmark_lite_ufo3/runs/qwen3.7-plus-core200-20260829/mdcbench_lite_v1/run_01/031_linux_android_904,sha256:d52d0dc17fdc4540525ae29cc61e0e64aea2561172a31aa0d4800e17c1cc03b4,final_merged_selected_attempt,FAIL,FAIL,lifecycle_valid,0.3333333333333333,0.3333333333333333,selected_attempt_evaluator_trace,50,1137.145,max_steps,timeout,4,android+linux,android_0+android_1+linux_0+linux_1,/Users/Admin/home/MDC_Benchmark_lite_ufo3/runs/qwen3.7-plus-core200-20260829/mdcbench_lite_v1/run_01/031_linux_android_904/config/task.json,/Users/Admin/home/MDC_Benchmark_lite_ufo3/runs/qwen3.7-plus-core200-20260829/mdcbench_lite_v1/final_merged_status_after_infrastructure_repairs.json
qwen3.7-plus,32,linux_android_1040,linux_android,android_0+android_1+linux_0,run_01,/Users/Admin/home/MDC_Benchmark_lite_ufo3/runs/qwen3.7-plus-core200-20260829/mdcbench_lite_v1/run_01/032_linux_android_1040,sha256:a3048d71fcfbf7e3ca992fb741239a7c8f3be743fd865467b5f69853bff19ca8,final_merged_selected_attempt,FAIL,FAIL,lifecycle_valid,0.3333333333333333,0.3333333333333333,selected_attempt_evaluator_trace,50,1026.117,max_steps,timeout,3,android+linux,android_0+android_1+linux_0,/Users/Admin/home/MDC_Benchmark_lite_ufo3/runs/qwen3.7-plus-core200-20260829/mdcbench_lite_v1/run_01/032_linux_android_1040/config/task.json,/Users/Admin/home/MDC_Benchmark_lite_ufo3/runs/qwen3.7-plus-core200-20260829/mdcbench_lite_v1/final_merged_status_after_infrastructure_repairs.json
qwen3.7-plus,33,linux_android_1313,linux_android,2A+2L,run_01,/Users/Admin/home/MDC_Benchmark_lite_ufo3/runs/qwen3.7-plus-core200-20260829/mdcbench_lite_v1/run_01/033_linux_android_1313,sha256:756e657fba6718d02434a4c9e27cadce133f2e69a687cddb00ede8f7294f1179,final_merged_selected_attempt,FAIL,FAIL,lifecycle_valid,0.0,0.0,selected_attempt_evaluator_trace,50,1131.472,max_steps,timeout,4,android+linux,linux_0+linux_1+android_0+android_1,/Users/Admin/home/MDC_Benchmark_lite_ufo3/runs/qwen3.7-plus-core200-20260829/mdcbench_lite_v1/run_01/033_linux_android_1313/config/task.json,/Users/Admin/home/MDC_Benchmark_lite_ufo3/runs/qwen3.7-plus-core200-20260829/mdcbench_lite_v1/final_merged_status_after_infrastructure_repairs.json
qwen3.7-plus,34,linux_android_1798,linux_android,android_0+linux_0+linux_1,run_01,/Users/Admin/home/MDC_Benchmark_lite_ufo3/runs/qwen3.7-plus-core200-20260829/mdcbench_lite_v1/run_01/034_linux_android_1798,sha256:fb8ff580549b0da7045596d9131565116d5b7e67a86cd2f91090e84a40dfa5c2,final_merged_selected_attempt,PASS,PASS,lifecycle_valid,1.0,1.0,selected_attempt_evaluator_trace,5,306.563,done,passed,3,android+linux,android_0+linux_0+linux_1,/Users/Admin/home/MDC_Benchmark_lite_ufo3/runs/qwen3.7-plus-core200-20260829/mdcbench_lite_v1/run_01/034_linux_android_1798/config/task.json,/Users/Admin/home/MDC_Benchmark_lite_ufo3/runs/qwen3.7-plus-core200-20260829/mdcbench_lite_v1/final_merged_status_after_infrastructure_repairs.json
qwen3.7-plus,35,linux_android_1368,linux_android,2A+1L,run_01,/Users/Admin/home/MDC_Benchmark_lite_ufo3/runs/qwen3.7-plus-core200-20260829/mdcbench_lite_v1/run_01/035_linux_android_1368,sha256:917383222ad139278defd5b8b74fd8430a5e1eb2eba3785aca2af51d464da0ba,final_merged_selected_attempt,FAIL,FAIL,lifecycle_valid,0.0,0.0,selected_attempt_evaluator_trace,50,772.495,max_steps,timeout,3,android+linux,linux_0+android_0+android_1,/Users/Admin/home/MDC_Benchmark_lite_ufo3/runs/qwen3.7-plus-core200-20260829/mdcbench_lite_v1/run_01/035_linux_android_1368/config/task.json,/Users/Admin/home/MDC_Benchmark_lite_ufo3/runs/qwen3.7-plus-core200-20260829/mdcbench_lite_v1/final_merged_status_after_infrastructure_repairs.json
qwen3.7-plus,36,linux_android_1078,linux_android,android_0+linux_0,run_01,/Users/Admin/home/MDC_Benchmark_lite_ufo3/runs/qwen3.7-plus-core200-20260829/mdcbench_lite_v1/run_01/036_linux_android_1078,sha256:84d71201f3ce14f1af22508f171ed513a0d86e837442590085ae9c99c6eed177,final_merged_selected_attempt,FAIL,FAIL,lifecycle_valid,0.5,0.5,selected_attempt_evaluator_trace,50,686.789,max_steps,timeout,2,android+linux,android_0+linux_0,/Users/Admin/home/MDC_Benchmark_lite_ufo3/runs/qwen3.7-plus-core200-20260829/mdcbench_lite_v1/run_01/036_linux_android_1078/config/task.json,/Users/Admin/home/MDC_Benchmark_lite_ufo3/runs/qwen3.7-plus-core200-20260829/mdcbench_lite_v1/final_merged_status_after_infrastructure_repairs.json
qwen3.7-plus,37,linux_android_1255,linux_android,1A+1L,run_01,/Users/Admin/home/MDC_Benchmark_lite_ufo3/runs/qwen3.7-plus-core200-20260829/mdcbench_lite_v1/run_01/037_linux_android_1255,sha256:2236ec9411ebdc844e22ae768b960b0e00223195ba3c12c6f9f680d4581ed963,final_merged_selected_attempt,FAIL,FAIL,lifecycle_valid,0.3333333333333333,0.3333333333333333,selected_attempt_evaluator_trace,50,661.991,max_steps,timeout,2,android+linux,linux_0+android_0,/Users/Admin/home/MDC_Benchmark_lite_ufo3/runs/qwen3.7-plus-core200-20260829/mdcbench_lite_v1/run_01/037_linux_android_1255/config/task.json,/Users/Admin/home/MDC_Benchmark_lite_ufo3/runs/qwen3.7-plus-core200-20260829/mdcbench_lite_v1/final_merged_status_after_infrastructure_repairs.json
qwen3.7-plus,38,linux_android_1241,linux_android,1A+2L,run_01,/Users/Admin/home/MDC_Benchmark_lite_ufo3/runs/qwen3.7-plus-core200-20260829/mdcbench_lite_v1/run_01/038_linux_android_1241,sha256:ce6fc88ceadc1a66347d1790d0da509424afc12677da2ed207cae0d1f924b1f1,final_merged_selected_attempt,FAIL,FAIL,lifecycle_valid,0.4,0.4,selected_attempt_evaluator_trace,50,933.417,max_steps,timeout,3,android+linux,linux_0+linux_1+android_0,/Users/Admin/home/MDC_Benchmark_lite_ufo3/runs/qwen3.7-plus-core200-20260829/mdcbench_lite_v1/run_01/038_linux_android_1241/config/task.json,/Users/Admin/home/MDC_Benchmark_lite_ufo3/runs/qwen3.7-plus-core200-20260829/mdcbench_lite_v1/final_merged_status_after_infrastructure_repairs.json
qwen3.7-plus,39,linux_android_1357,linux_android,2A+1L,run_01,/Users/Admin/home/MDC_Benchmark_lite_ufo3/runs/qwen3.7-plus-core200-20260829/mdcbench_lite_v1/run_01/039_linux_android_1357,sha256:b939bf1b12408878281ddc04e286aca98d60e147cb4b40904f8ecfb0428fd3c9,final_merged_selected_attempt,FAIL,FAIL,lifecycle_valid,0.0,0.0,selected_attempt_evaluator_trace,50,1308.56,max_steps,timeout,3,android+linux,linux_0+android_0+android_1,/Users/Admin/home/MDC_Benchmark_lite_ufo3/runs/qwen3.7-plus-core200-20260829/mdcbench_lite_v1/run_01/039_linux_android_1357/config/task.json,/Users/Admin/home/MDC_Benchmark_lite_ufo3/runs/qwen3.7-plus-core200-20260829/mdcbench_lite_v1/final_merged_status_after_infrastructure_repairs.json
qwen3.7-plus,40,linux_android_1831,linux_android,android_0+linux_0,run_01,/Users/Admin/home/MDC_Benchmark_lite_ufo3/runs/qwen3.7-plus-core200-20260829/mdcbench_lite_v1/run_01/040_linux_android_1831,sha256:3975c19667fb9e7c5e06f0fd15ef02a484f24b36e8e27dd4af69371b7649c3cc,final_merged_selected_attempt,FAIL,FAIL,lifecycle_valid,0.0,0.0,selected_attempt_evaluator_trace,50,932.6,max_steps,timeout,2,android+linux,android_0+linux_0,/Users/Admin/home/MDC_Benchmark_lite_ufo3/runs/qwen3.7-plus-core200-20260829/mdcbench_lite_v1/run_01/040_linux_android_1831/config/task.json,/Users/Admin/home/MDC_Benchmark_lite_ufo3/runs/qwen3.7-plus-core200-20260829/mdcbench_lite_v1/final_merged_status_after_infrastructure_repairs.json
qwen3.7-plus,41,linux_android_1324,linux_android,2A+1L,run_01,/Users/Admin/home/MDC_Benchmark_lite_ufo3/runs/qwen3.7-plus-core200-20260829/mdcbench_lite_v1/run_01/041_linux_android_1324,sha256:db155344c04413078d40b6fa4fd0556d4adda45fc93ce30678b80b702dc5dea0,final_merged_selected_attempt,FAIL,FAIL,lifecycle_valid,0.3333333333333333,0.3333333333333333,selected_attempt_evaluator_trace,50,808.433,max_steps,timeout,3,android+linux,linux_0+android_0+android_1,/Users/Admin/home/MDC_Benchmark_lite_ufo3/runs/qwen3.7-plus-core200-20260829/mdcbench_lite_v1/run_01/041_linux_android_1324/config/task.json,/Users/Admin/home/MDC_Benchmark_lite_ufo3/runs/qwen3.7-plus-core200-20260829/mdcbench_lite_v1/final_merged_status_after_infrastructure_repairs.json
qwen3.7-plus,42,linux_android_1215,linux_android,2A+1L,run_01,/Users/Admin/home/MDC_Benchmark_lite_ufo3/runs/qwen3.7-plus-core200-20260829/mdcbench_lite_v1/run_01/042_linux_android_1215,sha256:600bcddf6173279eedf04e1e8470d73ce984f29f196b867db1ac7bf10c1496e6,final_merged_selected_attempt,FAIL,FAIL,lifecycle_valid,0.0,0.0,selected_attempt_evaluator_trace,50,816.768,max_steps,timeout,3,android+linux,linux_0+android_0+android_1,/Users/Admin/home/MDC_Benchmark_lite_ufo3/runs/qwen3.7-plus-core200-20260829/mdcbench_lite_v1/run_01/042_linux_android_1215/config/task.json,/Users/Admin/home/MDC_Benchmark_lite_ufo3/runs/qwen3.7-plus-core200-20260829/mdcbench_lite_v1/final_merged_status_after_infrastructure_repairs.json
qwen3.7-plus,43,linux_android_1320,linux_android,2A+2L,repair_01,/Users/Admin/home/MDC_Benchmark_lite_ufo3/runs/qwen3.7-plus-core200-20260829/mdcbench_lite_v1/repair_01/043_linux_android_1320,sha256:1bf130f689a94c4785ff53e14a84e0b491cb981865d5cf91893ed94109c05bf8,final_merged_infrastructure_repair:lite_43,INFRASTRUCTURE_INVALID,FAIL,lifecycle_valid,,0.5,official_repair_attempt_evaluator_trace,5,529.145,done,model_behavior,4,android+linux,linux_0+linux_1+android_0+android_1,/Users/Admin/home/MDC_Benchmark_lite_ufo3/runs/qwen3.7-plus-core200-20260829/mdcbench_lite_v1/repair_01/043_linux_android_1320/config/task.json,/Users/Admin/home/MDC_Benchmark_lite_ufo3/runs/qwen3.7-plus-core200-20260829/mdcbench_lite_v1/final_merged_status_after_infrastructure_repairs.json
qwen3.7-plus,44,linux_android_1814,linux_android,android_0+android_1+linux_0,run_01,/Users/Admin/home/MDC_Benchmark_lite_ufo3/runs/qwen3.7-plus-core200-20260829/mdcbench_lite_v1/run_01/044_linux_android_1814,sha256:00a1ff1a7fdc530d12fc1657d7ca0b68b756cf9d8f57cd99ef1d68a0b7a19dd5,final_merged_selected_attempt,FAIL,FAIL,lifecycle_valid,0.0,0.0,selected_attempt_evaluator_trace,50,1260.78,max_steps,timeout,3,android+linux,android_0+android_1+linux_0,/Users/Admin/home/MDC_Benchmark_lite_ufo3/runs/qwen3.7-plus-core200-20260829/mdcbench_lite_v1/run_01/044_linux_android_1814/config/task.json,/Users/Admin/home/MDC_Benchmark_lite_ufo3/runs/qwen3.7-plus-core200-20260829/mdcbench_lite_v1/final_merged_status_after_infrastructure_repairs.json
qwen3.7-plus,45,linux_android_1289,linux_android,1A+1L,run_01,/Users/Admin/home/MDC_Benchmark_lite_ufo3/runs/qwen3.7-plus-core200-20260829/mdcbench_lite_v1/run_01/045_linux_android_1289,sha256:774007b169136e0b8ff0847c33098db9eae82cda272a01a4bb1c881c8000ccd9,final_merged_selected_attempt,FAIL,FAIL,lifecycle_valid,0.5,0.5,selected_attempt_evaluator_trace,50,703.308,max_steps,timeout,2,android+linux,linux_0+android_0,/Users/Admin/home/MDC_Benchmark_lite_ufo3/runs/qwen3.7-plus-core200-20260829/mdcbench_lite_v1/run_01/045_linux_android_1289/config/task.json,/Users/Admin/home/MDC_Benchmark_lite_ufo3/runs/qwen3.7-plus-core200-20260829/mdcbench_lite_v1/final_merged_status_after_infrastructure_repairs.json
qwen3.7-plus,46,linux_android_1851,linux_android,android_0+linux_0,run_01,/Users/Admin/home/MDC_Benchmark_lite_ufo3/runs/qwen3.7-plus-core200-20260829/mdcbench_lite_v1/run_01/046_linux_android_1851,sha256:96d89be1945a0edc8b956c3995939fa1cdd7d5b748d68886e8607f9da89a26f0,final_merged_selected_attempt,FAIL,FAIL,lifecycle_valid,0.0,0.0,selected_attempt_evaluator_trace,50,816.052,max_steps,timeout,2,android+linux,android_0+linux_0,/Users/Admin/home/MDC_Benchmark_lite_ufo3/runs/qwen3.7-plus-core200-20260829/mdcbench_lite_v1/run_01/046_linux_android_1851/config/task.json,/Users/Admin/home/MDC_Benchmark_lite_ufo3/runs/qwen3.7-plus-core200-20260829/mdcbench_lite_v1/final_merged_status_after_infrastructure_repairs.json
qwen3.7-plus,47,linux_android_1365,linux_android,2A+1L,run_01,/Users/Admin/home/MDC_Benchmark_lite_ufo3/runs/qwen3.7-plus-core200-20260829/mdcbench_lite_v1/run_01/047_linux_android_1365,sha256:c15fbd6afd887efed7e0ad879810f5930406f3c53cc51172d27c7d8c137b270b,final_merged_selected_attempt,FAIL,FAIL,lifecycle_valid,0.5,0.5,selected_attempt_evaluator_trace,33,553.474,done,model_behavior,3,android+linux,linux_0+android_0+android_1,/Users/Admin/home/MDC_Benchmark_lite_ufo3/runs/qwen3.7-plus-core200-20260829/mdcbench_lite_v1/run_01/047_linux_android_1365/config/task.json,/Users/Admin/home/MDC_Benchmark_lite_ufo3/runs/qwen3.7-plus-core200-20260829/mdcbench_lite_v1/final_merged_status_after_infrastructure_repairs.json
qwen3.7-plus,48,linux_android_1853,linux_android,android_0+android_1+linux_0,repair_01,/Users/Admin/home/MDC_Benchmark_lite_ufo3/runs/qwen3.7-plus-core200-20260829/mdcbench_lite_v1/repair_01/048_linux_android_1853,sha256:62c0e8835c65c50a0796822496a25d78b138381fe337b03b38d467550856b244,final_merged_infrastructure_repair:lite_48,INFRASTRUCTURE_INVALID,FAIL,lifecycle_valid,,0.5,official_repair_attempt_evaluator_trace,22,1845.924,time_limit,timeout,3,android+linux,android_0+android_1+linux_0,/Users/Admin/home/MDC_Benchmark_lite_ufo3/runs/qwen3.7-plus-core200-20260829/mdcbench_lite_v1/repair_01/048_linux_android_1853/config/task.json,/Users/Admin/home/MDC_Benchmark_lite_ufo3/runs/qwen3.7-plus-core200-20260829/mdcbench_lite_v1/final_merged_status_after_infrastructure_repairs.json
qwen3.7-plus,49,linux_android_1185,linux_android,2A+2L,run_01,/Users/Admin/home/MDC_Benchmark_lite_ufo3/runs/qwen3.7-plus-core200-20260829/mdcbench_lite_v1/run_01/049_linux_android_1185,sha256:cc0f5449f563307b95bf3733e9276e781b2d6d5db768b6534278049e854b3d83,final_merged_selected_attempt,FAIL,FAIL,lifecycle_valid,0.3333333333333333,0.3333333333333333,selected_attempt_evaluator_trace,50,1478.088,max_steps,timeout,4,android+linux,linux_0+linux_1+android_0+android_1,/Users/Admin/home/MDC_Benchmark_lite_ufo3/runs/qwen3.7-plus-core200-20260829/mdcbench_lite_v1/run_01/049_linux_android_1185/config/task.json,/Users/Admin/home/MDC_Benchmark_lite_ufo3/runs/qwen3.7-plus-core200-20260829/mdcbench_lite_v1/final_merged_status_after_infrastructure_repairs.json
qwen3.7-plus,50,linux_android_1217,linux_android,1A+2L,run_01,/Users/Admin/home/MDC_Benchmark_lite_ufo3/runs/qwen3.7-plus-core200-20260829/mdcbench_lite_v1/run_01/050_linux_android_1217,sha256:9a01ba267939ae4c2b0d343d023295fa58dad540b7501d371339f4eda471179d,final_merged_selected_attempt,FAIL,FAIL,lifecycle_valid,0.0,0.0,selected_attempt_evaluator_trace,50,886.577,max_steps,timeout,3,android+linux,linux_0+linux_1+android_0,/Users/Admin/home/MDC_Benchmark_lite_ufo3/runs/qwen3.7-plus-core200-20260829/mdcbench_lite_v1/run_01/050_linux_android_1217/config/task.json,/Users/Admin/home/MDC_Benchmark_lite_ufo3/runs/qwen3.7-plus-core200-20260829/mdcbench_lite_v1/final_merged_status_after_infrastructure_repairs.json
qwen3.7-plus,51,linux_android_1858,linux_android,android_0+linux_0+linux_1,run_01,/Users/Admin/home/MDC_Benchmark_lite_ufo3/runs/qwen3.7-plus-core200-20260829/mdcbench_lite_v1/run_01/051_linux_android_1858,sha256:664ea917ced7df68d52f4da68373b24fadd2b5220bb51c1b275366028249b571,final_merged_selected_attempt,FAIL,FAIL,lifecycle_valid,0.6666666666666666,0.6666666666666666,selected_attempt_evaluator_trace,5,313.52,done,model_behavior,3,android+linux,android_0+linux_0+linux_1,/Users/Admin/home/MDC_Benchmark_lite_ufo3/runs/qwen3.7-plus-core200-20260829/mdcbench_lite_v1/run_01/051_linux_android_1858/config/task.json,/Users/Admin/home/MDC_Benchmark_lite_ufo3/runs/qwen3.7-plus-core200-20260829/mdcbench_lite_v1/final_merged_status_after_infrastructure_repairs.json
qwen3.7-plus,52,linux_android_1181,linux_android,1A+1L,run_01,/Users/Admin/home/MDC_Benchmark_lite_ufo3/runs/qwen3.7-plus-core200-20260829/mdcbench_lite_v1/run_01/052_linux_android_1181,sha256:f623b5ef250d46d76c293349f5dfc3918bef6159b61db2f4cd7de2261360acf6,final_merged_selected_attempt,FAIL,FAIL,lifecycle_valid,0.0,0.0,selected_attempt_evaluator_trace,50,651.33,max_steps,timeout,2,android+linux,linux_0+android_0,/Users/Admin/home/MDC_Benchmark_lite_ufo3/runs/qwen3.7-plus-core200-20260829/mdcbench_lite_v1/run_01/052_linux_android_1181/config/task.json,/Users/Admin/home/MDC_Benchmark_lite_ufo3/runs/qwen3.7-plus-core200-20260829/mdcbench_lite_v1/final_merged_status_after_infrastructure_repairs.json
qwen3.7-plus,53,linux_android_1869,linux_android,android_0+android_1+linux_0+linux_1,run_01,/Users/Admin/home/MDC_Benchmark_lite_ufo3/runs/qwen3.7-plus-core200-20260829/mdcbench_lite_v1/run_01/053_linux_android_1869,sha256:ca0af96a1b404bd83a2edebc5f3267c9b43a163cc01dd1822a0662e7d8f86515,final_merged_selected_attempt,FAIL,FAIL,lifecycle_valid,0.5,0.5,selected_attempt_evaluator_trace,50,1830.664,time_limit,timeout,4,android+linux,android_0+android_1+linux_0+linux_1,/Users/Admin/home/MDC_Benchmark_lite_ufo3/runs/qwen3.7-plus-core200-20260829/mdcbench_lite_v1/run_01/053_linux_android_1869/config/task.json,/Users/Admin/home/MDC_Benchmark_lite_ufo3/runs/qwen3.7-plus-core200-20260829/mdcbench_lite_v1/final_merged_status_after_infrastructure_repairs.json
qwen3.7-plus,54,linux_android_943,linux_android,android_0+linux_0,run_01,/Users/Admin/home/MDC_Benchmark_lite_ufo3/runs/qwen3.7-plus-core200-20260829/mdcbench_lite_v1/run_01/054_linux_android_943,sha256:d1722f1b7445758459acd412d161aea5ce578add43a3fa7be0e028bebddcd689,final_merged_selected_attempt,FAIL,FAIL,lifecycle_valid,0.0,0.0,selected_attempt_evaluator_trace,50,806.879,max_steps,timeout,2,android+linux,android_0+linux_0,/Users/Admin/home/MDC_Benchmark_lite_ufo3/runs/qwen3.7-plus-core200-20260829/mdcbench_lite_v1/run_01/054_linux_android_943/config/task.json,/Users/Admin/home/MDC_Benchmark_lite_ufo3/runs/qwen3.7-plus-core200-20260829/mdcbench_lite_v1/final_merged_status_after_infrastructure_repairs.json
qwen3.7-plus,55,linux_android_1274,linux_android,2A+1L,run_01,/Users/Admin/home/MDC_Benchmark_lite_ufo3/runs/qwen3.7-plus-core200-20260829/mdcbench_lite_v1/run_01/055_linux_android_1274,sha256:289ef6491a7db9df16e74a926ae0d99babdaa21a680017f9c718230a84b79f6e,final_merged_selected_attempt,FAIL,FAIL,lifecycle_valid,0.6666666666666666,0.6666666666666666,selected_attempt_evaluator_trace,50,836.536,max_steps,timeout,3,android+linux,linux_0+android_0+android_1,/Users/Admin/home/MDC_Benchmark_lite_ufo3/runs/qwen3.7-plus-core200-20260829/mdcbench_lite_v1/run_01/055_linux_android_1274/config/task.json,/Users/Admin/home/MDC_Benchmark_lite_ufo3/runs/qwen3.7-plus-core200-20260829/mdcbench_lite_v1/final_merged_status_after_infrastructure_repairs.json
qwen3.7-plus,56,linux_android_1863,linux_android,android_0+android_1+linux_0+linux_1,run_01,/Users/Admin/home/MDC_Benchmark_lite_ufo3/runs/qwen3.7-plus-core200-20260829/mdcbench_lite_v1/run_01/056_linux_android_1863,sha256:6b9819f51e71ada60ea07cc021783f9cc041ac5515e80a82d2e75547c9cb6557,final_merged_selected_attempt,FAIL,FAIL,lifecycle_valid,0.0,0.0,selected_attempt_evaluator_trace,47,1837.128,time_limit,timeout,4,android+linux,android_0+android_1+linux_0+linux_1,/Users/Admin/home/MDC_Benchmark_lite_ufo3/runs/qwen3.7-plus-core200-20260829/mdcbench_lite_v1/run_01/056_linux_android_1863/config/task.json,/Users/Admin/home/MDC_Benchmark_lite_ufo3/runs/qwen3.7-plus-core200-20260829/mdcbench_lite_v1/final_merged_status_after_infrastructure_repairs.json
qwen3.7-plus,57,linux_android_1866,linux_android,android_0+android_1+linux_0+linux_1,run_01,/Users/Admin/home/MDC_Benchmark_lite_ufo3/runs/qwen3.7-plus-core200-20260829/mdcbench_lite_v1/run_01/057_linux_android_1866,sha256:ee6cad3e0a5029110f4d1ddff32ad8e58fef0be459ed9e4fe336a220ff3307d4,final_merged_selected_attempt,FAIL,FAIL,lifecycle_valid,0.0,0.0,selected_attempt_evaluator_trace,32,1620.34,done,model_behavior,4,android+linux,android_0+android_1+linux_0+linux_1,/Users/Admin/home/MDC_Benchmark_lite_ufo3/runs/qwen3.7-plus-core200-20260829/mdcbench_lite_v1/run_01/057_linux_android_1866/config/task.json,/Users/Admin/home/MDC_Benchmark_lite_ufo3/runs/qwen3.7-plus-core200-20260829/mdcbench_lite_v1/final_merged_status_after_infrastructure_repairs.json
qwen3.7-plus,58,linux_android_997,linux_android,android_0+android_1+linux_0,run_01,/Users/Admin/home/MDC_Benchmark_lite_ufo3/runs/qwen3.7-plus-core200-20260829/mdcbench_lite_v1/run_01/058_linux_android_997,sha256:70a06b8ffa8f3e8fe25bfb9bf4176fc3271290f7781399cba0858cbbeb560b2c,final_merged_selected_attempt,FAIL,FAIL,lifecycle_valid,0.0,0.0,selected_attempt_evaluator_trace,38,1933.453,time_limit,timeout,3,android+linux,android_0+android_1+linux_0,/Users/Admin/home/MDC_Benchmark_lite_ufo3/runs/qwen3.7-plus-core200-20260829/mdcbench_lite_v1/run_01/058_linux_android_997/config/task.json,/Users/Admin/home/MDC_Benchmark_lite_ufo3/runs/qwen3.7-plus-core200-20260829/mdcbench_lite_v1/final_merged_status_after_infrastructure_repairs.json
qwen3.7-plus,59,linux_android_947,linux_android,android_0+linux_0+linux_1,run_01,/Users/Admin/home/MDC_Benchmark_lite_ufo3/runs/qwen3.7-plus-core200-20260829/mdcbench_lite_v1/run_01/059_linux_android_947,sha256:29c56cb9ba8a561ae1ef79709124f925ecaeeb25e857c01bf2a0aa82fd91c3c8,final_merged_selected_attempt,FAIL,FAIL,lifecycle_valid,0.0,0.0,selected_attempt_evaluator_trace,38,1470.179,done,model_behavior,3,android+linux,android_0+linux_0+linux_1,/Users/Admin/home/MDC_Benchmark_lite_ufo3/runs/qwen3.7-plus-core200-20260829/mdcbench_lite_v1/run_01/059_linux_android_947/config/task.json,/Users/Admin/home/MDC_Benchmark_lite_ufo3/runs/qwen3.7-plus-core200-20260829/mdcbench_lite_v1/final_merged_status_after_infrastructure_repairs.json
qwen3.7-plus,60,linux_android_1080,linux_android,android_0+android_1+linux_0,run_01,/Users/Admin/home/MDC_Benchmark_lite_ufo3/runs/qwen3.7-plus-core200-20260829/mdcbench_lite_v1/run_01/060_linux_android_1080,sha256:73606179d07e1ac591113081a2299b1c51b206bf47937a4bda9b16e3fbc5d7d9,final_merged_selected_attempt,FAIL,FAIL,lifecycle_valid,0.6666666666666666,0.6666666666666666,selected_attempt_evaluator_trace,45,1848.183,time_limit,timeout,3,android+linux,android_0+android_1+linux_0,/Users/Admin/home/MDC_Benchmark_lite_ufo3/runs/qwen3.7-plus-core200-20260829/mdcbench_lite_v1/run_01/060_linux_android_1080/config/task.json,/Users/Admin/home/MDC_Benchmark_lite_ufo3/runs/qwen3.7-plus-core200-20260829/mdcbench_lite_v1/final_merged_status_after_infrastructure_repairs.json
qwen3.7-plus,61,linux_android_1859,linux_android,android_0+android_1+linux_0+linux_1,run_01,/Users/Admin/home/MDC_Benchmark_lite_ufo3/runs/qwen3.7-plus-core200-20260829/mdcbench_lite_v1/run_01/061_linux_android_1859,sha256:cddc74abb1fc8ddc4962c923f33fd4f2ff10aaaf1d6198f0b3bd00803a742265,final_merged_selected_attempt,FAIL,FAIL,lifecycle_valid,0.0,0.0,selected_attempt_evaluator_trace,11,909.064,done,model_behavior,4,android+linux,android_0+android_1+linux_0+linux_1,/Users/Admin/home/MDC_Benchmark_lite_ufo3/runs/qwen3.7-plus-core200-20260829/mdcbench_lite_v1/run_01/061_linux_android_1859/config/task.json,/Users/Admin/home/MDC_Benchmark_lite_ufo3/runs/qwen3.7-plus-core200-20260829/mdcbench_lite_v1/final_merged_status_after_infrastructure_repairs.json
qwen3.7-plus,62,linux_android_905,linux_android,android_0+linux_0+linux_1,run_01,/Users/Admin/home/MDC_Benchmark_lite_ufo3/runs/qwen3.7-plus-core200-20260829/mdcbench_lite_v1/run_01/062_linux_android_905,sha256:241fc089a135766674599a0fe390dc7533443741414dcdb0bf3abc405a6ce2c6,final_merged_selected_attempt,FAIL,FAIL,lifecycle_valid,0.0,0.0,selected_attempt_evaluator_trace,50,1734.028,max_steps,timeout,3,android+linux,android_0+linux_0+linux_1,/Users/Admin/home/MDC_Benchmark_lite_ufo3/runs/qwen3.7-plus-core200-20260829/mdcbench_lite_v1/run_01/062_linux_android_905/config/task.json,/Users/Admin/home/MDC_Benchmark_lite_ufo3/runs/qwen3.7-plus-core200-20260829/mdcbench_lite_v1/final_merged_status_after_infrastructure_repairs.json
qwen3.7-plus,63,linux_android_1264,linux_android,1A+1L,run_01,/Users/Admin/home/MDC_Benchmark_lite_ufo3/runs/qwen3.7-plus-core200-20260829/mdcbench_lite_v1/run_01/063_linux_android_1264,sha256:26e02e6ad457ebe65e2adf894997d037432b9fc884adf8a8836c55f11aace6e1,final_merged_selected_attempt,FAIL,FAIL,lifecycle_valid,0.0,0.0,selected_attempt_evaluator_trace,50,1749.517,max_steps,timeout,2,android+linux,linux_0+android_0,/Users/Admin/home/MDC_Benchmark_lite_ufo3/runs/qwen3.7-plus-core200-20260829/mdcbench_lite_v1/run_01/063_linux_android_1264/config/task.json,/Users/Admin/home/MDC_Benchmark_lite_ufo3/runs/qwen3.7-plus-core200-20260829/mdcbench_lite_v1/final_merged_status_after_infrastructure_repairs.json
qwen3.7-plus,64,linux_android_1037,linux_android,android_0+android_1+linux_0,run_01,/Users/Admin/home/MDC_Benchmark_lite_ufo3/runs/qwen3.7-plus-core200-20260829/mdcbench_lite_v1/run_01/064_linux_android_1037,sha256:f321ec852998ef37de4ee1fd61ffbfe32510e8fe42b8e31012da66c215c37136,final_merged_selected_attempt,FAIL,FAIL,lifecycle_valid,0.0,0.0,selected_attempt_evaluator_trace,27,1845.082,time_limit,timeout,3,android+linux,android_0+android_1+linux_0,/Users/Admin/home/MDC_Benchmark_lite_ufo3/runs/qwen3.7-plus-core200-20260829/mdcbench_lite_v1/run_01/064_linux_android_1037/config/task.json,/Users/Admin/home/MDC_Benchmark_lite_ufo3/runs/qwen3.7-plus-core200-20260829/mdcbench_lite_v1/final_merged_status_after_infrastructure_repairs.json
qwen3.7-plus,65,linux_android_1314,linux_android,1A+1L,run_01,/Users/Admin/home/MDC_Benchmark_lite_ufo3/runs/qwen3.7-plus-core200-20260829/mdcbench_lite_v1/run_01/065_linux_android_1314,sha256:4976748c8e40d5c1b38a743ae93226607d32c1e7936b410f697746853a38ba19,final_merged_selected_attempt,PASS,PASS,lifecycle_valid,1.0,1.0,selected_attempt_evaluator_trace,5,244.142,done,passed,2,android+linux,linux_0+android_0,/Users/Admin/home/MDC_Benchmark_lite_ufo3/runs/qwen3.7-plus-core200-20260829/mdcbench_lite_v1/run_01/065_linux_android_1314/config/task.json,/Users/Admin/home/MDC_Benchmark_lite_ufo3/runs/qwen3.7-plus-core200-20260829/mdcbench_lite_v1/final_merged_status_after_infrastructure_repairs.json
qwen3.7-plus,66,linux_android_1034,linux_android,android_0+android_1+linux_0+linux_1,run_01,/Users/Admin/home/MDC_Benchmark_lite_ufo3/runs/qwen3.7-plus-core200-20260829/mdcbench_lite_v1/run_01/066_linux_android_1034,sha256:6fcc050ec2c38cd4eea0a1ed84872819893e96d5005bdbc08272b314f3a4660f,final_merged_selected_attempt,FAIL,FAIL,lifecycle_valid,0.25,0.25,selected_attempt_evaluator_trace,25,1920.429,time_limit,timeout,4,android+linux,android_0+android_1+linux_0+linux_1,/Users/Admin/home/MDC_Benchmark_lite_ufo3/runs/qwen3.7-plus-core200-20260829/mdcbench_lite_v1/run_01/066_linux_android_1034/config/task.json,/Users/Admin/home/MDC_Benchmark_lite_ufo3/runs/qwen3.7-plus-core200-20260829/mdcbench_lite_v1/final_merged_status_after_infrastructure_repairs.json
qwen3.7-plus,67,linux_android_1307,linux_android,1A+1L,run_01,/Users/Admin/home/MDC_Benchmark_lite_ufo3/runs/qwen3.7-plus-core200-20260829/mdcbench_lite_v1/run_01/067_linux_android_1307,sha256:ee3e3e4105bbe7a3f1c0972304e212490dc0aa2d0a9c524c9482a4de69fcff64,final_merged_selected_attempt,PASS,PASS,lifecycle_valid,1.0,1.0,selected_attempt_evaluator_trace,8,456.326,done,passed,2,android+linux,linux_0+android_0,/Users/Admin/home/MDC_Benchmark_lite_ufo3/runs/qwen3.7-plus-core200-20260829/mdcbench_lite_v1/run_01/067_linux_android_1307/config/task.json,/Users/Admin/home/MDC_Benchmark_lite_ufo3/runs/qwen3.7-plus-core200-20260829/mdcbench_lite_v1/final_merged_status_after_infrastructure_repairs.json
qwen3.7-plus,68,linux_android_1252,linux_android,1A+2L,run_01,/Users/Admin/home/MDC_Benchmark_lite_ufo3/runs/qwen3.7-plus-core200-20260829/mdcbench_lite_v1/run_01/068_linux_android_1252,sha256:f0b2c7d3199d1e8327f828885bbd2532b7456002e445fc10bcca9b56ba8eda7f,final_merged_selected_attempt,PASS,PASS,lifecycle_valid,1.0,1.0,selected_attempt_evaluator_trace,4,312.519,done,passed,3,android+linux,linux_0+linux_1+android_0,/Users/Admin/home/MDC_Benchmark_lite_ufo3/runs/qwen3.7-plus-core200-20260829/mdcbench_lite_v1/run_01/068_linux_android_1252/config/task.json,/Users/Admin/home/MDC_Benchmark_lite_ufo3/runs/qwen3.7-plus-core200-20260829/mdcbench_lite_v1/final_merged_status_after_infrastructure_repairs.json
qwen3.7-plus,69,linux_android_1183,linux_android,1A+1L,run_01,/Users/Admin/home/MDC_Benchmark_lite_ufo3/runs/qwen3.7-plus-core200-20260829/mdcbench_lite_v1/run_01/069_linux_android_1183,sha256:0163150eea65f5e4a1e90c2595c20ca0546575066209fa4d27724afadcea492e,final_merged_selected_attempt,PASS,PASS,lifecycle_valid,1.0,1.0,selected_attempt_evaluator_trace,4,238.589,done,passed,2,android+linux,linux_0+android_0,/Users/Admin/home/MDC_Benchmark_lite_ufo3/runs/qwen3.7-plus-core200-20260829/mdcbench_lite_v1/run_01/069_linux_android_1183/config/task.json,/Users/Admin/home/MDC_Benchmark_lite_ufo3/runs/qwen3.7-plus-core200-20260829/mdcbench_lite_v1/final_merged_status_after_infrastructure_repairs.json
qwen3.7-plus,70,linux_android_1234,linux_android,1A+1L,run_01,/Users/Admin/home/MDC_Benchmark_lite_ufo3/runs/qwen3.7-plus-core200-20260829/mdcbench_lite_v1/run_01/070_linux_android_1234,sha256:f1a7dbf74739af1c9ad720e19f85d7fcf29ba983411f48f55d1f5543b8ae53fe,final_merged_selected_attempt,PASS,PASS,lifecycle_valid,1.0,1.0,selected_attempt_evaluator_trace,5,270.195,done,passed,2,android+linux,linux_0+android_0,/Users/Admin/home/MDC_Benchmark_lite_ufo3/runs/qwen3.7-plus-core200-20260829/mdcbench_lite_v1/run_01/070_linux_android_1234/config/task.json,/Users/Admin/home/MDC_Benchmark_lite_ufo3/runs/qwen3.7-plus-core200-20260829/mdcbench_lite_v1/final_merged_status_after_infrastructure_repairs.json
qwen3.7-plus,71,linux_android_1828,linux_android,android_0+linux_0,run_01,/Users/Admin/home/MDC_Benchmark_lite_ufo3/runs/qwen3.7-plus-core200-20260829/mdcbench_lite_v1/run_01/071_linux_android_1828,sha256:cfbece216a427b40e5aded1f3bef539f52354af46b7acb4a183725af58319346,final_merged_selected_attempt,FAIL,FAIL,lifecycle_valid,0.0,0.0,selected_attempt_evaluator_trace,37,1826.542,time_limit,timeout,2,android+linux,android_0+linux_0,/Users/Admin/home/MDC_Benchmark_lite_ufo3/runs/qwen3.7-plus-core200-20260829/mdcbench_lite_v1/run_01/071_linux_android_1828/config/task.json,/Users/Admin/home/MDC_Benchmark_lite_ufo3/runs/qwen3.7-plus-core200-20260829/mdcbench_lite_v1/final_merged_status_after_infrastructure_repairs.json
qwen3.7-plus,72,linux_android_1312,linux_android,1A+1L,run_01,/Users/Admin/home/MDC_Benchmark_lite_ufo3/runs/qwen3.7-plus-core200-20260829/mdcbench_lite_v1/run_01/072_linux_android_1312,sha256:6021bc9a5ee6688118b3a2f26038997c345afca4f38bcbcdc9e9c6c76327b866,final_merged_selected_attempt,FAIL,FAIL,lifecycle_valid,0.0,0.0,selected_attempt_evaluator_trace,4,429.9,done,model_behavior,2,android+linux,linux_0+android_0,/Users/Admin/home/MDC_Benchmark_lite_ufo3/runs/qwen3.7-plus-core200-20260829/mdcbench_lite_v1/run_01/072_linux_android_1312/config/task.json,/Users/Admin/home/MDC_Benchmark_lite_ufo3/runs/qwen3.7-plus-core200-20260829/mdcbench_lite_v1/final_merged_status_after_infrastructure_repairs.json
qwen3.7-plus,73,linux_android_1270,linux_android,1A+2L,run_01,/Users/Admin/home/MDC_Benchmark_lite_ufo3/runs/qwen3.7-plus-core200-20260829/mdcbench_lite_v1/run_01/073_linux_android_1270,sha256:9a7a3c2cecbb7295082f7e76f766cda4f8fc629f5db8d2d0b3ce11083701717b,final_merged_selected_attempt,PASS,PASS,lifecycle_valid,1.0,1.0,selected_attempt_evaluator_trace,18,780.661,done,passed,3,android+linux,linux_0+linux_1+android_0,/Users/Admin/home/MDC_Benchmark_lite_ufo3/runs/qwen3.7-plus-core200-20260829/mdcbench_lite_v1/run_01/073_linux_android_1270/config/task.json,/Users/Admin/home/MDC_Benchmark_lite_ufo3/runs/qwen3.7-plus-core200-20260829/mdcbench_lite_v1/final_merged_status_after_infrastructure_repairs.json
qwen3.7-plus,74,linux_android_1208,linux_android,1A+1L,run_01,/Users/Admin/home/MDC_Benchmark_lite_ufo3/runs/qwen3.7-plus-core200-20260829/mdcbench_lite_v1/run_01/074_linux_android_1208,sha256:3e8be0a5851bca8e525f2629f10abf0fc3170992eaabeff3e9b1d0b117175e9f,final_merged_selected_attempt,PASS,PASS,lifecycle_valid,1.0,1.0,selected_attempt_evaluator_trace,9,331.927,done,passed,2,android+linux,linux_0+android_0,/Users/Admin/home/MDC_Benchmark_lite_ufo3/runs/qwen3.7-plus-core200-20260829/mdcbench_lite_v1/run_01/074_linux_android_1208/config/task.json,/Users/Admin/home/MDC_Benchmark_lite_ufo3/runs/qwen3.7-plus-core200-20260829/mdcbench_lite_v1/final_merged_status_after_infrastructure_repairs.json
qwen3.7-plus,75,linux_android_1354,linux_android,1A+2L,run_01,/Users/Admin/home/MDC_Benchmark_lite_ufo3/runs/qwen3.7-plus-core200-20260829/mdcbench_lite_v1/run_01/075_linux_android_1354,sha256:6941c698906b2807688c78f3f749de90e1a21f9183aeb3db49dc5d343a319fbb,final_merged_selected_attempt,PASS,PASS,lifecycle_valid,1.0,1.0,selected_attempt_evaluator_trace,4,323.59,done,passed,3,android+linux,linux_0+linux_1+android_0,/Users/Admin/home/MDC_Benchmark_lite_ufo3/runs/qwen3.7-plus-core200-20260829/mdcbench_lite_v1/run_01/075_linux_android_1354/config/task.json,/Users/Admin/home/MDC_Benchmark_lite_ufo3/runs/qwen3.7-plus-core200-20260829/mdcbench_lite_v1/final_merged_status_after_infrastructure_repairs.json
qwen3.7-plus,76,linux_android_smarthome_474,linux_android_smarthome,2A+1L+1H,run_01,/Users/Admin/home/MDC_Benchmark_lite_ufo3/runs/qwen3.7-plus-core200-20260829/mdcbench_lite_v1/run_01/076_linux_android_smarthome_474,sha256:4fa2374d17a41bea71926952116ba5104177a7ed9e2e9267443b6876ea3fb2be,final_merged_selected_attempt,PASS,PASS,lifecycle_valid,1.0,1.0,selected_attempt_evaluator_trace,3,328.153,done,passed,4,android+home+linux,linux_0+android_0+android_1+home_0,/Users/Admin/home/MDC_Benchmark_lite_ufo3/runs/qwen3.7-plus-core200-20260829/mdcbench_lite_v1/run_01/076_linux_android_smarthome_474/config/task.json,/Users/Admin/home/MDC_Benchmark_lite_ufo3/runs/qwen3.7-plus-core200-20260829/mdcbench_lite_v1/final_merged_status_after_infrastructure_repairs.json
qwen3.7-plus,77,linux_android_smarthome_161,linux_android_smarthome,1A+1L+1H,run_01,/Users/Admin/home/MDC_Benchmark_lite_ufo3/runs/qwen3.7-plus-core200-20260829/mdcbench_lite_v1/run_01/077_linux_android_smarthome_161,sha256:0fd2849f43efce251ff96599792a8e9f2e1d62766d5f33917a1f99f920f9d9e5,final_merged_selected_attempt,FAIL,FAIL,lifecycle_valid,0.5,0.5,selected_attempt_evaluator_trace,44,1857.304,time_limit,timeout,3,android+home+linux,linux_0+android_0+home_0,/Users/Admin/home/MDC_Benchmark_lite_ufo3/runs/qwen3.7-plus-core200-20260829/mdcbench_lite_v1/run_01/077_linux_android_smarthome_161/config/task.json,/Users/Admin/home/MDC_Benchmark_lite_ufo3/runs/qwen3.7-plus-core200-20260829/mdcbench_lite_v1/final_merged_status_after_infrastructure_repairs.json
qwen3.7-plus,78,linux_android_smarthome_614,linux_android_smarthome,2A+1L+1H,run_01,/Users/Admin/home/MDC_Benchmark_lite_ufo3/runs/qwen3.7-plus-core200-20260829/mdcbench_lite_v1/run_01/078_linux_android_smarthome_614,sha256:db6709107a36351bc03846387fccf8cb87ae40f9890e7a8c9867248a5f7d2c88,final_merged_selected_attempt,FAIL,FAIL,lifecycle_valid,0.5,0.5,selected_attempt_evaluator_trace,25,1816.321,time_limit,timeout,4,android+home+linux,linux_0+android_0+android_1+home_0,/Users/Admin/home/MDC_Benchmark_lite_ufo3/runs/qwen3.7-plus-core200-20260829/mdcbench_lite_v1/run_01/078_linux_android_smarthome_614/config/task.json,/Users/Admin/home/MDC_Benchmark_lite_ufo3/runs/qwen3.7-plus-core200-20260829/mdcbench_lite_v1/final_merged_status_after_infrastructure_repairs.json
qwen3.7-plus,79,linux_android_smarthome_466,linux_android_smarthome,2A+1L+1H,run_01,/Users/Admin/home/MDC_Benchmark_lite_ufo3/runs/qwen3.7-plus-core200-20260829/mdcbench_lite_v1/run_01/079_linux_android_smarthome_466,sha256:0359cd2f0df0e344c06d1af70a03f948857df71fe4cc1b01a54894d76363095f,final_merged_selected_attempt,FAIL,FAIL,lifecycle_valid,0.5,0.5,selected_attempt_evaluator_trace,34,1810.794,time_limit,timeout,4,android+home+linux,linux_0+android_0+android_1+home_0,/Users/Admin/home/MDC_Benchmark_lite_ufo3/runs/qwen3.7-plus-core200-20260829/mdcbench_lite_v1/run_01/079_linux_android_smarthome_466/config/task.json,/Users/Admin/home/MDC_Benchmark_lite_ufo3/runs/qwen3.7-plus-core200-20260829/mdcbench_lite_v1/final_merged_status_after_infrastructure_repairs.json
qwen3.7-plus,80,linux_android_smarthome_696,linux_android_smarthome,1A+1L+1H,run_01,/Users/Admin/home/MDC_Benchmark_lite_ufo3/runs/qwen3.7-plus-core200-20260829/mdcbench_lite_v1/run_01/080_linux_android_smarthome_696,sha256:dcf252a44ff9fc078282bb6e054d046ebad97ae8a92f7deecf02f33bef62980f,final_merged_selected_attempt,FAIL,FAIL,lifecycle_valid,0.0,0.0,selected_attempt_evaluator_trace,48,1831.321,time_limit,timeout,3,android+home+linux,linux_0+android_0+home_0,/Users/Admin/home/MDC_Benchmark_lite_ufo3/runs/qwen3.7-plus-core200-20260829/mdcbench_lite_v1/run_01/080_linux_android_smarthome_696/config/task.json,/Users/Admin/home/MDC_Benchmark_lite_ufo3/runs/qwen3.7-plus-core200-20260829/mdcbench_lite_v1/final_merged_status_after_infrastructure_repairs.json
qwen3.7-plus,81,linux_android_smarthome_897,linux_android_smarthome,1A+2L+1H,run_01,/Users/Admin/home/MDC_Benchmark_lite_ufo3/runs/qwen3.7-plus-core200-20260829/mdcbench_lite_v1/run_01/081_linux_android_smarthome_897,sha256:e421ecf518aa8c4a2bdf5a0f6281f8e99c08b5fe6dd6cf8dd569ecc3e0414e0b,final_merged_selected_attempt,FAIL,FAIL,lifecycle_valid,0.0,0.0,selected_attempt_evaluator_trace,36,1825.18,time_limit,timeout,4,android+home+linux,linux_0+linux_1+android_0+home_0,/Users/Admin/home/MDC_Benchmark_lite_ufo3/runs/qwen3.7-plus-core200-20260829/mdcbench_lite_v1/run_01/081_linux_android_smarthome_897/config/task.json,/Users/Admin/home/MDC_Benchmark_lite_ufo3/runs/qwen3.7-plus-core200-20260829/mdcbench_lite_v1/final_merged_status_after_infrastructure_repairs.json
qwen3.7-plus,82,linux_android_smarthome_271,linux_android_smarthome,1A+1L+1H,run_01,/Users/Admin/home/MDC_Benchmark_lite_ufo3/runs/qwen3.7-plus-core200-20260829/mdcbench_lite_v1/run_01/082_linux_android_smarthome_271,sha256:90c7433aa3273bfbbbc0746506898c7aad56166535c80af1f71d9080b81f206a,final_merged_selected_attempt,FAIL,FAIL,lifecycle_valid,0.6666666666666666,0.6666666666666666,selected_attempt_evaluator_trace,50,1648.922,max_steps,timeout,3,android+home+linux,linux_0+android_0+home_0,/Users/Admin/home/MDC_Benchmark_lite_ufo3/runs/qwen3.7-plus-core200-20260829/mdcbench_lite_v1/run_01/082_linux_android_smarthome_271/config/task.json,/Users/Admin/home/MDC_Benchmark_lite_ufo3/runs/qwen3.7-plus-core200-20260829/mdcbench_lite_v1/final_merged_status_after_infrastructure_repairs.json
qwen3.7-plus,83,linux_android_smarthome_288,linux_android_smarthome,1A+1L+1H,run_01,/Users/Admin/home/MDC_Benchmark_lite_ufo3/runs/qwen3.7-plus-core200-20260829/mdcbench_lite_v1/run_01/083_linux_android_smarthome_288,sha256:69686370543ce9563b42a844f99fca4f6f65f013a9f0f51b5e5cb46f928ed9f6,final_merged_selected_attempt,FAIL,FAIL,lifecycle_valid,0.6666666666666666,0.6666666666666666,selected_attempt_evaluator_trace,31,1120.85,done,model_behavior,3,android+home+linux,linux_0+android_0+home_0,/Users/Admin/home/MDC_Benchmark_lite_ufo3/runs/qwen3.7-plus-core200-20260829/mdcbench_lite_v1/run_01/083_linux_android_smarthome_288/config/task.json,/Users/Admin/home/MDC_Benchmark_lite_ufo3/runs/qwen3.7-plus-core200-20260829/mdcbench_lite_v1/final_merged_status_after_infrastructure_repairs.json
qwen3.7-plus,84,linux_android_smarthome_475,linux_android_smarthome,2A+1L+1H,run_01,/Users/Admin/home/MDC_Benchmark_lite_ufo3/runs/qwen3.7-plus-core200-20260829/mdcbench_lite_v1/run_01/084_linux_android_smarthome_475,sha256:7e6c3ac1e13f792829bdb4c1dd432e845bc25d11089c9e056a725c26ffe34301,final_merged_selected_attempt,FAIL,FAIL,lifecycle_valid,0.6666666666666666,0.6666666666666666,selected_attempt_evaluator_trace,50,1850.769,time_limit,timeout,4,android+home+linux,linux_0+android_0+android_1+home_0,/Users/Admin/home/MDC_Benchmark_lite_ufo3/runs/qwen3.7-plus-core200-20260829/mdcbench_lite_v1/run_01/084_linux_android_smarthome_475/config/task.json,/Users/Admin/home/MDC_Benchmark_lite_ufo3/runs/qwen3.7-plus-core200-20260829/mdcbench_lite_v1/final_merged_status_after_infrastructure_repairs.json
qwen3.7-plus,85,linux_android_smarthome_792,linux_android_smarthome,1A+1L+1H,run_01,/Users/Admin/home/MDC_Benchmark_lite_ufo3/runs/qwen3.7-plus-core200-20260829/mdcbench_lite_v1/run_01/085_linux_android_smarthome_792,sha256:7330c3c10d14d163b3d4fb4980a5f3db84a02a358bf9d1883fa1fc1c66b9ac5c,final_merged_selected_attempt,FAIL,FAIL,lifecycle_valid,0.5,0.5,selected_attempt_evaluator_trace,50,1469.605,max_steps,timeout,3,android+home+linux,linux_0+android_0+home_0,/Users/Admin/home/MDC_Benchmark_lite_ufo3/runs/qwen3.7-plus-core200-20260829/mdcbench_lite_v1/run_01/085_linux_android_smarthome_792/config/task.json,/Users/Admin/home/MDC_Benchmark_lite_ufo3/runs/qwen3.7-plus-core200-20260829/mdcbench_lite_v1/final_merged_status_after_infrastructure_repairs.json
qwen3.7-plus,86,linux_android_smarthome_104,linux_android_smarthome,1A+1L+1H,run_01,/Users/Admin/home/MDC_Benchmark_lite_ufo3/runs/qwen3.7-plus-core200-20260829/mdcbench_lite_v1/run_01/086_linux_android_smarthome_104,sha256:63636e27514248ca7bf8f47e9c4b056a8bfdc47b106a6b4d5bd5e0cfdfef83f5,final_merged_selected_attempt,FAIL,FAIL,lifecycle_valid,0.0,0.0,selected_attempt_evaluator_trace,29,1813.861,time_limit,timeout,3,android+home+linux,linux_0+android_0+home_0,/Users/Admin/home/MDC_Benchmark_lite_ufo3/runs/qwen3.7-plus-core200-20260829/mdcbench_lite_v1/run_01/086_linux_android_smarthome_104/config/task.json,/Users/Admin/home/MDC_Benchmark_lite_ufo3/runs/qwen3.7-plus-core200-20260829/mdcbench_lite_v1/final_merged_status_after_infrastructure_repairs.json
qwen3.7-plus,87,linux_android_smarthome_029,linux_android_smarthome,1A+1L+1H,run_01,/Users/Admin/home/MDC_Benchmark_lite_ufo3/runs/qwen3.7-plus-core200-20260829/mdcbench_lite_v1/run_01/087_linux_android_smarthome_029,sha256:0370bc0158cb50c0bb3a07ee266b0c9c353b58b2dde2a5dd19ff040a07dab310,final_merged_selected_attempt,FAIL,FAIL,lifecycle_valid,0.5,0.5,selected_attempt_evaluator_trace,50,1356.188,max_steps,timeout,3,android+home+linux,linux_0+android_0+home_0,/Users/Admin/home/MDC_Benchmark_lite_ufo3/runs/qwen3.7-plus-core200-20260829/mdcbench_lite_v1/run_01/087_linux_android_smarthome_029/config/task.json,/Users/Admin/home/MDC_Benchmark_lite_ufo3/runs/qwen3.7-plus-core200-20260829/mdcbench_lite_v1/final_merged_status_after_infrastructure_repairs.json
qwen3.7-plus,88,linux_android_smarthome_113,linux_android_smarthome,1A+1L+1H,run_01,/Users/Admin/home/MDC_Benchmark_lite_ufo3/runs/qwen3.7-plus-core200-20260829/mdcbench_lite_v1/run_01/088_linux_android_smarthome_113,sha256:86a3eaa8ce00d2737c6b4126ca513c3df1ee279c28e6494e5626c46eb67c0114,final_merged_selected_attempt,FAIL,FAIL,lifecycle_valid,0.0,0.0,selected_attempt_evaluator_trace,40,1837.482,time_limit,timeout,3,android+home+linux,linux_0+android_0+home_0,/Users/Admin/home/MDC_Benchmark_lite_ufo3/runs/qwen3.7-plus-core200-20260829/mdcbench_lite_v1/run_01/088_linux_android_smarthome_113/config/task.json,/Users/Admin/home/MDC_Benchmark_lite_ufo3/runs/qwen3.7-plus-core200-20260829/mdcbench_lite_v1/final_merged_status_after_infrastructure_repairs.json
qwen3.7-plus,89,linux_android_smarthome_025,linux_android_smarthome,1A+1L+1H,run_01,/Users/Admin/home/MDC_Benchmark_lite_ufo3/runs/qwen3.7-plus-core200-20260829/mdcbench_lite_v1/run_01/089_linux_android_smarthome_025,sha256:f5e1c567fbda8ff858dfab550ec4ec2e44b9d60d25a50c944963a40eb31ee000,final_merged_selected_attempt,FAIL,FAIL,lifecycle_valid,0.5,0.5,selected_attempt_evaluator_trace,39,1878.433,time_limit,timeout,3,android+home+linux,linux_0+android_0+home_0,/Users/Admin/home/MDC_Benchmark_lite_ufo3/runs/qwen3.7-plus-core200-20260829/mdcbench_lite_v1/run_01/089_linux_android_smarthome_025/config/task.json,/Users/Admin/home/MDC_Benchmark_lite_ufo3/runs/qwen3.7-plus-core200-20260829/mdcbench_lite_v1/final_merged_status_after_infrastructure_repairs.json
qwen3.7-plus,90,linux_android_smarthome_185,linux_android_smarthome,1A+1L+1H,run_01,/Users/Admin/home/MDC_Benchmark_lite_ufo3/runs/qwen3.7-plus-core200-20260829/mdcbench_lite_v1/run_01/090_linux_android_smarthome_185,sha256:bcbda76075e367524ff174470af69f53041600b2d6cc362eb0be0885c95f9f55,final_merged_selected_attempt,FAIL,FAIL,lifecycle_valid,0.6666666666666666,0.6666666666666666,selected_attempt_evaluator_trace,5,273.449,done,model_behavior,3,android+home+linux,linux_0+android_0+home_0,/Users/Admin/home/MDC_Benchmark_lite_ufo3/runs/qwen3.7-plus-core200-20260829/mdcbench_lite_v1/run_01/090_linux_android_smarthome_185/config/task.json,/Users/Admin/home/MDC_Benchmark_lite_ufo3/runs/qwen3.7-plus-core200-20260829/mdcbench_lite_v1/final_merged_status_after_infrastructure_repairs.json
qwen3.7-plus,91,linux_android_smarthome_002,linux_android_smarthome,1A+1L+1H,run_01,/Users/Admin/home/MDC_Benchmark_lite_ufo3/runs/qwen3.7-plus-core200-20260829/mdcbench_lite_v1/run_01/091_linux_android_smarthome_002,sha256:494d8d16a9aae2b1ffa86ba63a6fb8f179421bdd99d00cd77cebc65a7831a709,final_merged_selected_attempt,FAIL,FAIL,lifecycle_valid,0.0,0.0,selected_attempt_evaluator_trace,33,1845.744,time_limit,timeout,3,android+home+linux,linux_0+android_0+home_0,/Users/Admin/home/MDC_Benchmark_lite_ufo3/runs/qwen3.7-plus-core200-20260829/mdcbench_lite_v1/run_01/091_linux_android_smarthome_002/config/task.json,/Users/Admin/home/MDC_Benchmark_lite_ufo3/runs/qwen3.7-plus-core200-20260829/mdcbench_lite_v1/final_merged_status_after_infrastructure_repairs.json
qwen3.7-plus,92,linux_android_smarthome_077,linux_android_smarthome,1A+1L+1H,run_01,/Users/Admin/home/MDC_Benchmark_lite_ufo3/runs/qwen3.7-plus-core200-20260829/mdcbench_lite_v1/run_01/092_linux_android_smarthome_077,sha256:8bec191f0b69a853561609a81b25aa7eaa28b0259c329985a5ae329a7bff28ac,final_merged_selected_attempt,FAIL,FAIL,lifecycle_valid,0.6666666666666666,0.6666666666666666,selected_attempt_evaluator_trace,29,1874.71,time_limit,timeout,3,android+home+linux,linux_0+android_0+home_0,/Users/Admin/home/MDC_Benchmark_lite_ufo3/runs/qwen3.7-plus-core200-20260829/mdcbench_lite_v1/run_01/092_linux_android_smarthome_077/config/task.json,/Users/Admin/home/MDC_Benchmark_lite_ufo3/runs/qwen3.7-plus-core200-20260829/mdcbench_lite_v1/final_merged_status_after_infrastructure_repairs.json
qwen3.7-plus,93,linux_android_smarthome_338,linux_android_smarthome,2A+1L+1H,run_01,/Users/Admin/home/MDC_Benchmark_lite_ufo3/runs/qwen3.7-plus-core200-20260829/mdcbench_lite_v1/run_01/093_linux_android_smarthome_338,sha256:36994d76ea8a01b38b7825f604bc9a83a0671882fd873ada7ec571fb8c4818b8,final_merged_selected_attempt,FAIL,FAIL,lifecycle_valid,0.0,0.0,selected_attempt_evaluator_trace,37,1822.237,time_limit,timeout,4,android+home+linux,linux_0+android_0+android_1+home_0,/Users/Admin/home/MDC_Benchmark_lite_ufo3/runs/qwen3.7-plus-core200-20260829/mdcbench_lite_v1/run_01/093_linux_android_smarthome_338/config/task.json,/Users/Admin/home/MDC_Benchmark_lite_ufo3/runs/qwen3.7-plus-core200-20260829/mdcbench_lite_v1/final_merged_status_after_infrastructure_repairs.json
qwen3.7-plus,94,linux_android_smarthome_423,linux_android_smarthome,2A+1L+1H,run_01,/Users/Admin/home/MDC_Benchmark_lite_ufo3/runs/qwen3.7-plus-core200-20260829/mdcbench_lite_v1/run_01/094_linux_android_smarthome_423,sha256:869b8c487e965f5635f58866dbe83be32eba77fd1727b7c24fbaa065c78d6317,final_merged_selected_attempt,FAIL,FAIL,lifecycle_valid,0.5,0.5,selected_attempt_evaluator_trace,50,1802.533,max_steps,timeout,4,android+home+linux,linux_0+android_0+android_1+home_0,/Users/Admin/home/MDC_Benchmark_lite_ufo3/runs/qwen3.7-plus-core200-20260829/mdcbench_lite_v1/run_01/094_linux_android_smarthome_423/config/task.json,/Users/Admin/home/MDC_Benchmark_lite_ufo3/runs/qwen3.7-plus-core200-20260829/mdcbench_lite_v1/final_merged_status_after_infrastructure_repairs.json
qwen3.7-plus,95,linux_android_smarthome_005,linux_android_smarthome,1A+1L+1H,run_01,/Users/Admin/home/MDC_Benchmark_lite_ufo3/runs/qwen3.7-plus-core200-20260829/mdcbench_lite_v1/run_01/095_linux_android_smarthome_005,sha256:88a444272e98cb44647627428c3cd0c757f8e06ef54ef64a4a83802e90f4a8b9,final_merged_selected_attempt,FAIL,FAIL,lifecycle_valid,0.75,0.75,selected_attempt_evaluator_trace,29,1847.872,time_limit,timeout,3,android+home+linux,linux_0+android_0+home_0,/Users/Admin/home/MDC_Benchmark_lite_ufo3/runs/qwen3.7-plus-core200-20260829/mdcbench_lite_v1/run_01/095_linux_android_smarthome_005/config/task.json,/Users/Admin/home/MDC_Benchmark_lite_ufo3/runs/qwen3.7-plus-core200-20260829/mdcbench_lite_v1/final_merged_status_after_infrastructure_repairs.json
qwen3.7-plus,96,linux_android_smarthome_422,linux_android_smarthome,2A+1L+1H,run_01,/Users/Admin/home/MDC_Benchmark_lite_ufo3/runs/qwen3.7-plus-core200-20260829/mdcbench_lite_v1/run_01/096_linux_android_smarthome_422,sha256:657a444954a19c73db2b86e82ca12c9dc964639af868a04f17d481d7233cfcf5,final_merged_selected_attempt,FAIL,FAIL,lifecycle_valid,0.5,0.5,selected_attempt_evaluator_trace,50,1368.666,max_steps,timeout,4,android+home+linux,linux_0+android_0+android_1+home_0,/Users/Admin/home/MDC_Benchmark_lite_ufo3/runs/qwen3.7-plus-core200-20260829/mdcbench_lite_v1/run_01/096_linux_android_smarthome_422/config/task.json,/Users/Admin/home/MDC_Benchmark_lite_ufo3/runs/qwen3.7-plus-core200-20260829/mdcbench_lite_v1/final_merged_status_after_infrastructure_repairs.json
qwen3.7-plus,97,linux_android_smarthome_439,linux_android_smarthome,2A+1L+1H,run_01,/Users/Admin/home/MDC_Benchmark_lite_ufo3/runs/qwen3.7-plus-core200-20260829/mdcbench_lite_v1/run_01/097_linux_android_smarthome_439,sha256:c4c8c201fbf476e5e1f31a6d4391c91cfe9f7bc1ccecada7388300173daf42c6,final_merged_selected_attempt,FAIL,FAIL,lifecycle_valid,0.5,0.5,selected_attempt_evaluator_trace,48,1841.514,time_limit,timeout,4,android+home+linux,linux_0+android_0+android_1+home_0,/Users/Admin/home/MDC_Benchmark_lite_ufo3/runs/qwen3.7-plus-core200-20260829/mdcbench_lite_v1/run_01/097_linux_android_smarthome_439/config/task.json,/Users/Admin/home/MDC_Benchmark_lite_ufo3/runs/qwen3.7-plus-core200-20260829/mdcbench_lite_v1/final_merged_status_after_infrastructure_repairs.json
qwen3.7-plus,98,linux_android_smarthome_457,linux_android_smarthome,2A+1L+1H,run_01,/Users/Admin/home/MDC_Benchmark_lite_ufo3/runs/qwen3.7-plus-core200-20260829/mdcbench_lite_v1/run_01/098_linux_android_smarthome_457,sha256:b0983f2430e3a98147386d27a27c5666ac7b5b263a5ba5b80ffd187fd38e99e0,final_merged_selected_attempt,FAIL,FAIL,lifecycle_valid,0.0,0.0,selected_attempt_evaluator_trace,50,1599.815,max_steps,timeout,4,android+home+linux,linux_0+android_0+android_1+home_0,/Users/Admin/home/MDC_Benchmark_lite_ufo3/runs/qwen3.7-plus-core200-20260829/mdcbench_lite_v1/run_01/098_linux_android_smarthome_457/config/task.json,/Users/Admin/home/MDC_Benchmark_lite_ufo3/runs/qwen3.7-plus-core200-20260829/mdcbench_lite_v1/final_merged_status_after_infrastructure_repairs.json
qwen3.7-plus,99,linux_android_smarthome_609,linux_android_smarthome,2A+1L+1H,run_01,/Users/Admin/home/MDC_Benchmark_lite_ufo3/runs/qwen3.7-plus-core200-20260829/mdcbench_lite_v1/run_01/099_linux_android_smarthome_609,sha256:fb18c703a4b51d85ad3edbf8c9d0df02b53f73d4d2ba44b0e5e10c2420bb97df,final_merged_selected_attempt,FAIL,FAIL,lifecycle_valid,0.0,0.0,selected_attempt_evaluator_trace,50,1446.728,max_steps,timeout,4,android+home+linux,linux_0+android_0+android_1+home_0,/Users/Admin/home/MDC_Benchmark_lite_ufo3/runs/qwen3.7-plus-core200-20260829/mdcbench_lite_v1/run_01/099_linux_android_smarthome_609/config/task.json,/Users/Admin/home/MDC_Benchmark_lite_ufo3/runs/qwen3.7-plus-core200-20260829/mdcbench_lite_v1/final_merged_status_after_infrastructure_repairs.json
qwen3.7-plus,100,linux_android_smarthome_877,linux_android_smarthome,1A+2L+1H,run_01,/Users/Admin/home/MDC_Benchmark_lite_ufo3/runs/qwen3.7-plus-core200-20260829/mdcbench_lite_v1/run_01/100_linux_android_smarthome_877,sha256:7f01b1d673419d0f407e1f037f48e00ad64c8caa410c7901bc575f7650cb687f,final_merged_selected_attempt,FAIL,FAIL,lifecycle_valid,0.0,0.0,selected_attempt_evaluator_trace,50,1073.483,max_steps,timeout,4,android+home+linux,linux_0+linux_1+android_0+home_0,/Users/Admin/home/MDC_Benchmark_lite_ufo3/runs/qwen3.7-plus-core200-20260829/mdcbench_lite_v1/run_01/100_linux_android_smarthome_877/config/task.json,/Users/Admin/home/MDC_Benchmark_lite_ufo3/runs/qwen3.7-plus-core200-20260829/mdcbench_lite_v1/final_merged_status_after_infrastructure_repairs.json
qwen3.7-plus,101,linux_android_smarthome_472,linux_android_smarthome,2A+1L+1H,run_01,/Users/Admin/home/MDC_Benchmark_lite_ufo3/runs/qwen3.7-plus-core200-20260829/mdcbench_lite_v1/run_01/101_linux_android_smarthome_472,sha256:41c89281281b00ca4cce82a29e5acb94f13f72cc7887a8605f8640b14840913a,final_merged_selected_attempt,FAIL,FAIL,lifecycle_valid,0.5,0.5,selected_attempt_evaluator_trace,50,977.34,max_steps,timeout,4,android+home+linux,linux_0+android_0+android_1+home_0,/Users/Admin/home/MDC_Benchmark_lite_ufo3/runs/qwen3.7-plus-core200-20260829/mdcbench_lite_v1/run_01/101_linux_android_smarthome_472/config/task.json,/Users/Admin/home/MDC_Benchmark_lite_ufo3/runs/qwen3.7-plus-core200-20260829/mdcbench_lite_v1/final_merged_status_after_infrastructure_repairs.json
qwen3.7-plus,102,linux_android_smarthome_909,linux_android_smarthome,1A+2L+1H,run_01,/Users/Admin/home/MDC_Benchmark_lite_ufo3/runs/qwen3.7-plus-core200-20260829/mdcbench_lite_v1/run_01/102_linux_android_smarthome_909,sha256:0c8da5f90a6c6cc0aed46ae98ae3d2d2e5df00be66f5ad76e9eee13cb88ad9e9,final_merged_selected_attempt,FAIL,FAIL,lifecycle_valid,0.3333333333333333,0.3333333333333333,selected_attempt_evaluator_trace,50,871.041,max_steps,timeout,4,android+home+linux,linux_0+linux_1+android_0+home_0,/Users/Admin/home/MDC_Benchmark_lite_ufo3/runs/qwen3.7-plus-core200-20260829/mdcbench_lite_v1/run_01/102_linux_android_smarthome_909/config/task.json,/Users/Admin/home/MDC_Benchmark_lite_ufo3/runs/qwen3.7-plus-core200-20260829/mdcbench_lite_v1/final_merged_status_after_infrastructure_repairs.json
qwen3.7-plus,103,linux_android_smarthome_287,linux_android_smarthome,1A+1L+1H,run_01,/Users/Admin/home/MDC_Benchmark_lite_ufo3/runs/qwen3.7-plus-core200-20260829/mdcbench_lite_v1/run_01/103_linux_android_smarthome_287,sha256:3d66b5fb56c4e1eb02c031e3552423a08d2d0bba9b0e1278d46039e076f3f1df,final_merged_selected_attempt,FAIL,FAIL,lifecycle_valid,0.5,0.5,selected_attempt_evaluator_trace,44,728.948,done,model_behavior,3,android+home+linux,linux_0+android_0+home_0,/Users/Admin/home/MDC_Benchmark_lite_ufo3/runs/qwen3.7-plus-core200-20260829/mdcbench_lite_v1/run_01/103_linux_android_smarthome_287/config/task.json,/Users/Admin/home/MDC_Benchmark_lite_ufo3/runs/qwen3.7-plus-core200-20260829/mdcbench_lite_v1/final_merged_status_after_infrastructure_repairs.json
qwen3.7-plus,104,linux_android_smarthome_470,linux_android_smarthome,2A+1L+1H,run_01,/Users/Admin/home/MDC_Benchmark_lite_ufo3/runs/qwen3.7-plus-core200-20260829/mdcbench_lite_v1/run_01/104_linux_android_smarthome_470,sha256:651361d67253c4c2eb972f95b1630cbc6c0ccff7d69dc9e8e8da78c3af660863,final_merged_selected_attempt,FAIL,FAIL,lifecycle_valid,0.5,0.5,selected_attempt_evaluator_trace,50,966.153,max_steps,timeout,4,android+home+linux,linux_0+android_0+android_1+home_0,/Users/Admin/home/MDC_Benchmark_lite_ufo3/runs/qwen3.7-plus-core200-20260829/mdcbench_lite_v1/run_01/104_linux_android_smarthome_470/config/task.json,/Users/Admin/home/MDC_Benchmark_lite_ufo3/runs/qwen3.7-plus-core200-20260829/mdcbench_lite_v1/final_merged_status_after_infrastructure_repairs.json
qwen3.7-plus,105,linux_android_smarthome_941,linux_android_smarthome,1A+2L+1H,run_01,/Users/Admin/home/MDC_Benchmark_lite_ufo3/runs/qwen3.7-plus-core200-20260829/mdcbench_lite_v1/run_01/105_linux_android_smarthome_941,sha256:a8ada48bdeece6aee4377b8ee1425408bc35650b79e5a075a0dbf74e07cc5f28,final_merged_selected_attempt,FAIL,FAIL,lifecycle_valid,0.6666666666666666,0.6666666666666666,selected_attempt_evaluator_trace,50,1046.55,max_steps,timeout,4,android+home+linux,linux_0+linux_1+android_0+home_0,/Users/Admin/home/MDC_Benchmark_lite_ufo3/runs/qwen3.7-plus-core200-20260829/mdcbench_lite_v1/run_01/105_linux_android_smarthome_941/config/task.json,/Users/Admin/home/MDC_Benchmark_lite_ufo3/runs/qwen3.7-plus-core200-20260829/mdcbench_lite_v1/final_merged_status_after_infrastructure_repairs.json
qwen3.7-plus,106,linux_smarthome_454,linux_smarthome,linux_smarthome,run_01,/Users/Admin/home/MDC_Benchmark_lite_ufo3/runs/qwen3.7-plus-core200-20260829/mdcbench_lite_v1/run_01/106_linux_smarthome_454,sha256:85baa80d326f4806bd87cfeae7861b771e432786dc451254338ce7fa02615d4d,final_merged_selected_attempt,PASS,PASS,lifecycle_valid,1.0,1.0,selected_attempt_evaluator_trace,8,217.381,done,passed,2,home+linux,linux_0+home_0,/Users/Admin/home/MDC_Benchmark_lite_ufo3/runs/qwen3.7-plus-core200-20260829/mdcbench_lite_v1/run_01/106_linux_smarthome_454/config/task.json,/Users/Admin/home/MDC_Benchmark_lite_ufo3/runs/qwen3.7-plus-core200-20260829/mdcbench_lite_v1/final_merged_status_after_infrastructure_repairs.json
qwen3.7-plus,107,linux_smarthome_350,linux_smarthome,linux_smarthome,run_01,/Users/Admin/home/MDC_Benchmark_lite_ufo3/runs/qwen3.7-plus-core200-20260829/mdcbench_lite_v1/run_01/107_linux_smarthome_350,sha256:29f5fd77384253f2606ac0132eeab914893feb0e98808cba43be198070a6c842,final_merged_selected_attempt,PASS,PASS,lifecycle_valid,1.0,1.0,selected_attempt_evaluator_trace,3,128.519,done,passed,2,home+linux,linux_0+home_0,/Users/Admin/home/MDC_Benchmark_lite_ufo3/runs/qwen3.7-plus-core200-20260829/mdcbench_lite_v1/run_01/107_linux_smarthome_350/config/task.json,/Users/Admin/home/MDC_Benchmark_lite_ufo3/runs/qwen3.7-plus-core200-20260829/mdcbench_lite_v1/final_merged_status_after_infrastructure_repairs.json
qwen3.7-plus,108,linux_smarthome_520,linux_smarthome,2linux_smarthome,run_01,/Users/Admin/home/MDC_Benchmark_lite_ufo3/runs/qwen3.7-plus-core200-20260829/mdcbench_lite_v1/run_01/108_linux_smarthome_520,sha256:f75a130de7ffa4aeecb9d4e13db8795b4f203dcd8910d0431b991f076cbbbb02,final_merged_selected_attempt,FAIL,FAIL,lifecycle_valid,0.5,0.5,selected_attempt_evaluator_trace,7,294.632,done,model_behavior,3,home+linux,linux_0+linux_1+home_0,/Users/Admin/home/MDC_Benchmark_lite_ufo3/runs/qwen3.7-plus-core200-20260829/mdcbench_lite_v1/run_01/108_linux_smarthome_520/config/task.json,/Users/Admin/home/MDC_Benchmark_lite_ufo3/runs/qwen3.7-plus-core200-20260829/mdcbench_lite_v1/final_merged_status_after_infrastructure_repairs.json
qwen3.7-plus,109,linux_smarthome_098,linux_smarthome,linux_smarthome,run_01,/Users/Admin/home/MDC_Benchmark_lite_ufo3/runs/qwen3.7-plus-core200-20260829/mdcbench_lite_v1/run_01/109_linux_smarthome_098,sha256:f61c6eb87ff9f364b7b536275bb64dc86e59b66337ea7a3eee71c4fc9907ffeb,final_merged_selected_attempt,PASS,PASS,lifecycle_valid,1.0,1.0,selected_attempt_evaluator_trace,4,128.5,done,passed,2,home+linux,linux_0+home_0,/Users/Admin/home/MDC_Benchmark_lite_ufo3/runs/qwen3.7-plus-core200-20260829/mdcbench_lite_v1/run_01/109_linux_smarthome_098/config/task.json,/Users/Admin/home/MDC_Benchmark_lite_ufo3/runs/qwen3.7-plus-core200-20260829/mdcbench_lite_v1/final_merged_status_after_infrastructure_repairs.json
qwen3.7-plus,110,linux_smarthome_387,linux_smarthome,linux_smarthome,run_01,/Users/Admin/home/MDC_Benchmark_lite_ufo3/runs/qwen3.7-plus-core200-20260829/mdcbench_lite_v1/run_01/110_linux_smarthome_387,sha256:4e201f981496161844c548de9462155eecbcc5922b8a1ebeedacc2d146ebaf75,final_merged_selected_attempt,FAIL,FAIL,lifecycle_valid,0.5,0.5,selected_attempt_evaluator_trace,50,764.466,max_steps,timeout,2,home+linux,linux_0+home_0,/Users/Admin/home/MDC_Benchmark_lite_ufo3/runs/qwen3.7-plus-core200-20260829/mdcbench_lite_v1/run_01/110_linux_smarthome_387/config/task.json,/Users/Admin/home/MDC_Benchmark_lite_ufo3/runs/qwen3.7-plus-core200-20260829/mdcbench_lite_v1/final_merged_status_after_infrastructure_repairs.json
qwen3.7-plus,111,linux_smarthome_606,linux_smarthome,2linux_smarthome,run_01,/Users/Admin/home/MDC_Benchmark_lite_ufo3/runs/qwen3.7-plus-core200-20260829/mdcbench_lite_v1/run_01/111_linux_smarthome_606,sha256:20eb16fd3eee87490399b5ab9d30afa8b484a8d4bec0ea8e4194827494212932,final_merged_selected_attempt,FAIL,FAIL,lifecycle_valid,0.5,0.5,selected_attempt_evaluator_trace,7,317.665,done,model_behavior,3,home+linux,linux_0+linux_1+home_0,/Users/Admin/home/MDC_Benchmark_lite_ufo3/runs/qwen3.7-plus-core200-20260829/mdcbench_lite_v1/run_01/111_linux_smarthome_606/config/task.json,/Users/Admin/home/MDC_Benchmark_lite_ufo3/runs/qwen3.7-plus-core200-20260829/mdcbench_lite_v1/final_merged_status_after_infrastructure_repairs.json
qwen3.7-plus,112,linux_smarthome_378,linux_smarthome,linux_smarthome,run_01,/Users/Admin/home/MDC_Benchmark_lite_ufo3/runs/qwen3.7-plus-core200-20260829/mdcbench_lite_v1/run_01/112_linux_smarthome_378,sha256:b4cf51219af3c34240220021d0cc85e9048d89b2e108b2f914fc8b0193e818cf,final_merged_selected_attempt,FAIL,FAIL,lifecycle_valid,0.5,0.5,selected_attempt_evaluator_trace,50,802.186,max_steps,timeout,2,home+linux,linux_0+home_0,/Users/Admin/home/MDC_Benchmark_lite_ufo3/runs/qwen3.7-plus-core200-20260829/mdcbench_lite_v1/run_01/112_linux_smarthome_378/config/task.json,/Users/Admin/home/MDC_Benchmark_lite_ufo3/runs/qwen3.7-plus-core200-20260829/mdcbench_lite_v1/final_merged_status_after_infrastructure_repairs.json
qwen3.7-plus,113,linux_smarthome_063,linux_smarthome,linux_smarthome,run_01,/Users/Admin/home/MDC_Benchmark_lite_ufo3/runs/qwen3.7-plus-core200-20260829/mdcbench_lite_v1/run_01/113_linux_smarthome_063,sha256:4781a8da9bd0f81035c02bb8208d68a0f4c2423992825d5842f820a220f026c7,final_merged_selected_attempt,PASS,PASS,lifecycle_valid,1.0,1.0,selected_attempt_evaluator_trace,5,170.057,done,passed,2,home+linux,linux_0+home_0,/Users/Admin/home/MDC_Benchmark_lite_ufo3/runs/qwen3.7-plus-core200-20260829/mdcbench_lite_v1/run_01/113_linux_smarthome_063/config/task.json,/Users/Admin/home/MDC_Benchmark_lite_ufo3/runs/qwen3.7-plus-core200-20260829/mdcbench_lite_v1/final_merged_status_after_infrastructure_repairs.json
qwen3.7-plus,114,linux_smarthome_851,linux_smarthome,2linux_smarthome,run_01,/Users/Admin/home/MDC_Benchmark_lite_ufo3/runs/qwen3.7-plus-core200-20260829/mdcbench_lite_v1/run_01/114_linux_smarthome_851,sha256:b1a6b9a1453f5dae2342fe2059b839603b8e686c47b8bb3a3ad36d389c579d78,final_merged_selected_attempt,FAIL,FAIL,lifecycle_valid,0.5,0.5,selected_attempt_evaluator_trace,5,273.768,done,model_behavior,3,home+linux,linux_0+linux_1+home_0,/Users/Admin/home/MDC_Benchmark_lite_ufo3/runs/qwen3.7-plus-core200-20260829/mdcbench_lite_v1/run_01/114_linux_smarthome_851/config/task.json,/Users/Admin/home/MDC_Benchmark_lite_ufo3/runs/qwen3.7-plus-core200-20260829/mdcbench_lite_v1/final_merged_status_after_infrastructure_repairs.json
qwen3.7-plus,115,linux_smarthome_433,linux_smarthome,linux_smarthome,run_01,/Users/Admin/home/MDC_Benchmark_lite_ufo3/runs/qwen3.7-plus-core200-20260829/mdcbench_lite_v1/run_01/115_linux_smarthome_433,sha256:a1545d8223c2d8483cafe7371b16fcfdd4257cb29327273e42b9882a65230d7f,final_merged_selected_attempt,FAIL,FAIL,lifecycle_valid,0.8,0.8,selected_attempt_evaluator_trace,6,171.127,done,model_behavior,2,home+linux,linux_0+home_0,/Users/Admin/home/MDC_Benchmark_lite_ufo3/runs/qwen3.7-plus-core200-20260829/mdcbench_lite_v1/run_01/115_linux_smarthome_433/config/task.json,/Users/Admin/home/MDC_Benchmark_lite_ufo3/runs/qwen3.7-plus-core200-20260829/mdcbench_lite_v1/final_merged_status_after_infrastructure_repairs.json
qwen3.7-plus,116,linux_smarthome_1000,linux_smarthome,2linux_smarthome,run_01,/Users/Admin/home/MDC_Benchmark_lite_ufo3/runs/qwen3.7-plus-core200-20260829/mdcbench_lite_v1/run_01/116_linux_smarthome_1000,sha256:f36c85fec822162628a757eff1ff250b89d54d1dded63557723570722fd33b3a,final_merged_selected_attempt,FAIL,FAIL,lifecycle_valid,0.5,0.5,selected_attempt_evaluator_trace,7,296.31,done,model_behavior,3,home+linux,linux_0+linux_1+home_0,/Users/Admin/home/MDC_Benchmark_lite_ufo3/runs/qwen3.7-plus-core200-20260829/mdcbench_lite_v1/run_01/116_linux_smarthome_1000/config/task.json,/Users/Admin/home/MDC_Benchmark_lite_ufo3/runs/qwen3.7-plus-core200-20260829/mdcbench_lite_v1/final_merged_status_after_infrastructure_repairs.json
qwen3.7-plus,117,linux_smarthome_796,linux_smarthome,2linux_smarthome,run_01,/Users/Admin/home/MDC_Benchmark_lite_ufo3/runs/qwen3.7-plus-core200-20260829/mdcbench_lite_v1/run_01/117_linux_smarthome_796,sha256:37e9884119b4ded5bed758a17c4e99eb100548efddd23eb5c37cc5552dd2742f,final_merged_selected_attempt,FAIL,FAIL,lifecycle_valid,0.5,0.5,selected_attempt_evaluator_trace,8,294.797,done,model_behavior,3,home+linux,linux_0+linux_1+home_0,/Users/Admin/home/MDC_Benchmark_lite_ufo3/runs/qwen3.7-plus-core200-20260829/mdcbench_lite_v1/run_01/117_linux_smarthome_796/config/task.json,/Users/Admin/home/MDC_Benchmark_lite_ufo3/runs/qwen3.7-plus-core200-20260829/mdcbench_lite_v1/final_merged_status_after_infrastructure_repairs.json
qwen3.7-plus,118,linux_smarthome_576,linux_smarthome,linux_smarthome,run_01,/Users/Admin/home/MDC_Benchmark_lite_ufo3/runs/qwen3.7-plus-core200-20260829/mdcbench_lite_v1/run_01/118_linux_smarthome_576,sha256:1487c7de3f83c17fbb31790581c9b425623c8d22bdf29baca5914b39a7458742,final_merged_selected_attempt,FAIL,FAIL,lifecycle_valid,0.5,0.5,selected_attempt_evaluator_trace,6,163.426,done,model_behavior,2,home+linux,linux_0+home_0,/Users/Admin/home/MDC_Benchmark_lite_ufo3/runs/qwen3.7-plus-core200-20260829/mdcbench_lite_v1/run_01/118_linux_smarthome_576/config/task.json,/Users/Admin/home/MDC_Benchmark_lite_ufo3/runs/qwen3.7-plus-core200-20260829/mdcbench_lite_v1/final_merged_status_after_infrastructure_repairs.json
qwen3.7-plus,119,linux_smarthome_932,linux_smarthome,2linux_smarthome,run_01,/Users/Admin/home/MDC_Benchmark_lite_ufo3/runs/qwen3.7-plus-core200-20260829/mdcbench_lite_v1/run_01/119_linux_smarthome_932,sha256:4ab8c07662b610fd780acf183393fbf91e6e9a70910d4ea932f0eef236e090ed,final_merged_selected_attempt,FAIL,FAIL,lifecycle_valid,0.5,0.5,selected_attempt_evaluator_trace,4,252.117,done,model_behavior,3,home+linux,linux_0+linux_1+home_0,/Users/Admin/home/MDC_Benchmark_lite_ufo3/runs/qwen3.7-plus-core200-20260829/mdcbench_lite_v1/run_01/119_linux_smarthome_932/config/task.json,/Users/Admin/home/MDC_Benchmark_lite_ufo3/runs/qwen3.7-plus-core200-20260829/mdcbench_lite_v1/final_merged_status_after_infrastructure_repairs.json
qwen3.7-plus,120,linux_smarthome_062,linux_smarthome,linux_smarthome,run_01,/Users/Admin/home/MDC_Benchmark_lite_ufo3/runs/qwen3.7-plus-core200-20260829/mdcbench_lite_v1/run_01/120_linux_smarthome_062,sha256:330009032ee93f9c0c75d35a02b140d99e6fd5131b8e9f77dee140bf0198708f,final_merged_selected_attempt,PASS,PASS,lifecycle_valid,1.0,1.0,selected_attempt_evaluator_trace,4,127.001,done,passed,2,home+linux,linux_0+home_0,/Users/Admin/home/MDC_Benchmark_lite_ufo3/runs/qwen3.7-plus-core200-20260829/mdcbench_lite_v1/run_01/120_linux_smarthome_062/config/task.json,/Users/Admin/home/MDC_Benchmark_lite_ufo3/runs/qwen3.7-plus-core200-20260829/mdcbench_lite_v1/final_merged_status_after_infrastructure_repairs.json
qwen3.7-plus,121,linux_smarthome_983,linux_smarthome,2linux_smarthome,run_01,/Users/Admin/home/MDC_Benchmark_lite_ufo3/runs/qwen3.7-plus-core200-20260829/mdcbench_lite_v1/run_01/121_linux_smarthome_983,sha256:01a7676cb9a34868824ef305af1863cf3aad26063d2f2b968ba486d06e02ab26,final_merged_selected_attempt,FAIL,FAIL,lifecycle_valid,0.5,0.5,selected_attempt_evaluator_trace,8,282.585,done,model_behavior,3,home+linux,linux_0+linux_1+home_0,/Users/Admin/home/MDC_Benchmark_lite_ufo3/runs/qwen3.7-plus-core200-20260829/mdcbench_lite_v1/run_01/121_linux_smarthome_983/config/task.json,/Users/Admin/home/MDC_Benchmark_lite_ufo3/runs/qwen3.7-plus-core200-20260829/mdcbench_lite_v1/final_merged_status_after_infrastructure_repairs.json
qwen3.7-plus,122,linux_smarthome_656,linux_smarthome,linux_smarthome,run_01,/Users/Admin/home/MDC_Benchmark_lite_ufo3/runs/qwen3.7-plus-core200-20260829/mdcbench_lite_v1/run_01/122_linux_smarthome_656,sha256:54661e7cd5f2e72f983732b7d40c2f77e49eefae665f0040ea2de51ed1fde88c,final_merged_selected_attempt,PASS,PASS,lifecycle_valid,1.0,1.0,selected_attempt_evaluator_trace,8,182.604,done,passed,2,home+linux,linux_0+home_0,/Users/Admin/home/MDC_Benchmark_lite_ufo3/runs/qwen3.7-plus-core200-20260829/mdcbench_lite_v1/run_01/122_linux_smarthome_656/config/task.json,/Users/Admin/home/MDC_Benchmark_lite_ufo3/runs/qwen3.7-plus-core200-20260829/mdcbench_lite_v1/final_merged_status_after_infrastructure_repairs.json
qwen3.7-plus,123,linux_smarthome_982,linux_smarthome,2linux_smarthome,run_01,/Users/Admin/home/MDC_Benchmark_lite_ufo3/runs/qwen3.7-plus-core200-20260829/mdcbench_lite_v1/run_01/123_linux_smarthome_982,sha256:93d37f3655190f0e80b4dbcf1ae5b994bd4ebf8a4ab645eb519211df924ecd14,final_merged_selected_attempt,FAIL,FAIL,lifecycle_valid,0.5,0.5,selected_attempt_evaluator_trace,6,291.526,done,model_behavior,3,home+linux,linux_0+linux_1+home_0,/Users/Admin/home/MDC_Benchmark_lite_ufo3/runs/qwen3.7-plus-core200-20260829/mdcbench_lite_v1/run_01/123_linux_smarthome_982/config/task.json,/Users/Admin/home/MDC_Benchmark_lite_ufo3/runs/qwen3.7-plus-core200-20260829/mdcbench_lite_v1/final_merged_status_after_infrastructure_repairs.json
qwen3.7-plus,124,linux_smarthome_348,linux_smarthome,linux_smarthome,run_01,/Users/Admin/home/MDC_Benchmark_lite_ufo3/runs/qwen3.7-plus-core200-20260829/mdcbench_lite_v1/run_01/124_linux_smarthome_348,sha256:0c6aced5687e50388af5cca411ebcf4f09826613798a1422c60556dad9c4ba83,final_merged_selected_attempt,PASS,PASS,lifecycle_valid,1.0,1.0,selected_attempt_evaluator_trace,6,159.691,done,passed,2,home+linux,linux_0+home_0,/Users/Admin/home/MDC_Benchmark_lite_ufo3/runs/qwen3.7-plus-core200-20260829/mdcbench_lite_v1/run_01/124_linux_smarthome_348/config/task.json,/Users/Admin/home/MDC_Benchmark_lite_ufo3/runs/qwen3.7-plus-core200-20260829/mdcbench_lite_v1/final_merged_status_after_infrastructure_repairs.json
qwen3.7-plus,125,linux_smarthome_567,linux_smarthome,2linux_smarthome,run_01,/Users/Admin/home/MDC_Benchmark_lite_ufo3/runs/qwen3.7-plus-core200-20260829/mdcbench_lite_v1/run_01/125_linux_smarthome_567,sha256:de7bae552b6acb5216406d070aed7cc502bbbc76b97b7a8429c2ce0dfd5a535d,final_merged_selected_attempt,FAIL,FAIL,lifecycle_valid,0.5,0.5,selected_attempt_evaluator_trace,8,284.571,done,model_behavior,3,home+linux,linux_0+linux_1+home_0,/Users/Admin/home/MDC_Benchmark_lite_ufo3/runs/qwen3.7-plus-core200-20260829/mdcbench_lite_v1/run_01/125_linux_smarthome_567/config/task.json,/Users/Admin/home/MDC_Benchmark_lite_ufo3/runs/qwen3.7-plus-core200-20260829/mdcbench_lite_v1/final_merged_status_after_infrastructure_repairs.json
qwen3.7-plus,126,linux_smarthome_670,linux_smarthome,2linux_smarthome,run_01,/Users/Admin/home/MDC_Benchmark_lite_ufo3/runs/qwen3.7-plus-core200-20260829/mdcbench_lite_v1/run_01/126_linux_smarthome_670,sha256:5955c6bb58359aa67439675a53430c4223aa0fdc8df3946cdaadecfb29a6c181,final_merged_selected_attempt,FAIL,FAIL,lifecycle_valid,0.75,0.75,selected_attempt_evaluator_trace,6,291.873,done,model_behavior,3,home+linux,linux_0+linux_1+home_0,/Users/Admin/home/MDC_Benchmark_lite_ufo3/runs/qwen3.7-plus-core200-20260829/mdcbench_lite_v1/run_01/126_linux_smarthome_670/config/task.json,/Users/Admin/home/MDC_Benchmark_lite_ufo3/runs/qwen3.7-plus-core200-20260829/mdcbench_lite_v1/final_merged_status_after_infrastructure_repairs.json
qwen3.7-plus,127,linux_smarthome_359,linux_smarthome,linux_smarthome,run_01,/Users/Admin/home/MDC_Benchmark_lite_ufo3/runs/qwen3.7-plus-core200-20260829/mdcbench_lite_v1/run_01/127_linux_smarthome_359,sha256:676e9c66d44fa2d4d1f6e1a79f5ddfc5e39d154387d84bf89f7ed4858c64b2d7,final_merged_selected_attempt,PASS,PASS,lifecycle_valid,1.0,1.0,selected_attempt_evaluator_trace,6,166.318,done,passed,2,home+linux,linux_0+home_0,/Users/Admin/home/MDC_Benchmark_lite_ufo3/runs/qwen3.7-plus-core200-20260829/mdcbench_lite_v1/run_01/127_linux_smarthome_359/config/task.json,/Users/Admin/home/MDC_Benchmark_lite_ufo3/runs/qwen3.7-plus-core200-20260829/mdcbench_lite_v1/final_merged_status_after_infrastructure_repairs.json
qwen3.7-plus,128,linux_smarthome_373,linux_smarthome,linux_smarthome,run_01,/Users/Admin/home/MDC_Benchmark_lite_ufo3/runs/qwen3.7-plus-core200-20260829/mdcbench_lite_v1/run_01/128_linux_smarthome_373,sha256:9e59090fe0473b12abcda9a6790cf9dd5ede83ba0d4ff6555d880505e0f3f6db,final_merged_selected_attempt,FAIL,FAIL,lifecycle_valid,0.5,0.5,selected_attempt_evaluator_trace,6,166.73,done,model_behavior,2,home+linux,linux_0+home_0,/Users/Admin/home/MDC_Benchmark_lite_ufo3/runs/qwen3.7-plus-core200-20260829/mdcbench_lite_v1/run_01/128_linux_smarthome_373/config/task.json,/Users/Admin/home/MDC_Benchmark_lite_ufo3/runs/qwen3.7-plus-core200-20260829/mdcbench_lite_v1/final_merged_status_after_infrastructure_repairs.json
qwen3.7-plus,129,linux_smarthome_065,linux_smarthome,linux_smarthome,run_01,/Users/Admin/home/MDC_Benchmark_lite_ufo3/runs/qwen3.7-plus-core200-20260829/mdcbench_lite_v1/run_01/129_linux_smarthome_065,sha256:ad1489fd381dc6f96c3217838f63dd1c0d6ec5060970793393de20cc6df43264,final_merged_selected_attempt,PASS,PASS,lifecycle_valid,1.0,1.0,selected_attempt_evaluator_trace,4,312.234,done,passed,2,home+linux,linux_0+home_0,/Users/Admin/home/MDC_Benchmark_lite_ufo3/runs/qwen3.7-plus-core200-20260829/mdcbench_lite_v1/run_01/129_linux_smarthome_065/config/task.json,/Users/Admin/home/MDC_Benchmark_lite_ufo3/runs/qwen3.7-plus-core200-20260829/mdcbench_lite_v1/final_merged_status_after_infrastructure_repairs.json
qwen3.7-plus,130,linux_smarthome_370,linux_smarthome,linux_smarthome,run_01,/Users/Admin/home/MDC_Benchmark_lite_ufo3/runs/qwen3.7-plus-core200-20260829/mdcbench_lite_v1/run_01/130_linux_smarthome_370,sha256:11932d197ca8a167bbd2894f3af3617574920a0e52a8c8c85f1b5c4d47731c63,final_merged_selected_attempt,PASS,PASS,lifecycle_valid,1.0,1.0,selected_attempt_evaluator_trace,3,129.62,done,passed,2,home+linux,linux_0+home_0,/Users/Admin/home/MDC_Benchmark_lite_ufo3/runs/qwen3.7-plus-core200-20260829/mdcbench_lite_v1/run_01/130_linux_smarthome_370/config/task.json,/Users/Admin/home/MDC_Benchmark_lite_ufo3/runs/qwen3.7-plus-core200-20260829/mdcbench_lite_v1/final_merged_status_after_infrastructure_repairs.json
qwen3.7-plus,131,linux_smarthome_372,linux_smarthome,linux_smarthome,run_01,/Users/Admin/home/MDC_Benchmark_lite_ufo3/runs/qwen3.7-plus-core200-20260829/mdcbench_lite_v1/run_01/131_linux_smarthome_372,sha256:fe6ee1fd3d35a9ab7517ac1663d6bc4964e483975b74cd90d76e8edd90703060,final_merged_selected_attempt,FAIL,FAIL,lifecycle_valid,0.0,0.0,selected_attempt_evaluator_trace,7,242.076,done,model_behavior,2,home+linux,linux_0+home_0,/Users/Admin/home/MDC_Benchmark_lite_ufo3/runs/qwen3.7-plus-core200-20260829/mdcbench_lite_v1/run_01/131_linux_smarthome_372/config/task.json,/Users/Admin/home/MDC_Benchmark_lite_ufo3/runs/qwen3.7-plus-core200-20260829/mdcbench_lite_v1/final_merged_status_after_infrastructure_repairs.json
qwen3.7-plus,132,linux_smarthome_028,linux_smarthome,linux_smarthome,run_01,/Users/Admin/home/MDC_Benchmark_lite_ufo3/runs/qwen3.7-plus-core200-20260829/mdcbench_lite_v1/run_01/132_linux_smarthome_028,sha256:57b55e0931fef2e9d634ccec3b3e5f18af1c7ebb032c51d635528065da9f0bf2,final_merged_selected_attempt,PASS,PASS,lifecycle_valid,1.0,1.0,selected_attempt_evaluator_trace,3,123.954,done,passed,2,home+linux,linux_0+home_0,/Users/Admin/home/MDC_Benchmark_lite_ufo3/runs/qwen3.7-plus-core200-20260829/mdcbench_lite_v1/run_01/132_linux_smarthome_028/config/task.json,/Users/Admin/home/MDC_Benchmark_lite_ufo3/runs/qwen3.7-plus-core200-20260829/mdcbench_lite_v1/final_merged_status_after_infrastructure_repairs.json
qwen3.7-plus,133,linux_smarthome_999,linux_smarthome,2linux_smarthome,run_01,/Users/Admin/home/MDC_Benchmark_lite_ufo3/runs/qwen3.7-plus-core200-20260829/mdcbench_lite_v1/run_01/133_linux_smarthome_999,sha256:6edb3811c19b8fb12b03ee659ffcc45b21e0898f73c8b808a2a6884d7f4c9ad7,final_merged_selected_attempt,FAIL,FAIL,lifecycle_valid,0.5,0.5,selected_attempt_evaluator_trace,7,282.911,done,model_behavior,3,home+linux,linux_0+linux_1+home_0,/Users/Admin/home/MDC_Benchmark_lite_ufo3/runs/qwen3.7-plus-core200-20260829/mdcbench_lite_v1/run_01/133_linux_smarthome_999/config/task.json,/Users/Admin/home/MDC_Benchmark_lite_ufo3/runs/qwen3.7-plus-core200-20260829/mdcbench_lite_v1/final_merged_status_after_infrastructure_repairs.json
qwen3.7-plus,134,linux_smarthome_361,linux_smarthome,linux_smarthome,run_01,/Users/Admin/home/MDC_Benchmark_lite_ufo3/runs/qwen3.7-plus-core200-20260829/mdcbench_lite_v1/run_01/134_linux_smarthome_361,sha256:add30f2e4012440c18c231cad47b08daa17d7128b3be76c6440ac56301d211f9,final_merged_selected_attempt,FAIL,FAIL,lifecycle_valid,0.5,0.5,selected_attempt_evaluator_trace,8,233.91,done,model_behavior,2,home+linux,linux_0+home_0,/Users/Admin/home/MDC_Benchmark_lite_ufo3/runs/qwen3.7-plus-core200-20260829/mdcbench_lite_v1/run_01/134_linux_smarthome_361/config/task.json,/Users/Admin/home/MDC_Benchmark_lite_ufo3/runs/qwen3.7-plus-core200-20260829/mdcbench_lite_v1/final_merged_status_after_infrastructure_repairs.json
qwen3.7-plus,135,linux_smarthome_981,linux_smarthome,2linux_smarthome,run_01,/Users/Admin/home/MDC_Benchmark_lite_ufo3/runs/qwen3.7-plus-core200-20260829/mdcbench_lite_v1/run_01/135_linux_smarthome_981,sha256:11eb234269f092b42c9572e9622cddd2d5a50041668d419e4bb23f94c0d4cb93,final_merged_selected_attempt,FAIL,FAIL,lifecycle_valid,0.5,0.5,selected_attempt_evaluator_trace,5,277.149,done,model_behavior,3,home+linux,linux_0+linux_1+home_0,/Users/Admin/home/MDC_Benchmark_lite_ufo3/runs/qwen3.7-plus-core200-20260829/mdcbench_lite_v1/run_01/135_linux_smarthome_981/config/task.json,/Users/Admin/home/MDC_Benchmark_lite_ufo3/runs/qwen3.7-plus-core200-20260829/mdcbench_lite_v1/final_merged_status_after_infrastructure_repairs.json
qwen3.7-plus,136,android_smarthome_357,android_smarthome,2android_smarthome,run_01,/Users/Admin/home/MDC_Benchmark_lite_ufo3/runs/qwen3.7-plus-core200-20260829/mdcbench_lite_v1/run_01/136_android_smarthome_357,sha256:7ca5bbd4f11998621ae726a60b76dded31b2ac932e86375228b5e58979bad667,final_merged_selected_attempt,FAIL,FAIL,lifecycle_valid,0.0,0.0,selected_attempt_evaluator_trace,50,1028.406,max_steps,timeout,3,android+home,android_0+android_1+home_0,/Users/Admin/home/MDC_Benchmark_lite_ufo3/runs/qwen3.7-plus-core200-20260829/mdcbench_lite_v1/run_01/136_android_smarthome_357/config/task.json,/Users/Admin/home/MDC_Benchmark_lite_ufo3/runs/qwen3.7-plus-core200-20260829/mdcbench_lite_v1/final_merged_status_after_infrastructure_repairs.json
qwen3.7-plus,137,android_smarthome_409,android_smarthome,android_smarthome,run_01,/Users/Admin/home/MDC_Benchmark_lite_ufo3/runs/qwen3.7-plus-core200-20260829/mdcbench_lite_v1/run_01/137_android_smarthome_409,sha256:259e008b24c65381760c6b31db421398f2d209ab9b931670c4d7dc261892f7ac,final_merged_selected_attempt,FAIL,FAIL,lifecycle_valid,0.25,0.25,selected_attempt_evaluator_trace,50,580.552,max_steps,timeout,2,android+home,android_0+home_0,/Users/Admin/home/MDC_Benchmark_lite_ufo3/runs/qwen3.7-plus-core200-20260829/mdcbench_lite_v1/run_01/137_android_smarthome_409/config/task.json,/Users/Admin/home/MDC_Benchmark_lite_ufo3/runs/qwen3.7-plus-core200-20260829/mdcbench_lite_v1/final_merged_status_after_infrastructure_repairs.json
qwen3.7-plus,138,android_smarthome_854,android_smarthome,android_smarthome,run_01,/Users/Admin/home/MDC_Benchmark_lite_ufo3/runs/qwen3.7-plus-core200-20260829/mdcbench_lite_v1/run_01/138_android_smarthome_854,sha256:536f3217c9e67baac177f66cc08231f50498681d473528a3626d69ae1c8536aa,final_merged_selected_attempt,FAIL,FAIL,lifecycle_valid,0.75,0.75,selected_attempt_evaluator_trace,50,747.54,max_steps,timeout,2,android+home,android_0+home_0,/Users/Admin/home/MDC_Benchmark_lite_ufo3/runs/qwen3.7-plus-core200-20260829/mdcbench_lite_v1/run_01/138_android_smarthome_854/config/task.json,/Users/Admin/home/MDC_Benchmark_lite_ufo3/runs/qwen3.7-plus-core200-20260829/mdcbench_lite_v1/final_merged_status_after_infrastructure_repairs.json
qwen3.7-plus,139,android_smarthome_026,android_smarthome,android_smarthome,run_01,/Users/Admin/home/MDC_Benchmark_lite_ufo3/runs/qwen3.7-plus-core200-20260829/mdcbench_lite_v1/run_01/139_android_smarthome_026,sha256:fe92f0c8839a5e6f3004c27c87846f6ce41ce88e7be030505fba04d7fe4d1cf1,final_merged_selected_attempt,FAIL,FAIL,lifecycle_valid,0.0,0.0,selected_attempt_evaluator_trace,50,614.472,max_steps,timeout,2,android+home,android_0+home_0,/Users/Admin/home/MDC_Benchmark_lite_ufo3/runs/qwen3.7-plus-core200-20260829/mdcbench_lite_v1/run_01/139_android_smarthome_026/config/task.json,/Users/Admin/home/MDC_Benchmark_lite_ufo3/runs/qwen3.7-plus-core200-20260829/mdcbench_lite_v1/final_merged_status_after_infrastructure_repairs.json
qwen3.7-plus,140,android_smarthome_407,android_smarthome,android_smarthome,run_01,/Users/Admin/home/MDC_Benchmark_lite_ufo3/runs/qwen3.7-plus-core200-20260829/mdcbench_lite_v1/run_01/140_android_smarthome_407,sha256:fdd1ac6c21d8fb0fb61dd16b1e124a9a094e25bc06ed7682fa141fc8b137b69e,final_merged_selected_attempt,FAIL,FAIL,lifecycle_valid,0.5,0.5,selected_attempt_evaluator_trace,50,518.356,max_steps,timeout,2,android+home,android_0+home_0,/Users/Admin/home/MDC_Benchmark_lite_ufo3/runs/qwen3.7-plus-core200-20260829/mdcbench_lite_v1/run_01/140_android_smarthome_407/config/task.json,/Users/Admin/home/MDC_Benchmark_lite_ufo3/runs/qwen3.7-plus-core200-20260829/mdcbench_lite_v1/final_merged_status_after_infrastructure_repairs.json
qwen3.7-plus,141,android_smarthome_149,android_smarthome,2android_smarthome,run_01,/Users/Admin/home/MDC_Benchmark_lite_ufo3/runs/qwen3.7-plus-core200-20260829/mdcbench_lite_v1/run_01/141_android_smarthome_149,sha256:5913d7f31586b4e3b850e19e353be8fee6b73f69b84a3c6d1fd6c7edce097b6c,final_merged_selected_attempt,FAIL,FAIL,lifecycle_valid,0.6666666666666666,0.6666666666666666,selected_attempt_evaluator_trace,50,714.231,max_steps,timeout,3,android+home,android_0+android_1+home_0,/Users/Admin/home/MDC_Benchmark_lite_ufo3/runs/qwen3.7-plus-core200-20260829/mdcbench_lite_v1/run_01/141_android_smarthome_149/config/task.json,/Users/Admin/home/MDC_Benchmark_lite_ufo3/runs/qwen3.7-plus-core200-20260829/mdcbench_lite_v1/final_merged_status_after_infrastructure_repairs.json
qwen3.7-plus,142,android_smarthome_336,android_smarthome,android_smarthome,run_01,/Users/Admin/home/MDC_Benchmark_lite_ufo3/runs/qwen3.7-plus-core200-20260829/mdcbench_lite_v1/run_01/142_android_smarthome_336,sha256:425a2099cd986d8660262098845f4a0a22b9a4d15be24ee920ea1a5cb1da2a21,final_merged_selected_attempt,FAIL,FAIL,lifecycle_valid,0.75,0.75,selected_attempt_evaluator_trace,50,756.381,max_steps,timeout,2,android+home,android_0+home_0,/Users/Admin/home/MDC_Benchmark_lite_ufo3/runs/qwen3.7-plus-core200-20260829/mdcbench_lite_v1/run_01/142_android_smarthome_336/config/task.json,/Users/Admin/home/MDC_Benchmark_lite_ufo3/runs/qwen3.7-plus-core200-20260829/mdcbench_lite_v1/final_merged_status_after_infrastructure_repairs.json
qwen3.7-plus,143,android_smarthome_844,android_smarthome,2android_smarthome,run_01,/Users/Admin/home/MDC_Benchmark_lite_ufo3/runs/qwen3.7-plus-core200-20260829/mdcbench_lite_v1/run_01/143_android_smarthome_844,sha256:d124a9416f287521985f0a9255cbb9a34e9cb48c4a3234a878f391c4a701dc9c,final_merged_selected_attempt,FAIL,FAIL,lifecycle_valid,0.0,0.0,selected_attempt_evaluator_trace,50,624.724,max_steps,timeout,3,android+home,android_0+android_1+home_0,/Users/Admin/home/MDC_Benchmark_lite_ufo3/runs/qwen3.7-plus-core200-20260829/mdcbench_lite_v1/run_01/143_android_smarthome_844/config/task.json,/Users/Admin/home/MDC_Benchmark_lite_ufo3/runs/qwen3.7-plus-core200-20260829/mdcbench_lite_v1/final_merged_status_after_infrastructure_repairs.json
qwen3.7-plus,144,android_smarthome_144,android_smarthome,2android_smarthome,repair_01,/Users/Admin/home/MDC_Benchmark_lite_ufo3/runs/qwen3.7-plus-core200-20260829/mdcbench_lite_v1/repair_01/144_android_smarthome_144,sha256:0a1d663c6bcdb8554270251ccefa62550c0e326870019ad680b1b59f64e16a88,final_merged_infrastructure_repair:lite_144,INFRASTRUCTURE_INVALID,FAIL,lifecycle_valid,,0.5,official_repair_attempt_evaluator_trace,34,1813.34,time_limit,timeout,3,android+home,android_0+android_1+home_0,/Users/Admin/home/MDC_Benchmark_lite_ufo3/runs/qwen3.7-plus-core200-20260829/mdcbench_lite_v1/repair_01/144_android_smarthome_144/config/task.json,/Users/Admin/home/MDC_Benchmark_lite_ufo3/runs/qwen3.7-plus-core200-20260829/mdcbench_lite_v1/final_merged_status_after_infrastructure_repairs.json
qwen3.7-plus,145,android_smarthome_241,android_smarthome,2android_smarthome,run_01,/Users/Admin/home/MDC_Benchmark_lite_ufo3/runs/qwen3.7-plus-core200-20260829/mdcbench_lite_v1/run_01/145_android_smarthome_241,sha256:0491501c3ab055732d85e76689da8b00c0a4cc637fd8ab48be9dea973ebb2d3c,final_merged_selected_attempt,FAIL,FAIL,lifecycle_valid,0.6666666666666666,0.6666666666666666,selected_attempt_evaluator_trace,50,614.035,max_steps,timeout,3,android+home,android_0+android_1+home_0,/Users/Admin/home/MDC_Benchmark_lite_ufo3/runs/qwen3.7-plus-core200-20260829/mdcbench_lite_v1/run_01/145_android_smarthome_241/config/task.json,/Users/Admin/home/MDC_Benchmark_lite_ufo3/runs/qwen3.7-plus-core200-20260829/mdcbench_lite_v1/final_merged_status_after_infrastructure_repairs.json
qwen3.7-plus,146,android_smarthome_251,android_smarthome,android_smarthome,run_01,/Users/Admin/home/MDC_Benchmark_lite_ufo3/runs/qwen3.7-plus-core200-20260829/mdcbench_lite_v1/run_01/146_android_smarthome_251,sha256:b4381cdefb0c47431e6fd1ea545b080690b09e4a91cbd6f73d48daafd69e9d6f,final_merged_selected_attempt,FAIL,FAIL,lifecycle_valid,0.75,0.75,selected_attempt_evaluator_trace,50,564.369,max_steps,timeout,2,android+home,android_0+home_0,/Users/Admin/home/MDC_Benchmark_lite_ufo3/runs/qwen3.7-plus-core200-20260829/mdcbench_lite_v1/run_01/146_android_smarthome_251/config/task.json,/Users/Admin/home/MDC_Benchmark_lite_ufo3/runs/qwen3.7-plus-core200-20260829/mdcbench_lite_v1/final_merged_status_after_infrastructure_repairs.json
qwen3.7-plus,147,android_smarthome_265,android_smarthome,android_smarthome,run_01,/Users/Admin/home/MDC_Benchmark_lite_ufo3/runs/qwen3.7-plus-core200-20260829/mdcbench_lite_v1/run_01/147_android_smarthome_265,sha256:514388ca80a1c95b23f3e87734551b7b97012772197a4dafc343f7e7f967b42d,final_merged_selected_attempt,FAIL,FAIL,lifecycle_valid,0.0,0.0,selected_attempt_evaluator_trace,50,991.953,max_steps,timeout,2,android+home,android_0+home_0,/Users/Admin/home/MDC_Benchmark_lite_ufo3/runs/qwen3.7-plus-core200-20260829/mdcbench_lite_v1/run_01/147_android_smarthome_265/config/task.json,/Users/Admin/home/MDC_Benchmark_lite_ufo3/runs/qwen3.7-plus-core200-20260829/mdcbench_lite_v1/final_merged_status_after_infrastructure_repairs.json
qwen3.7-plus,148,android_smarthome_877,android_smarthome,android_smarthome,run_01,/Users/Admin/home/MDC_Benchmark_lite_ufo3/runs/qwen3.7-plus-core200-20260829/mdcbench_lite_v1/run_01/148_android_smarthome_877,sha256:8de942d111dde0c9d32567ad785e6b8c3ef30f5961571c476687dbbd23593974,final_merged_selected_attempt,FAIL,FAIL,lifecycle_valid,0.6666666666666666,0.6666666666666666,selected_attempt_evaluator_trace,50,724.925,max_steps,timeout,2,android+home,android_0+home_0,/Users/Admin/home/MDC_Benchmark_lite_ufo3/runs/qwen3.7-plus-core200-20260829/mdcbench_lite_v1/run_01/148_android_smarthome_877/config/task.json,/Users/Admin/home/MDC_Benchmark_lite_ufo3/runs/qwen3.7-plus-core200-20260829/mdcbench_lite_v1/final_merged_status_after_infrastructure_repairs.json
qwen3.7-plus,149,android_smarthome_846,android_smarthome,2android_smarthome,run_01,/Users/Admin/home/MDC_Benchmark_lite_ufo3/runs/qwen3.7-plus-core200-20260829/mdcbench_lite_v1/run_01/149_android_smarthome_846,sha256:48e8ef30cc0471e2c38e55f676468a94898e9a634e6fe548a363804d5fb9e1d3,final_merged_selected_attempt,FAIL,FAIL,lifecycle_valid,0.8333333333333334,0.8333333333333334,selected_attempt_evaluator_trace,50,813.815,max_steps,timeout,3,android+home,android_0+android_1+home_0,/Users/Admin/home/MDC_Benchmark_lite_ufo3/runs/qwen3.7-plus-core200-20260829/mdcbench_lite_v1/run_01/149_android_smarthome_846/config/task.json,/Users/Admin/home/MDC_Benchmark_lite_ufo3/runs/qwen3.7-plus-core200-20260829/mdcbench_lite_v1/final_merged_status_after_infrastructure_repairs.json
qwen3.7-plus,150,android_smarthome_807,android_smarthome,android_smarthome,run_01,/Users/Admin/home/MDC_Benchmark_lite_ufo3/runs/qwen3.7-plus-core200-20260829/mdcbench_lite_v1/run_01/150_android_smarthome_807,sha256:91659c32b5013b3f1c52b64a21e161ecbd74f70c9cb9529abdfabeba073212e4,final_merged_selected_attempt,FAIL,FAIL,lifecycle_valid,0.25,0.25,selected_attempt_evaluator_trace,50,587.72,max_steps,timeout,2,android+home,android_0+home_0,/Users/Admin/home/MDC_Benchmark_lite_ufo3/runs/qwen3.7-plus-core200-20260829/mdcbench_lite_v1/run_01/150_android_smarthome_807/config/task.json,/Users/Admin/home/MDC_Benchmark_lite_ufo3/runs/qwen3.7-plus-core200-20260829/mdcbench_lite_v1/final_merged_status_after_infrastructure_repairs.json
qwen3.7-plus,151,android_smarthome_464,android_smarthome,2android_smarthome,run_01,/Users/Admin/home/MDC_Benchmark_lite_ufo3/runs/qwen3.7-plus-core200-20260829/mdcbench_lite_v1/run_01/151_android_smarthome_464,sha256:f74a8a0049cb41ee984c143e94beda1d96612434679c4afdf40a8b928c6d9753,final_merged_selected_attempt,FAIL,FAIL,lifecycle_valid,0.0,0.0,selected_attempt_evaluator_trace,50,737.288,max_steps,timeout,3,android+home,android_0+android_1+home_0,/Users/Admin/home/MDC_Benchmark_lite_ufo3/runs/qwen3.7-plus-core200-20260829/mdcbench_lite_v1/run_01/151_android_smarthome_464/config/task.json,/Users/Admin/home/MDC_Benchmark_lite_ufo3/runs/qwen3.7-plus-core200-20260829/mdcbench_lite_v1/final_merged_status_after_infrastructure_repairs.json
qwen3.7-plus,152,android_smarthome_875,android_smarthome,android_smarthome,run_01,/Users/Admin/home/MDC_Benchmark_lite_ufo3/runs/qwen3.7-plus-core200-20260829/mdcbench_lite_v1/run_01/152_android_smarthome_875,sha256:859a043600bf7a733cf8068d3177ba48ccacbb48d30290abadeaef6c59c3758f,final_merged_selected_attempt,FAIL,FAIL,lifecycle_valid,0.0,0.0,selected_attempt_evaluator_trace,50,582.273,max_steps,timeout,2,android+home,android_0+home_0,/Users/Admin/home/MDC_Benchmark_lite_ufo3/runs/qwen3.7-plus-core200-20260829/mdcbench_lite_v1/run_01/152_android_smarthome_875/config/task.json,/Users/Admin/home/MDC_Benchmark_lite_ufo3/runs/qwen3.7-plus-core200-20260829/mdcbench_lite_v1/final_merged_status_after_infrastructure_repairs.json
qwen3.7-plus,153,android_smarthome_888,android_smarthome,2android_smarthome,run_01,/Users/Admin/home/MDC_Benchmark_lite_ufo3/runs/qwen3.7-plus-core200-20260829/mdcbench_lite_v1/run_01/153_android_smarthome_888,sha256:2b7e5af0b56ccd65d5b22449fd2bbe79903820a5327209fab0ee24d6ba937cda,final_merged_selected_attempt,FAIL,FAIL,lifecycle_valid,0.0,0.0,selected_attempt_evaluator_trace,50,675.177,max_steps,timeout,3,android+home,android_0+android_1+home_0,/Users/Admin/home/MDC_Benchmark_lite_ufo3/runs/qwen3.7-plus-core200-20260829/mdcbench_lite_v1/run_01/153_android_smarthome_888/config/task.json,/Users/Admin/home/MDC_Benchmark_lite_ufo3/runs/qwen3.7-plus-core200-20260829/mdcbench_lite_v1/final_merged_status_after_infrastructure_repairs.json
qwen3.7-plus,154,android_smarthome_766,android_smarthome,2android_smarthome,run_01,/Users/Admin/home/MDC_Benchmark_lite_ufo3/runs/qwen3.7-plus-core200-20260829/mdcbench_lite_v1/run_01/154_android_smarthome_766,sha256:054ab5e65b2ab12ea1a0ad60e818731f95f930fc3fbf435ca87ee1984af34c17,final_merged_selected_attempt,FAIL,FAIL,lifecycle_valid,0.6666666666666666,0.6666666666666666,selected_attempt_evaluator_trace,50,916.225,max_steps,timeout,3,android+home,android_0+android_1+home_0,/Users/Admin/home/MDC_Benchmark_lite_ufo3/runs/qwen3.7-plus-core200-20260829/mdcbench_lite_v1/run_01/154_android_smarthome_766/config/task.json,/Users/Admin/home/MDC_Benchmark_lite_ufo3/runs/qwen3.7-plus-core200-20260829/mdcbench_lite_v1/final_merged_status_after_infrastructure_repairs.json
qwen3.7-plus,155,android_smarthome_231,android_smarthome,android_smarthome,run_01,/Users/Admin/home/MDC_Benchmark_lite_ufo3/runs/qwen3.7-plus-core200-20260829/mdcbench_lite_v1/run_01/155_android_smarthome_231,sha256:1e6f6622a49afb4d04b66b81614fd665bda424003f3e971c48d3342aa4a2a359,final_merged_selected_attempt,FAIL,FAIL,lifecycle_valid,0.5,0.5,selected_attempt_evaluator_trace,3,57.064,done,model_behavior,2,android+home,android_0+home_0,/Users/Admin/home/MDC_Benchmark_lite_ufo3/runs/qwen3.7-plus-core200-20260829/mdcbench_lite_v1/run_01/155_android_smarthome_231/config/task.json,/Users/Admin/home/MDC_Benchmark_lite_ufo3/runs/qwen3.7-plus-core200-20260829/mdcbench_lite_v1/final_merged_status_after_infrastructure_repairs.json
qwen3.7-plus,156,android_smarthome_016,android_smarthome,android_smarthome,run_01,/Users/Admin/home/MDC_Benchmark_lite_ufo3/runs/qwen3.7-plus-core200-20260829/mdcbench_lite_v1/run_01/156_android_smarthome_016,sha256:1f00447cf0462ed24f050cbae06ca694346b8d2b9a98f1ffa28f8ac61e2f15bd,final_merged_selected_attempt,FAIL,FAIL,lifecycle_valid,0.5,0.5,selected_attempt_evaluator_trace,50,680.357,max_steps,timeout,2,android+home,android_0+home_0,/Users/Admin/home/MDC_Benchmark_lite_ufo3/runs/qwen3.7-plus-core200-20260829/mdcbench_lite_v1/run_01/156_android_smarthome_016/config/task.json,/Users/Admin/home/MDC_Benchmark_lite_ufo3/runs/qwen3.7-plus-core200-20260829/mdcbench_lite_v1/final_merged_status_after_infrastructure_repairs.json
qwen3.7-plus,157,android_smarthome_202,android_smarthome,android_smarthome,run_01,/Users/Admin/home/MDC_Benchmark_lite_ufo3/runs/qwen3.7-plus-core200-20260829/mdcbench_lite_v1/run_01/157_android_smarthome_202,sha256:8ef6502d1bc1d8d52ad3a10238ec9dd075b74e90596f5bb3234314083794f82c,final_merged_selected_attempt,FAIL,FAIL,lifecycle_valid,0.0,0.0,selected_attempt_evaluator_trace,9,128.107,done,model_behavior,2,android+home,android_0+home_0,/Users/Admin/home/MDC_Benchmark_lite_ufo3/runs/qwen3.7-plus-core200-20260829/mdcbench_lite_v1/run_01/157_android_smarthome_202/config/task.json,/Users/Admin/home/MDC_Benchmark_lite_ufo3/runs/qwen3.7-plus-core200-20260829/mdcbench_lite_v1/final_merged_status_after_infrastructure_repairs.json
qwen3.7-plus,158,android_smarthome_219,android_smarthome,android_smarthome,run_01,/Users/Admin/home/MDC_Benchmark_lite_ufo3/runs/qwen3.7-plus-core200-20260829/mdcbench_lite_v1/run_01/158_android_smarthome_219,sha256:6a4db415cd1fef6325a0f12ebd8df5891a0f9eef29db0c3620459d42d08f5d55,final_merged_selected_attempt,FAIL,FAIL,lifecycle_valid,0.5,0.5,selected_attempt_evaluator_trace,4,99.031,done,model_behavior,2,android+home,android_0+home_0,/Users/Admin/home/MDC_Benchmark_lite_ufo3/runs/qwen3.7-plus-core200-20260829/mdcbench_lite_v1/run_01/158_android_smarthome_219/config/task.json,/Users/Admin/home/MDC_Benchmark_lite_ufo3/runs/qwen3.7-plus-core200-20260829/mdcbench_lite_v1/final_merged_status_after_infrastructure_repairs.json
qwen3.7-plus,159,android_smarthome_233,android_smarthome,android_smarthome,run_01,/Users/Admin/home/MDC_Benchmark_lite_ufo3/runs/qwen3.7-plus-core200-20260829/mdcbench_lite_v1/run_01/159_android_smarthome_233,sha256:7f653031bc027a7eb0037c3480eb2899bad48b42e66ca0ba8f77e067d79046b1,final_merged_selected_attempt,FAIL,FAIL,lifecycle_valid,0.6666666666666666,0.6666666666666666,selected_attempt_evaluator_trace,4,73.2,done,model_behavior,2,android+home,android_0+home_0,/Users/Admin/home/MDC_Benchmark_lite_ufo3/runs/qwen3.7-plus-core200-20260829/mdcbench_lite_v1/run_01/159_android_smarthome_233/config/task.json,/Users/Admin/home/MDC_Benchmark_lite_ufo3/runs/qwen3.7-plus-core200-20260829/mdcbench_lite_v1/final_merged_status_after_infrastructure_repairs.json
qwen3.7-plus,160,android_smarthome_147,android_smarthome,2android_smarthome,run_01,/Users/Admin/home/MDC_Benchmark_lite_ufo3/runs/qwen3.7-plus-core200-20260829/mdcbench_lite_v1/run_01/160_android_smarthome_147,sha256:8426e7a7d1221e864b53bab31121975a46b88679941ffa8e37c1152ab1faa8e4,final_merged_selected_attempt,FAIL,FAIL,lifecycle_valid,0.75,0.75,selected_attempt_evaluator_trace,50,1048.24,max_steps,timeout,3,android+home,android_0+android_1+home_0,/Users/Admin/home/MDC_Benchmark_lite_ufo3/runs/qwen3.7-plus-core200-20260829/mdcbench_lite_v1/run_01/160_android_smarthome_147/config/task.json,/Users/Admin/home/MDC_Benchmark_lite_ufo3/runs/qwen3.7-plus-core200-20260829/mdcbench_lite_v1/final_merged_status_after_infrastructure_repairs.json
qwen3.7-plus,161,android_only_267,android_only,2android,run_01,/Users/Admin/home/MDC_Benchmark_lite_ufo3/runs/qwen3.7-plus-core200-20260829/mdcbench_lite_v1/run_01/161_android_only_267,sha256:d2b6d921547ab84caa1c06fbc594e195b8faca55e7128c779024ddc7455f0c05,final_merged_selected_attempt,FAIL,FAIL,lifecycle_valid,0.0,0.0,selected_attempt_evaluator_trace,50,1065.265,max_steps,timeout,2,android,android_0+android_1,/Users/Admin/home/MDC_Benchmark_lite_ufo3/runs/qwen3.7-plus-core200-20260829/mdcbench_lite_v1/run_01/161_android_only_267/config/task.json,/Users/Admin/home/MDC_Benchmark_lite_ufo3/runs/qwen3.7-plus-core200-20260829/mdcbench_lite_v1/final_merged_status_after_infrastructure_repairs.json
qwen3.7-plus,162,android_only_234,android_only,2android,run_01,/Users/Admin/home/MDC_Benchmark_lite_ufo3/runs/qwen3.7-plus-core200-20260829/mdcbench_lite_v1/run_01/162_android_only_234,sha256:2a28d85f7f51cd21b1504b5f8d8cc6dc58a67748b0bdc8ab482ab13c1a6f91c1,final_merged_selected_attempt,FAIL,FAIL,lifecycle_valid,0.5,0.5,selected_attempt_evaluator_trace,50,858.707,max_steps,timeout,2,android,android_0+android_1,/Users/Admin/home/MDC_Benchmark_lite_ufo3/runs/qwen3.7-plus-core200-20260829/mdcbench_lite_v1/run_01/162_android_only_234/config/task.json,/Users/Admin/home/MDC_Benchmark_lite_ufo3/runs/qwen3.7-plus-core200-20260829/mdcbench_lite_v1/final_merged_status_after_infrastructure_repairs.json
qwen3.7-plus,163,android_only_214,android_only,2android,run_01,/Users/Admin/home/MDC_Benchmark_lite_ufo3/runs/qwen3.7-plus-core200-20260829/mdcbench_lite_v1/run_01/163_android_only_214,sha256:952d75ecb4c77b0693190534e262b390617ec65e9d4977508cc6ef607c6ffadd,final_merged_selected_attempt,FAIL,FAIL,lifecycle_valid,0.0,0.0,selected_attempt_evaluator_trace,50,1657.881,max_steps,timeout,2,android,android_0+android_1,/Users/Admin/home/MDC_Benchmark_lite_ufo3/runs/qwen3.7-plus-core200-20260829/mdcbench_lite_v1/run_01/163_android_only_214/config/task.json,/Users/Admin/home/MDC_Benchmark_lite_ufo3/runs/qwen3.7-plus-core200-20260829/mdcbench_lite_v1/final_merged_status_after_infrastructure_repairs.json
qwen3.7-plus,164,android_only_305,android_only,2android,run_01,/Users/Admin/home/MDC_Benchmark_lite_ufo3/runs/qwen3.7-plus-core200-20260829/mdcbench_lite_v1/run_01/164_android_only_305,sha256:be29e0c187cf24e8397b414cd8924c779185422b8c358a822ef8121c4a292057,final_merged_selected_attempt,FAIL,FAIL,lifecycle_valid,0.5,0.5,selected_attempt_evaluator_trace,50,1110.029,max_steps,timeout,2,android,android_0+android_1,/Users/Admin/home/MDC_Benchmark_lite_ufo3/runs/qwen3.7-plus-core200-20260829/mdcbench_lite_v1/run_01/164_android_only_305/config/task.json,/Users/Admin/home/MDC_Benchmark_lite_ufo3/runs/qwen3.7-plus-core200-20260829/mdcbench_lite_v1/final_merged_status_after_infrastructure_repairs.json
qwen3.7-plus,165,android_only_264,android_only,2android,run_01,/Users/Admin/home/MDC_Benchmark_lite_ufo3/runs/qwen3.7-plus-core200-20260829/mdcbench_lite_v1/run_01/165_android_only_264,sha256:d1dcc44115159aef589de6b8146fb85a3c0ba2485158bc2c74b0f064051a3a8d,final_merged_selected_attempt,FAIL,FAIL,lifecycle_valid,0.0,0.0,selected_attempt_evaluator_trace,50,1233.078,max_steps,timeout,2,android,android_0+android_1,/Users/Admin/home/MDC_Benchmark_lite_ufo3/runs/qwen3.7-plus-core200-20260829/mdcbench_lite_v1/run_01/165_android_only_264/config/task.json,/Users/Admin/home/MDC_Benchmark_lite_ufo3/runs/qwen3.7-plus-core200-20260829/mdcbench_lite_v1/final_merged_status_after_infrastructure_repairs.json
qwen3.7-plus,166,android_only_236,android_only,2android,run_01,/Users/Admin/home/MDC_Benchmark_lite_ufo3/runs/qwen3.7-plus-core200-20260829/mdcbench_lite_v1/run_01/166_android_only_236,sha256:f1e527c49a7680a7c931b4fbdafce5b76fbc758d65442342eddd54f8c774e4f6,final_merged_selected_attempt,FAIL,FAIL,lifecycle_valid,0.75,0.75,selected_attempt_evaluator_trace,50,1183.805,max_steps,timeout,2,android,android_0+android_1,/Users/Admin/home/MDC_Benchmark_lite_ufo3/runs/qwen3.7-plus-core200-20260829/mdcbench_lite_v1/run_01/166_android_only_236/config/task.json,/Users/Admin/home/MDC_Benchmark_lite_ufo3/runs/qwen3.7-plus-core200-20260829/mdcbench_lite_v1/final_merged_status_after_infrastructure_repairs.json
qwen3.7-plus,167,android_only_254,android_only,2android,run_01,/Users/Admin/home/MDC_Benchmark_lite_ufo3/runs/qwen3.7-plus-core200-20260829/mdcbench_lite_v1/run_01/167_android_only_254,sha256:eae4b01b5847fe9b7f2118ed979685b1461240a9d927fc8b3b8007b6d473a885,final_merged_selected_attempt,FAIL,FAIL,lifecycle_valid,0.0,0.0,selected_attempt_evaluator_trace,50,1663.725,max_steps,timeout,2,android,android_0+android_1,/Users/Admin/home/MDC_Benchmark_lite_ufo3/runs/qwen3.7-plus-core200-20260829/mdcbench_lite_v1/run_01/167_android_only_254/config/task.json,/Users/Admin/home/MDC_Benchmark_lite_ufo3/runs/qwen3.7-plus-core200-20260829/mdcbench_lite_v1/final_merged_status_after_infrastructure_repairs.json
qwen3.7-plus,168,android_only_218,android_only,2android,run_01,/Users/Admin/home/MDC_Benchmark_lite_ufo3/runs/qwen3.7-plus-core200-20260829/mdcbench_lite_v1/run_01/168_android_only_218,sha256:838bc0c7fdf6ebbdc31987724ae498ffd72bc20b81274741095657551d36e69d,final_merged_selected_attempt,FAIL,FAIL,lifecycle_valid,0.0,0.0,selected_attempt_evaluator_trace,38,1818.659,time_limit,timeout,2,android,android_0+android_1,/Users/Admin/home/MDC_Benchmark_lite_ufo3/runs/qwen3.7-plus-core200-20260829/mdcbench_lite_v1/run_01/168_android_only_218/config/task.json,/Users/Admin/home/MDC_Benchmark_lite_ufo3/runs/qwen3.7-plus-core200-20260829/mdcbench_lite_v1/final_merged_status_after_infrastructure_repairs.json
qwen3.7-plus,169,android_only_260,android_only,2android,run_01,/Users/Admin/home/MDC_Benchmark_lite_ufo3/runs/qwen3.7-plus-core200-20260829/mdcbench_lite_v1/run_01/169_android_only_260,sha256:a0ec0cdb8a8e34b67d38e159186a78f04b7b9616c1f2b21305d3b28ea1edbe5d,final_merged_selected_attempt,FAIL,FAIL,lifecycle_valid,0.0,0.0,selected_attempt_evaluator_trace,33,1823.214,time_limit,timeout,2,android,android_0+android_1,/Users/Admin/home/MDC_Benchmark_lite_ufo3/runs/qwen3.7-plus-core200-20260829/mdcbench_lite_v1/run_01/169_android_only_260/config/task.json,/Users/Admin/home/MDC_Benchmark_lite_ufo3/runs/qwen3.7-plus-core200-20260829/mdcbench_lite_v1/final_merged_status_after_infrastructure_repairs.json
qwen3.7-plus,170,android_only_285,android_only,2android,run_01,/Users/Admin/home/MDC_Benchmark_lite_ufo3/runs/qwen3.7-plus-core200-20260829/mdcbench_lite_v1/run_01/170_android_only_285,sha256:3d83dd3b5bf5ea3e9ffbb1ca9448b1a5b7a35afe38de5210a362ac16df9b2273,final_merged_selected_attempt,FAIL,FAIL,lifecycle_valid,0.5,0.5,selected_attempt_evaluator_trace,42,1825.699,time_limit,timeout,2,android,android_0+android_1,/Users/Admin/home/MDC_Benchmark_lite_ufo3/runs/qwen3.7-plus-core200-20260829/mdcbench_lite_v1/run_01/170_android_only_285/config/task.json,/Users/Admin/home/MDC_Benchmark_lite_ufo3/runs/qwen3.7-plus-core200-20260829/mdcbench_lite_v1/final_merged_status_after_infrastructure_repairs.json
qwen3.7-plus,171,android_only_210,android_only,2android,run_01,/Users/Admin/home/MDC_Benchmark_lite_ufo3/runs/qwen3.7-plus-core200-20260829/mdcbench_lite_v1/run_01/171_android_only_210,sha256:9c8530e829afe89fdf7ce18ee78c412a6a9161635ea94f3ed4677fa816ff8459,final_merged_selected_attempt,FAIL,FAIL,lifecycle_valid,0.0,0.0,selected_attempt_evaluator_trace,44,1842.424,time_limit,timeout,2,android,android_0+android_1,/Users/Admin/home/MDC_Benchmark_lite_ufo3/runs/qwen3.7-plus-core200-20260829/mdcbench_lite_v1/run_01/171_android_only_210/config/task.json,/Users/Admin/home/MDC_Benchmark_lite_ufo3/runs/qwen3.7-plus-core200-20260829/mdcbench_lite_v1/final_merged_status_after_infrastructure_repairs.json
qwen3.7-plus,172,android_only_274,android_only,2android,run_01,/Users/Admin/home/MDC_Benchmark_lite_ufo3/runs/qwen3.7-plus-core200-20260829/mdcbench_lite_v1/run_01/172_android_only_274,sha256:555702447d9f445987ad69f1cc261fe47b93a40ccd2fcefcbfd17c40d70af25a,final_merged_selected_attempt,FAIL,FAIL,lifecycle_valid,0.0,0.0,selected_attempt_evaluator_trace,50,1653.857,max_steps,timeout,2,android,android_0+android_1,/Users/Admin/home/MDC_Benchmark_lite_ufo3/runs/qwen3.7-plus-core200-20260829/mdcbench_lite_v1/run_01/172_android_only_274/config/task.json,/Users/Admin/home/MDC_Benchmark_lite_ufo3/runs/qwen3.7-plus-core200-20260829/mdcbench_lite_v1/final_merged_status_after_infrastructure_repairs.json
qwen3.7-plus,173,android_only_223,android_only,2android,run_01,/Users/Admin/home/MDC_Benchmark_lite_ufo3/runs/qwen3.7-plus-core200-20260829/mdcbench_lite_v1/run_01/173_android_only_223,sha256:2d081fea377e589d518d0dc4f78adececa85d2b1e4e3d727450889f805a4aaee,final_merged_selected_attempt,FAIL,FAIL,lifecycle_valid,0.0,0.0,selected_attempt_evaluator_trace,44,1839.298,time_limit,timeout,2,android,android_0+android_1,/Users/Admin/home/MDC_Benchmark_lite_ufo3/runs/qwen3.7-plus-core200-20260829/mdcbench_lite_v1/run_01/173_android_only_223/config/task.json,/Users/Admin/home/MDC_Benchmark_lite_ufo3/runs/qwen3.7-plus-core200-20260829/mdcbench_lite_v1/final_merged_status_after_infrastructure_repairs.json
qwen3.7-plus,174,android_only_247,android_only,2android,run_01,/Users/Admin/home/MDC_Benchmark_lite_ufo3/runs/qwen3.7-plus-core200-20260829/mdcbench_lite_v1/run_01/174_android_only_247,sha256:52c0b8c5805e4da3eef52e7d8ab260e12d5ed45b9f0a74db5f7a435d206c881c,final_merged_selected_attempt,FAIL,FAIL,lifecycle_valid,0.5,0.5,selected_attempt_evaluator_trace,45,1846.099,time_limit,timeout,2,android,android_0+android_1,/Users/Admin/home/MDC_Benchmark_lite_ufo3/runs/qwen3.7-plus-core200-20260829/mdcbench_lite_v1/run_01/174_android_only_247/config/task.json,/Users/Admin/home/MDC_Benchmark_lite_ufo3/runs/qwen3.7-plus-core200-20260829/mdcbench_lite_v1/final_merged_status_after_infrastructure_repairs.json
qwen3.7-plus,175,android_only_270,android_only,2android,run_01,/Users/Admin/home/MDC_Benchmark_lite_ufo3/runs/qwen3.7-plus-core200-20260829/mdcbench_lite_v1/run_01/175_android_only_270,sha256:8b12f7f31273477052ba95d260da9d00eadd685ce68461901308dc633aee654a,final_merged_selected_attempt,FAIL,FAIL,lifecycle_valid,0.0,0.0,selected_attempt_evaluator_trace,50,1748.803,max_steps,timeout,2,android,android_0+android_1,/Users/Admin/home/MDC_Benchmark_lite_ufo3/runs/qwen3.7-plus-core200-20260829/mdcbench_lite_v1/run_01/175_android_only_270/config/task.json,/Users/Admin/home/MDC_Benchmark_lite_ufo3/runs/qwen3.7-plus-core200-20260829/mdcbench_lite_v1/final_merged_status_after_infrastructure_repairs.json
qwen3.7-plus,176,linux_only_279,linux_only,2linux,run_01,/Users/Admin/home/MDC_Benchmark_lite_ufo3/runs/qwen3.7-plus-core200-20260829/mdcbench_lite_v1/run_01/176_linux_only_279,sha256:3ceda44d35e9b7f27e035489cac8998c97a3fef7a858ee561722eb65b0e49bf2,final_merged_selected_attempt,PASS,PASS,lifecycle_valid,1.0,1.0,selected_attempt_evaluator_trace,5,288.764,done,passed,2,linux,linux_0+linux_1,/Users/Admin/home/MDC_Benchmark_lite_ufo3/runs/qwen3.7-plus-core200-20260829/mdcbench_lite_v1/run_01/176_linux_only_279/config/task.json,/Users/Admin/home/MDC_Benchmark_lite_ufo3/runs/qwen3.7-plus-core200-20260829/mdcbench_lite_v1/final_merged_status_after_infrastructure_repairs.json
qwen3.7-plus,177,linux_only_305,linux_only,2linux,run_01,/Users/Admin/home/MDC_Benchmark_lite_ufo3/runs/qwen3.7-plus-core200-20260829/mdcbench_lite_v1/run_01/177_linux_only_305,sha256:465084497eec95ea8730efc1de86032d7ccfff8d9419af0693280959d346d7cc,final_merged_selected_attempt,FAIL,FAIL,lifecycle_valid,0.75,0.75,selected_attempt_evaluator_trace,6,380.558,done,model_behavior,2,linux,linux_0+linux_1,/Users/Admin/home/MDC_Benchmark_lite_ufo3/runs/qwen3.7-plus-core200-20260829/mdcbench_lite_v1/run_01/177_linux_only_305/config/task.json,/Users/Admin/home/MDC_Benchmark_lite_ufo3/runs/qwen3.7-plus-core200-20260829/mdcbench_lite_v1/final_merged_status_after_infrastructure_repairs.json
qwen3.7-plus,178,linux_only_249,linux_only,2linux,run_01,/Users/Admin/home/MDC_Benchmark_lite_ufo3/runs/qwen3.7-plus-core200-20260829/mdcbench_lite_v1/run_01/178_linux_only_249,sha256:34eb7ad8d2944acbcb42b4a4a1ce6cab19fb447ed648e70d7154294077c4d51b,final_merged_selected_attempt,PASS,PASS,lifecycle_valid,1.0,1.0,selected_attempt_evaluator_trace,6,315.928,done,passed,2,linux,linux_0+linux_1,/Users/Admin/home/MDC_Benchmark_lite_ufo3/runs/qwen3.7-plus-core200-20260829/mdcbench_lite_v1/run_01/178_linux_only_249/config/task.json,/Users/Admin/home/MDC_Benchmark_lite_ufo3/runs/qwen3.7-plus-core200-20260829/mdcbench_lite_v1/final_merged_status_after_infrastructure_repairs.json
qwen3.7-plus,179,linux_only_224,linux_only,2linux,run_01,/Users/Admin/home/MDC_Benchmark_lite_ufo3/runs/qwen3.7-plus-core200-20260829/mdcbench_lite_v1/run_01/179_linux_only_224,sha256:07d8a15cf3b0a0a3f4b36176eed41d0d1b6595d2f9d371a69de50014368abf63,final_merged_selected_attempt,FAIL,FAIL,lifecycle_valid,0.0,0.0,selected_attempt_evaluator_trace,5,264.606,done,model_behavior,2,linux,linux_0+linux_1,/Users/Admin/home/MDC_Benchmark_lite_ufo3/runs/qwen3.7-plus-core200-20260829/mdcbench_lite_v1/run_01/179_linux_only_224/config/task.json,/Users/Admin/home/MDC_Benchmark_lite_ufo3/runs/qwen3.7-plus-core200-20260829/mdcbench_lite_v1/final_merged_status_after_infrastructure_repairs.json
qwen3.7-plus,180,linux_only_298,linux_only,2linux,run_01,/Users/Admin/home/MDC_Benchmark_lite_ufo3/runs/qwen3.7-plus-core200-20260829/mdcbench_lite_v1/run_01/180_linux_only_298,sha256:d12ee81353bd92bae548a81eaf40309d8acadb6e06c36c7d7473edd1b1018f77,final_merged_selected_attempt,PASS,PASS,lifecycle_valid,1.0,1.0,selected_attempt_evaluator_trace,5,284.194,done,passed,2,linux,linux_0+linux_1,/Users/Admin/home/MDC_Benchmark_lite_ufo3/runs/qwen3.7-plus-core200-20260829/mdcbench_lite_v1/run_01/180_linux_only_298/config/task.json,/Users/Admin/home/MDC_Benchmark_lite_ufo3/runs/qwen3.7-plus-core200-20260829/mdcbench_lite_v1/final_merged_status_after_infrastructure_repairs.json
qwen3.7-plus,181,linux_only_218,linux_only,2linux,run_01,/Users/Admin/home/MDC_Benchmark_lite_ufo3/runs/qwen3.7-plus-core200-20260829/mdcbench_lite_v1/run_01/181_linux_only_218,sha256:2d4ad0f53fba414465847378211b8b34418f4d17fb045ebf4312da3c336349c2,final_merged_selected_attempt,FAIL,FAIL,lifecycle_valid,0.5,0.5,selected_attempt_evaluator_trace,5,307.741,done,model_behavior,2,linux,linux_0+linux_1,/Users/Admin/home/MDC_Benchmark_lite_ufo3/runs/qwen3.7-plus-core200-20260829/mdcbench_lite_v1/run_01/181_linux_only_218/config/task.json,/Users/Admin/home/MDC_Benchmark_lite_ufo3/runs/qwen3.7-plus-core200-20260829/mdcbench_lite_v1/final_merged_status_after_infrastructure_repairs.json
qwen3.7-plus,182,linux_only_259,linux_only,2linux,run_01,/Users/Admin/home/MDC_Benchmark_lite_ufo3/runs/qwen3.7-plus-core200-20260829/mdcbench_lite_v1/run_01/182_linux_only_259,sha256:cc15139696ac072ebe59d173857f1a0eedf4986719bda52a6d11e8f0891f58dd,final_merged_selected_attempt,PASS,PASS,lifecycle_valid,1.0,1.0,selected_attempt_evaluator_trace,5,351.017,done,passed,2,linux,linux_0+linux_1,/Users/Admin/home/MDC_Benchmark_lite_ufo3/runs/qwen3.7-plus-core200-20260829/mdcbench_lite_v1/run_01/182_linux_only_259/config/task.json,/Users/Admin/home/MDC_Benchmark_lite_ufo3/runs/qwen3.7-plus-core200-20260829/mdcbench_lite_v1/final_merged_status_after_infrastructure_repairs.json
qwen3.7-plus,183,linux_only_295,linux_only,2linux,run_01,/Users/Admin/home/MDC_Benchmark_lite_ufo3/runs/qwen3.7-plus-core200-20260829/mdcbench_lite_v1/run_01/183_linux_only_295,sha256:7e636d818ce8d84eca30fcd43ce48345bb3f66f1abc761b4eeeecd1d5141e702,final_merged_selected_attempt,FAIL,FAIL,lifecycle_valid,0.5,0.5,selected_attempt_evaluator_trace,5,336.09,done,model_behavior,2,linux,linux_0+linux_1,/Users/Admin/home/MDC_Benchmark_lite_ufo3/runs/qwen3.7-plus-core200-20260829/mdcbench_lite_v1/run_01/183_linux_only_295/config/task.json,/Users/Admin/home/MDC_Benchmark_lite_ufo3/runs/qwen3.7-plus-core200-20260829/mdcbench_lite_v1/final_merged_status_after_infrastructure_repairs.json
qwen3.7-plus,184,linux_only_313,linux_only,2linux,run_01,/Users/Admin/home/MDC_Benchmark_lite_ufo3/runs/qwen3.7-plus-core200-20260829/mdcbench_lite_v1/run_01/184_linux_only_313,sha256:3d89132ac6321e8afb2eaac4083abf00ce6e3b600e544f7905aada9ebc3953ac,final_merged_selected_attempt,PASS,PASS,lifecycle_valid,1.0,1.0,selected_attempt_evaluator_trace,6,351.824,done,passed,2,linux,linux_0+linux_1,/Users/Admin/home/MDC_Benchmark_lite_ufo3/runs/qwen3.7-plus-core200-20260829/mdcbench_lite_v1/run_01/184_linux_only_313/config/task.json,/Users/Admin/home/MDC_Benchmark_lite_ufo3/runs/qwen3.7-plus-core200-20260829/mdcbench_lite_v1/final_merged_status_after_infrastructure_repairs.json
qwen3.7-plus,185,linux_only_275,linux_only,2linux,run_01,/Users/Admin/home/MDC_Benchmark_lite_ufo3/runs/qwen3.7-plus-core200-20260829/mdcbench_lite_v1/run_01/185_linux_only_275,sha256:cd0bb8c88c34dcccd6587446973552840151b7253ec464bf5d58c30629e867b4,final_merged_selected_attempt,FAIL,FAIL,lifecycle_valid,0.0,0.0,selected_attempt_evaluator_trace,4,289.493,done,model_behavior,2,linux,linux_0+linux_1,/Users/Admin/home/MDC_Benchmark_lite_ufo3/runs/qwen3.7-plus-core200-20260829/mdcbench_lite_v1/run_01/185_linux_only_275/config/task.json,/Users/Admin/home/MDC_Benchmark_lite_ufo3/runs/qwen3.7-plus-core200-20260829/mdcbench_lite_v1/final_merged_status_after_infrastructure_repairs.json
qwen3.7-plus,186,linux_only_283,linux_only,2linux,run_01,/Users/Admin/home/MDC_Benchmark_lite_ufo3/runs/qwen3.7-plus-core200-20260829/mdcbench_lite_v1/run_01/186_linux_only_283,sha256:9da2b6e1068b5b940e4b72d02531716896f8b09858a15fd0c283e688afe628a4,final_merged_selected_attempt,PASS,PASS,lifecycle_valid,1.0,1.0,selected_attempt_evaluator_trace,5,253.367,done,passed,2,linux,linux_0+linux_1,/Users/Admin/home/MDC_Benchmark_lite_ufo3/runs/qwen3.7-plus-core200-20260829/mdcbench_lite_v1/run_01/186_linux_only_283/config/task.json,/Users/Admin/home/MDC_Benchmark_lite_ufo3/runs/qwen3.7-plus-core200-20260829/mdcbench_lite_v1/final_merged_status_after_infrastructure_repairs.json
qwen3.7-plus,187,linux_only_300,linux_only,2linux,run_01,/Users/Admin/home/MDC_Benchmark_lite_ufo3/runs/qwen3.7-plus-core200-20260829/mdcbench_lite_v1/run_01/187_linux_only_300,sha256:b4b2db551360846e68de0f6e8c7e8870392f6bb541445bd4db7b081e7e4d2302,final_merged_selected_attempt,FAIL,FAIL,lifecycle_valid,0.3333333333333333,0.3333333333333333,selected_attempt_evaluator_trace,5,307.422,done,model_behavior,2,linux,linux_0+linux_1,/Users/Admin/home/MDC_Benchmark_lite_ufo3/runs/qwen3.7-plus-core200-20260829/mdcbench_lite_v1/run_01/187_linux_only_300/config/task.json,/Users/Admin/home/MDC_Benchmark_lite_ufo3/runs/qwen3.7-plus-core200-20260829/mdcbench_lite_v1/final_merged_status_after_infrastructure_repairs.json
qwen3.7-plus,188,linux_only_251,linux_only,2linux,run_01,/Users/Admin/home/MDC_Benchmark_lite_ufo3/runs/qwen3.7-plus-core200-20260829/mdcbench_lite_v1/run_01/188_linux_only_251,sha256:06f5e0a8a2a9600e55125d9a04d3eaca00b5b6319ddadefd92e7c243c73545d6,final_merged_selected_attempt,PASS,PASS,lifecycle_valid,1.0,1.0,selected_attempt_evaluator_trace,6,310.729,done,passed,2,linux,linux_0+linux_1,/Users/Admin/home/MDC_Benchmark_lite_ufo3/runs/qwen3.7-plus-core200-20260829/mdcbench_lite_v1/run_01/188_linux_only_251/config/task.json,/Users/Admin/home/MDC_Benchmark_lite_ufo3/runs/qwen3.7-plus-core200-20260829/mdcbench_lite_v1/final_merged_status_after_infrastructure_repairs.json
qwen3.7-plus,189,linux_only_327,linux_only,2linux,run_01,/Users/Admin/home/MDC_Benchmark_lite_ufo3/runs/qwen3.7-plus-core200-20260829/mdcbench_lite_v1/run_01/189_linux_only_327,sha256:c4eafec0a741c3f78d514851b67bb74292f93a671bdfdc4eb46a8d35ece7e62c,final_merged_selected_attempt,PASS,PASS,lifecycle_valid,1.0,1.0,selected_attempt_evaluator_trace,5,301.667,done,passed,2,linux,linux_0+linux_1,/Users/Admin/home/MDC_Benchmark_lite_ufo3/runs/qwen3.7-plus-core200-20260829/mdcbench_lite_v1/run_01/189_linux_only_327/config/task.json,/Users/Admin/home/MDC_Benchmark_lite_ufo3/runs/qwen3.7-plus-core200-20260829/mdcbench_lite_v1/final_merged_status_after_infrastructure_repairs.json
qwen3.7-plus,190,linux_only_331,linux_only,2linux,run_01,/Users/Admin/home/MDC_Benchmark_lite_ufo3/runs/qwen3.7-plus-core200-20260829/mdcbench_lite_v1/run_01/190_linux_only_331,sha256:9b2e86c1c9ac7c237cfcb37903684768e9e519f54c49cb6a07e208067526625e,final_merged_selected_attempt,PASS,PASS,lifecycle_valid,1.0,1.0,selected_attempt_evaluator_trace,4,236.622,done,passed,2,linux,linux_0+linux_1,/Users/Admin/home/MDC_Benchmark_lite_ufo3/runs/qwen3.7-plus-core200-20260829/mdcbench_lite_v1/run_01/190_linux_only_331/config/task.json,/Users/Admin/home/MDC_Benchmark_lite_ufo3/runs/qwen3.7-plus-core200-20260829/mdcbench_lite_v1/final_merged_status_after_infrastructure_repairs.json
qwen3.7-plus,191,sh2_implicit_intent_nursery_air_comfort_infeasible_0011,smarthome_generated_scripted,1H,run_01,/Users/Admin/home/MDC_Benchmark_lite_ufo3/runs/qwen3.7-plus-core200-20260829/mdcbench_lite_v1/run_01/191_sh2_implicit_intent_nursery_air_comfort_infeasible_0011,sha256:afc54b458357cbb148e5b5a9553510e539ebe786338c3152bee653f33bcdbdc2,final_merged_selected_attempt,FAIL,FAIL,lifecycle_valid,0.0,0.0,selected_attempt_evaluator_trace,3,107.424,done,model_behavior,1,home,home_0,/Users/Admin/home/MDC_Benchmark_lite_ufo3/runs/qwen3.7-plus-core200-20260829/mdcbench_lite_v1/run_01/191_sh2_implicit_intent_nursery_air_comfort_infeasible_0011/config/task.json,/Users/Admin/home/MDC_Benchmark_lite_ufo3/runs/qwen3.7-plus-core200-20260829/mdcbench_lite_v1/final_merged_status_after_infrastructure_repairs.json
qwen3.7-plus,192,sh3_explicit_control_plain_light_dimming_infeasible_0013,smarthome_generated_scripted,1H,run_01,/Users/Admin/home/MDC_Benchmark_lite_ufo3/runs/qwen3.7-plus-core200-20260829/mdcbench_lite_v1/run_01/192_sh3_explicit_control_plain_light_dimming_infeasible_0013,sha256:addb7ceb2ddb143fdd82ffa9ee68145e51a7bbbe6d8b874392c6d900d683815a,final_merged_selected_attempt,FAIL,FAIL,lifecycle_valid,0.0,0.0,selected_attempt_evaluator_trace,4,100.145,done,model_behavior,1,home,home_0,/Users/Admin/home/MDC_Benchmark_lite_ufo3/runs/qwen3.7-plus-core200-20260829/mdcbench_lite_v1/run_01/192_sh3_explicit_control_plain_light_dimming_infeasible_0013/config/task.json,/Users/Admin/home/MDC_Benchmark_lite_ufo3/runs/qwen3.7-plus-core200-20260829/mdcbench_lite_v1/final_merged_status_after_infrastructure_repairs.json
qwen3.7-plus,193,sh4_time_schedule_study_focus_sequence_feasible_0030,smarthome_generated_scripted,1H,run_01,/Users/Admin/home/MDC_Benchmark_lite_ufo3/runs/qwen3.7-plus-core200-20260829/mdcbench_lite_v1/run_01/193_sh4_time_schedule_study_focus_sequence_feasible_0030,sha256:93ba3ff41bffdf4a16e85b6e92cfd0e52a13b1d52517e83d4e1cba0bd7932633,final_merged_selected_attempt,PASS,PASS,lifecycle_valid,1.0,1.0,selected_attempt_evaluator_trace,3,48.571,done,passed,1,home,home_0,/Users/Admin/home/MDC_Benchmark_lite_ufo3/runs/qwen3.7-plus-core200-20260829/mdcbench_lite_v1/run_01/193_sh4_time_schedule_study_focus_sequence_feasible_0030/config/task.json,/Users/Admin/home/MDC_Benchmark_lite_ufo3/runs/qwen3.7-plus-core200-20260829/mdcbench_lite_v1/final_merged_status_after_infrastructure_repairs.json
qwen3.7-plus,194,sh1_state_inquiry_bedroom_energy_query_infeasible_0012,smarthome_generated_scripted,1H,run_01,/Users/Admin/home/MDC_Benchmark_lite_ufo3/runs/qwen3.7-plus-core200-20260829/mdcbench_lite_v1/run_01/194_sh1_state_inquiry_bedroom_energy_query_infeasible_0012,sha256:1b94e374ff3f7f7449c64e5ef6955c67a0f83326c42b414f9778fdb0fa1c5a17,final_merged_selected_attempt,FAIL,FAIL,lifecycle_valid,0.5,0.5,selected_attempt_evaluator_trace,4,95.415,done,model_behavior,1,home,home_0,/Users/Admin/home/MDC_Benchmark_lite_ufo3/runs/qwen3.7-plus-core200-20260829/mdcbench_lite_v1/run_01/194_sh1_state_inquiry_bedroom_energy_query_infeasible_0012/config/task.json,/Users/Admin/home/MDC_Benchmark_lite_ufo3/runs/qwen3.7-plus-core200-20260829/mdcbench_lite_v1/final_merged_status_after_infrastructure_repairs.json
qwen3.7-plus,195,sh4_time_schedule_missing_balcony_light_infeasible_0014,smarthome_generated_scripted,1H,run_01,/Users/Admin/home/MDC_Benchmark_lite_ufo3/runs/qwen3.7-plus-core200-20260829/mdcbench_lite_v1/run_01/195_sh4_time_schedule_missing_balcony_light_infeasible_0014,sha256:9c76667c3a761bcb6c296e60d80b207da2ab73eab592f3c69ec176b3f902257e,final_merged_selected_attempt,FAIL,FAIL,lifecycle_valid,0.5,0.5,selected_attempt_evaluator_trace,3,110.916,done,model_behavior,1,home,home_0,/Users/Admin/home/MDC_Benchmark_lite_ufo3/runs/qwen3.7-plus-core200-20260829/mdcbench_lite_v1/run_01/195_sh4_time_schedule_missing_balcony_light_infeasible_0014/config/task.json,/Users/Admin/home/MDC_Benchmark_lite_ufo3/runs/qwen3.7-plus-core200-20260829/mdcbench_lite_v1/final_merged_status_after_infrastructure_repairs.json
qwen3.7-plus,196,sh3_explicit_control_close_living_curtain_feasible_0001,smarthome_generated_scripted,1H,run_01,/Users/Admin/home/MDC_Benchmark_lite_ufo3/runs/qwen3.7-plus-core200-20260829/mdcbench_lite_v1/run_01/196_sh3_explicit_control_close_living_curtain_feasible_0001,sha256:d0a4c00a32c5acc0aa9d10bde3ad0f5c357302cf809edb0a96326477ec02ec84,final_merged_selected_attempt,PASS,PASS,lifecycle_valid,1.0,1.0,selected_attempt_evaluator_trace,2,14.143,done,passed,1,home,home_0,/Users/Admin/home/MDC_Benchmark_lite_ufo3/runs/qwen3.7-plus-core200-20260829/mdcbench_lite_v1/run_01/196_sh3_explicit_control_close_living_curtain_feasible_0001/config/task.json,/Users/Admin/home/MDC_Benchmark_lite_ufo3/runs/qwen3.7-plus-core200-20260829/mdcbench_lite_v1/final_merged_status_after_infrastructure_repairs.json
qwen3.7-plus,197,sh4_time_schedule_living_ac_temperature_feasible_0032,smarthome_generated_scripted,1H,run_01,/Users/Admin/home/MDC_Benchmark_lite_ufo3/runs/qwen3.7-plus-core200-20260829/mdcbench_lite_v1/run_01/197_sh4_time_schedule_living_ac_temperature_feasible_0032,sha256:71bb8dfd62408a52931dbdf76d195ef5056dc77c005e9e058d940cb20e154129,final_merged_selected_attempt,PASS,PASS,lifecycle_valid,1.0,1.0,selected_attempt_evaluator_trace,2,29.946,done,passed,1,home,home_0,/Users/Admin/home/MDC_Benchmark_lite_ufo3/runs/qwen3.7-plus-core200-20260829/mdcbench_lite_v1/run_01/197_sh4_time_schedule_living_ac_temperature_feasible_0032/config/task.json,/Users/Admin/home/MDC_Benchmark_lite_ufo3/runs/qwen3.7-plus-core200-20260829/mdcbench_lite_v1/final_merged_status_after_infrastructure_repairs.json
qwen3.7-plus,198,sh1_state_inquiry_bathroom_humidity_feasible_0001,smarthome_generated_scripted,1H,run_01,/Users/Admin/home/MDC_Benchmark_lite_ufo3/runs/qwen3.7-plus-core200-20260829/mdcbench_lite_v1/run_01/198_sh1_state_inquiry_bathroom_humidity_feasible_0001,sha256:c2c29cc853cd172597527c4c1afaf417acf24a8bc51886dc079767fb9e6c0c2a,final_merged_selected_attempt,PASS,PASS,lifecycle_valid,1.0,1.0,selected_attempt_evaluator_trace,3,23.693,done,passed,1,home,home_0,/Users/Admin/home/MDC_Benchmark_lite_ufo3/runs/qwen3.7-plus-core200-20260829/mdcbench_lite_v1/run_01/198_sh1_state_inquiry_bathroom_humidity_feasible_0001/config/task.json,/Users/Admin/home/MDC_Benchmark_lite_ufo3/runs/qwen3.7-plus-core200-20260829/mdcbench_lite_v1/final_merged_status_after_infrastructure_repairs.json
qwen3.7-plus,199,sh5_event_schedule_plain_light_dim_after_dryer_infeasible_0016,smarthome_generated_scripted,1H,run_01,/Users/Admin/home/MDC_Benchmark_lite_ufo3/runs/qwen3.7-plus-core200-20260829/mdcbench_lite_v1/run_01/199_sh5_event_schedule_plain_light_dim_after_dryer_infeasible_0016,sha256:6e10125d895c3920d4228638b661d69fade7a37875dd6190a6e93fcf2b5db631,final_merged_selected_attempt,FAIL,FAIL,lifecycle_valid,0.5,0.5,selected_attempt_evaluator_trace,3,50.235,done,model_behavior,1,home,home_0,/Users/Admin/home/MDC_Benchmark_lite_ufo3/runs/qwen3.7-plus-core200-20260829/mdcbench_lite_v1/run_01/199_sh5_event_schedule_plain_light_dim_after_dryer_infeasible_0016/config/task.json,/Users/Admin/home/MDC_Benchmark_lite_ufo3/runs/qwen3.7-plus-core200-20260829/mdcbench_lite_v1/final_merged_status_after_infrastructure_repairs.json
qwen3.7-plus,200,sh6_coordinated_schedule_missing_guest_room_workflow_infeasible_0016,smarthome_generated_scripted,1H,run_01,/Users/Admin/home/MDC_Benchmark_lite_ufo3/runs/qwen3.7-plus-core200-20260829/mdcbench_lite_v1/run_01/200_sh6_coordinated_schedule_missing_guest_room_workflow_infeasible_0016,sha256:54a682ac870c6a60f6ce15d9112fe667b863812612f3dbdce9e97fa6b1c1bb27,final_merged_selected_attempt,FAIL,FAIL,lifecycle_valid,0.5,0.5,selected_attempt_evaluator_trace,2,29.623,done,model_behavior,1,home,home_0,/Users/Admin/home/MDC_Benchmark_lite_ufo3/runs/qwen3.7-plus-core200-20260829/mdcbench_lite_v1/run_01/200_sh6_coordinated_schedule_missing_guest_room_workflow_infeasible_0016/config/task.json,/Users/Admin/home/MDC_Benchmark_lite_ufo3/runs/qwen3.7-plus-core200-20260829/mdcbench_lite_v1/final_merged_status_after_infrastructure_repairs.json
ufo3-gpt-5.5,1,a2l2_meeting_packet_full,real100,2A+2L,attempt_001,/Users/Admin/home/MDC_Benchmark_lite_ufo3/runs/ufo3-gpt-5.5-core200-rerun-20260826/mdcbench_lite_v1/run_01/001_a2l2_meeting_packet_full/attempts/attempt_001,sha256:c3508a07afb9af8d622ff4c06dfb6efbc6dfed8545bc8c5a20aadda94b0b3f8e,final_merged_selected_attempt,FAIL,FAIL,lifecycle_valid,0.6666666666666666,0.6666666666666666,selected_attempt_evaluator_trace,44,1176.572,done,incorrect_completion,4,android+linux,android_0+android_1+linux_0+linux_1,/Users/Admin/home/MDC_Benchmark_lite_ufo3/runs/ufo3-gpt-5.5-core200-rerun-20260826/mdcbench_lite_v1/run_01/001_a2l2_meeting_packet_full/attempts/attempt_001/config/task.json,/Users/Admin/home/MDC_Benchmark_lite_ufo3/runs/ufo3-gpt-5.5-core200-rerun-20260826/mdcbench_lite_v1/final_merged_status_after_infrastructure_repairs.json
ufo3-gpt-5.5,2,al2_data_transform_sync,real100,1A+2L,attempt_001,/Users/Admin/home/MDC_Benchmark_lite_ufo3/runs/ufo3-gpt-5.5-core200-rerun-20260826/mdcbench_lite_v1/run_01/002_al2_data_transform_sync/attempts/attempt_001,sha256:88dfcefb8ca5b9a54091228f38872b4c33952b0c549dc8a0e2affcd93e712488,final_merged_selected_attempt,PASS,PASS,lifecycle_valid,1.0,1.0,selected_attempt_evaluator_trace,16,441.035,done,passed,3,android+linux,android_0+linux_0+linux_1,/Users/Admin/home/MDC_Benchmark_lite_ufo3/runs/ufo3-gpt-5.5-core200-rerun-20260826/mdcbench_lite_v1/run_01/002_al2_data_transform_sync/attempts/attempt_001/config/task.json,/Users/Admin/home/MDC_Benchmark_lite_ufo3/runs/ufo3-gpt-5.5-core200-rerun-20260826/mdcbench_lite_v1/final_merged_status_after_infrastructure_repairs.json
ufo3-gpt-5.5,3,al_tutorial_screenshot,real100,1A+1L,attempt_001,/Users/Admin/home/MDC_Benchmark_lite_ufo3/runs/ufo3-gpt-5.5-core200-rerun-20260826/mdcbench_lite_v1/run_01/003_al_tutorial_screenshot/attempts/attempt_001,sha256:55dcc5d2f5021dd16a0fbb366fc81f78023ca42ef99a554fabf84a234d908ecf,final_merged_selected_attempt,PASS,PASS,lifecycle_valid,1.0,1.0,selected_attempt_evaluator_trace,10,223.091,done,passed,2,android+linux,android_0+linux_0,/Users/Admin/home/MDC_Benchmark_lite_ufo3/runs/ufo3-gpt-5.5-core200-rerun-20260826/mdcbench_lite_v1/run_01/003_al_tutorial_screenshot/attempts/attempt_001/config/task.json,/Users/Admin/home/MDC_Benchmark_lite_ufo3/runs/ufo3-gpt-5.5-core200-rerun-20260826/mdcbench_lite_v1/final_merged_status_after_infrastructure_repairs.json
ufo3-gpt-5.5,4,al_calendar_schedule_conflict,real100,1A+1L,attempt_001,/Users/Admin/home/MDC_Benchmark_lite_ufo3/runs/ufo3-gpt-5.5-core200-rerun-20260826/mdcbench_lite_v1/run_01/004_al_calendar_schedule_conflict/attempts/attempt_001,sha256:255c8d693a01fcbc22e8677f251092963d115cddda6c761cdea9fbdd75ca2941,final_merged_selected_attempt,FAIL,FAIL,lifecycle_valid,0.0,0.0,selected_attempt_evaluator_trace,50,532.996,max_steps,budget_exhausted,2,android+linux,android_0+linux_0,/Users/Admin/home/MDC_Benchmark_lite_ufo3/runs/ufo3-gpt-5.5-core200-rerun-20260826/mdcbench_lite_v1/run_01/004_al_calendar_schedule_conflict/attempts/attempt_001/config/task.json,/Users/Admin/home/MDC_Benchmark_lite_ufo3/runs/ufo3-gpt-5.5-core200-rerun-20260826/mdcbench_lite_v1/final_merged_status_after_infrastructure_repairs.json
ufo3-gpt-5.5,5,a2l_agenda_from_two_phones,real100,2A+1L,attempt_001,/Users/Admin/home/MDC_Benchmark_lite_ufo3/runs/ufo3-gpt-5.5-core200-rerun-20260826/mdcbench_lite_v1/run_01/005_a2l_agenda_from_two_phones/attempts/attempt_001,sha256:1c2400387eba733c60e7846771d07b724384fdb8a1406014c9200b3d14b158a9,final_merged_selected_attempt,PASS,PASS,lifecycle_valid,1.0,1.0,selected_attempt_evaluator_trace,21,416.493,done,passed,3,android+linux,android_0+android_1+linux_0,/Users/Admin/home/MDC_Benchmark_lite_ufo3/runs/ufo3-gpt-5.5-core200-rerun-20260826/mdcbench_lite_v1/run_01/005_a2l_agenda_from_two_phones/attempts/attempt_001/config/task.json,/Users/Admin/home/MDC_Benchmark_lite_ufo3/runs/ufo3-gpt-5.5-core200-rerun-20260826/mdcbench_lite_v1/final_merged_status_after_infrastructure_repairs.json
ufo3-gpt-5.5,6,a2_missing_media_status,real100,2A,attempt_001,/Users/Admin/home/MDC_Benchmark_lite_ufo3/runs/ufo3-gpt-5.5-core200-rerun-20260826/mdcbench_lite_v1/run_01/006_a2_missing_media_status/attempts/attempt_001,sha256:98a0660c2582dc927dc31240331308a8d801a7238f355221e74d11cfe47a30c7,final_merged_selected_attempt,FAIL,FAIL,lifecycle_valid,0.0,0.0,selected_attempt_evaluator_trace,29,1539.234,done,incorrect_completion,2,android,android_0+android_1,/Users/Admin/home/MDC_Benchmark_lite_ufo3/runs/ufo3-gpt-5.5-core200-rerun-20260826/mdcbench_lite_v1/run_01/006_a2_missing_media_status/attempts/attempt_001/config/task.json,/Users/Admin/home/MDC_Benchmark_lite_ufo3/runs/ufo3-gpt-5.5-core200-rerun-20260826/mdcbench_lite_v1/final_merged_status_after_infrastructure_repairs.json
ufo3-gpt-5.5,7,l2_csv_to_json,real100,2L,attempt_001,/Users/Admin/home/MDC_Benchmark_lite_ufo3/runs/ufo3-gpt-5.5-core200-rerun-20260826/mdcbench_lite_v1/run_01/007_l2_csv_to_json/attempts/attempt_001,sha256:91d4433eebbcdda79e4c29c64cbc83424fa890f015d267e43991ca3113c04cfc,final_merged_selected_attempt,PASS,PASS,lifecycle_valid,1.0,1.0,selected_attempt_evaluator_trace,17,985.79,done,passed,2,linux,linux_0+linux_1,/Users/Admin/home/MDC_Benchmark_lite_ufo3/runs/ufo3-gpt-5.5-core200-rerun-20260826/mdcbench_lite_v1/run_01/007_l2_csv_to_json/attempts/attempt_001/config/task.json,/Users/Admin/home/MDC_Benchmark_lite_ufo3/runs/ufo3-gpt-5.5-core200-rerun-20260826/mdcbench_lite_v1/final_merged_status_after_infrastructure_repairs.json
ufo3-gpt-5.5,8,al_request_audio,real100,1A+1L,attempt_001,/Users/Admin/home/MDC_Benchmark_lite_ufo3/runs/ufo3-gpt-5.5-core200-rerun-20260826/mdcbench_lite_v1/run_01/008_al_request_audio/attempts/attempt_001,sha256:6ac7870304522208d9d15b29f664fbc48f2816ae75db4214b6f4fb3bce1a9429,final_merged_selected_attempt,FAIL,FAIL,lifecycle_valid,0.0,0.0,selected_attempt_evaluator_trace,48,1874.879,time_limit,budget_exhausted,2,android+linux,android_0+linux_0,/Users/Admin/home/MDC_Benchmark_lite_ufo3/runs/ufo3-gpt-5.5-core200-rerun-20260826/mdcbench_lite_v1/run_01/008_al_request_audio/attempts/attempt_001/config/task.json,/Users/Admin/home/MDC_Benchmark_lite_ufo3/runs/ufo3-gpt-5.5-core200-rerun-20260826/mdcbench_lite_v1/final_merged_status_after_infrastructure_repairs.json
ufo3-gpt-5.5,9,a2l2_training_deck_notify,real200,2A+2L,attempt_001,/Users/Admin/home/MDC_Benchmark_lite_ufo3/runs/ufo3-gpt-5.5-core200-rerun-20260826/mdcbench_lite_v1/run_01/009_a2l2_training_deck_notify/attempts/attempt_001,sha256:0e06c7d05c0ef6f816f1704ec04d04e291d1efd8ba861e3cdc17d95a9aed61cc,final_merged_selected_attempt,FAIL,FAIL,lifecycle_valid,0.3333333333333333,0.3333333333333333,selected_attempt_evaluator_trace,31,1857.638,time_limit,budget_exhausted,4,android+linux,android_0+android_1+linux_0+linux_1,/Users/Admin/home/MDC_Benchmark_lite_ufo3/runs/ufo3-gpt-5.5-core200-rerun-20260826/mdcbench_lite_v1/run_01/009_a2l2_training_deck_notify/attempts/attempt_001/config/task.json,/Users/Admin/home/MDC_Benchmark_lite_ufo3/runs/ufo3-gpt-5.5-core200-rerun-20260826/mdcbench_lite_v1/final_merged_status_after_infrastructure_repairs.json
ufo3-gpt-5.5,10,a2_route_media_status,real200,2A,attempt_001,/Users/Admin/home/MDC_Benchmark_lite_ufo3/runs/ufo3-gpt-5.5-core200-rerun-20260826/mdcbench_lite_v1/run_01/010_a2_route_media_status/attempts/attempt_001,sha256:15800b0650c989769c773a0f0721b2c9161cd01186ff755e60f5cc97de857cfb,final_merged_selected_attempt,FAIL,FAIL,lifecycle_valid,0.0,0.0,selected_attempt_evaluator_trace,50,1008.85,max_steps,budget_exhausted,2,android,android_0+android_1,/Users/Admin/home/MDC_Benchmark_lite_ufo3/runs/ufo3-gpt-5.5-core200-rerun-20260826/mdcbench_lite_v1/run_01/010_a2_route_media_status/attempts/attempt_001/config/task.json,/Users/Admin/home/MDC_Benchmark_lite_ufo3/runs/ufo3-gpt-5.5-core200-rerun-20260826/mdcbench_lite_v1/final_merged_status_after_infrastructure_repairs.json
ufo3-gpt-5.5,11,al2_alarm_calc_email,real200,1A+2L,attempt_001,/Users/Admin/home/MDC_Benchmark_lite_ufo3/runs/ufo3-gpt-5.5-core200-rerun-20260826/mdcbench_lite_v1/run_01/011_al2_alarm_calc_email/attempts/attempt_001,sha256:a0c80ad6a665bcd578cfa0f67c2c4eb6acf32e3313c51b509700b162c23de8b0,final_merged_selected_attempt,FAIL,FAIL,lifecycle_valid,0.5,0.5,selected_attempt_evaluator_trace,14,403.195,done,incorrect_completion,3,android+linux,android_0+linux_0+linux_1,/Users/Admin/home/MDC_Benchmark_lite_ufo3/runs/ufo3-gpt-5.5-core200-rerun-20260826/mdcbench_lite_v1/run_01/011_al2_alarm_calc_email/attempts/attempt_001/config/task.json,/Users/Admin/home/MDC_Benchmark_lite_ufo3/runs/ufo3-gpt-5.5-core200-rerun-20260826/mdcbench_lite_v1/final_merged_status_after_infrastructure_repairs.json
ufo3-gpt-5.5,12,a2l_contact_otp_web_form,real200,2A+1L,attempt_001,/Users/Admin/home/MDC_Benchmark_lite_ufo3/runs/ufo3-gpt-5.5-core200-rerun-20260826/mdcbench_lite_v1/run_01/012_a2l_contact_otp_web_form/attempts/attempt_001,sha256:703f478474ed580001d37009f654a78b773ae48fb8c37fc52173bdf1e5f9f78c,final_merged_selected_attempt,PASS,PASS,lifecycle_valid,1.0,1.0,selected_attempt_evaluator_trace,14,293.106,done,passed,3,android+linux,android_0+android_1+linux_0,/Users/Admin/home/MDC_Benchmark_lite_ufo3/runs/ufo3-gpt-5.5-core200-rerun-20260826/mdcbench_lite_v1/run_01/012_a2l_contact_otp_web_form/attempts/attempt_001/config/task.json,/Users/Admin/home/MDC_Benchmark_lite_ufo3/runs/ufo3-gpt-5.5-core200-rerun-20260826/mdcbench_lite_v1/final_merged_status_after_infrastructure_repairs.json
ufo3-gpt-5.5,13,al_thunderbird_attachment_to_tasks,real200,1A+1L,attempt_002,/Users/Admin/home/MDC_Benchmark_lite_ufo3/runs/ufo3-gpt-5.5-core200-rerun-20260826/mdcbench_lite_v1/run_01/013_al_thunderbird_attachment_to_tasks/attempts/attempt_002,sha256:f0fae2f6dceeeebbac6d71fd04fd1d389e1d7b9fc26f3b2afa27422215fc7d58,final_merged_selected_attempt,FAIL,FAIL,lifecycle_valid,0.0,0.0,selected_attempt_evaluator_trace,50,1609.817,max_steps,budget_exhausted,2,android+linux,android_0+linux_0,/Users/Admin/home/MDC_Benchmark_lite_ufo3/runs/ufo3-gpt-5.5-core200-rerun-20260826/mdcbench_lite_v1/run_01/013_al_thunderbird_attachment_to_tasks/attempts/attempt_002/config/task.json,/Users/Admin/home/MDC_Benchmark_lite_ufo3/runs/ufo3-gpt-5.5-core200-rerun-20260826/mdcbench_lite_v1/final_merged_status_after_infrastructure_repairs.json
ufo3-gpt-5.5,14,l2_vscode_settings_update,real200,2L,attempt_001,/Users/Admin/home/MDC_Benchmark_lite_ufo3/runs/ufo3-gpt-5.5-core200-rerun-20260826/mdcbench_lite_v1/run_01/014_l2_vscode_settings_update/attempts/attempt_001,sha256:98b04aa99b30ef180b6119d9e6761f958bfd7fad65595bb0a4d932511d4a6b8b,final_merged_selected_attempt,PASS,PASS,lifecycle_valid,1.0,1.0,selected_attempt_evaluator_trace,8,394.198,done,passed,2,linux,linux_0+linux_1,/Users/Admin/home/MDC_Benchmark_lite_ufo3/runs/ufo3-gpt-5.5-core200-rerun-20260826/mdcbench_lite_v1/run_01/014_l2_vscode_settings_update/attempts/attempt_001/config/task.json,/Users/Admin/home/MDC_Benchmark_lite_ufo3/runs/ufo3-gpt-5.5-core200-rerun-20260826/mdcbench_lite_v1/final_merged_status_after_infrastructure_repairs.json
ufo3-gpt-5.5,15,a2l_media_manifest,real200,2A+1L,attempt_001,/Users/Admin/home/MDC_Benchmark_lite_ufo3/runs/ufo3-gpt-5.5-core200-rerun-20260826/mdcbench_lite_v1/run_01/015_a2l_media_manifest/attempts/attempt_001,sha256:acc64d3962d305a6ff1e48e4bd34d1590dd70cb883fbc3320b7974c34c367d30,final_merged_selected_attempt,FAIL,FAIL,lifecycle_valid,0.0,0.0,selected_attempt_evaluator_trace,50,1752.278,max_steps,budget_exhausted,3,android+linux,android_0+android_1+linux_0,/Users/Admin/home/MDC_Benchmark_lite_ufo3/runs/ufo3-gpt-5.5-core200-rerun-20260826/mdcbench_lite_v1/run_01/015_a2l_media_manifest/attempts/attempt_001/config/task.json,/Users/Admin/home/MDC_Benchmark_lite_ufo3/runs/ufo3-gpt-5.5-core200-rerun-20260826/mdcbench_lite_v1/final_merged_status_after_infrastructure_repairs.json
ufo3-gpt-5.5,16,a2_alarm_conflict_log,real200,2A,attempt_001,/Users/Admin/home/MDC_Benchmark_lite_ufo3/runs/ufo3-gpt-5.5-core200-rerun-20260826/mdcbench_lite_v1/run_01/016_a2_alarm_conflict_log/attempts/attempt_001,sha256:afd988e3d50d2ebbdfc12ee446e4335c1fbe0a916edf5a765ed8dbf2462c42ee,final_merged_selected_attempt,FAIL,FAIL,lifecycle_valid,0.3333333333333333,0.3333333333333333,selected_attempt_evaluator_trace,25,1828.866,time_limit,budget_exhausted,2,android,android_0+android_1,/Users/Admin/home/MDC_Benchmark_lite_ufo3/runs/ufo3-gpt-5.5-core200-rerun-20260826/mdcbench_lite_v1/run_01/016_a2_alarm_conflict_log/attempts/attempt_001/config/task.json,/Users/Admin/home/MDC_Benchmark_lite_ufo3/runs/ufo3-gpt-5.5-core200-rerun-20260826/mdcbench_lite_v1/final_merged_status_after_infrastructure_repairs.json
ufo3-gpt-5.5,17,al_writer_from_note_gui,real200,1A+1L,attempt_001,/Users/Admin/home/MDC_Benchmark_lite_ufo3/runs/ufo3-gpt-5.5-core200-rerun-20260826/mdcbench_lite_v1/run_01/017_al_writer_from_note_gui/attempts/attempt_001,sha256:2669d09f2f7f0ce72266ef395503ab6fea03c5e69355f7a9301c20538c39427d,final_merged_selected_attempt,PASS,PASS,lifecycle_valid,1.0,1.0,selected_attempt_evaluator_trace,21,1901.085,done,passed,2,android+linux,android_0+linux_0,/Users/Admin/home/MDC_Benchmark_lite_ufo3/runs/ufo3-gpt-5.5-core200-rerun-20260826/mdcbench_lite_v1/run_01/017_al_writer_from_note_gui/attempts/attempt_001/config/task.json,/Users/Admin/home/MDC_Benchmark_lite_ufo3/runs/ufo3-gpt-5.5-core200-rerun-20260826/mdcbench_lite_v1/final_merged_status_after_infrastructure_repairs.json
ufo3-gpt-5.5,18,al_playlist_from_csv,real200,1A+1L,attempt_001,/Users/Admin/home/MDC_Benchmark_lite_ufo3/runs/ufo3-gpt-5.5-core200-rerun-20260826/mdcbench_lite_v1/run_01/018_al_playlist_from_csv/attempts/attempt_001,sha256:db437384a8d1984e0272115acaa6dca2f0ad3e1edb8adfbba827526c53f50867,final_merged_selected_attempt,FAIL,FAIL,lifecycle_valid,0.0,0.0,selected_attempt_evaluator_trace,50,1747.834,max_steps,budget_exhausted,2,android+linux,android_0+linux_0,/Users/Admin/home/MDC_Benchmark_lite_ufo3/runs/ufo3-gpt-5.5-core200-rerun-20260826/mdcbench_lite_v1/run_01/018_al_playlist_from_csv/attempts/attempt_001/config/task.json,/Users/Admin/home/MDC_Benchmark_lite_ufo3/runs/ufo3-gpt-5.5-core200-rerun-20260826/mdcbench_lite_v1/final_merged_status_after_infrastructure_repairs.json
ufo3-gpt-5.5,19,a2l2_vscode_web_music_final_gate,real300,A+A+L+L,attempt_001,/Users/Admin/home/MDC_Benchmark_lite_ufo3/runs/ufo3-gpt-5.5-core200-rerun-20260826/mdcbench_lite_v1/run_01/019_a2l2_vscode_web_music_final_gate/attempts/attempt_001,sha256:83b2ff68deb68ee6cfa52d7bbae56b49fc831265caead36c1a094f24587cadb2,final_merged_selected_attempt,FAIL,FAIL,lifecycle_valid,0.0,0.0,selected_attempt_evaluator_trace,20,1257.189,done,incorrect_completion,4,android+linux,android_0+android_1+linux_0+linux_1,/Users/Admin/home/MDC_Benchmark_lite_ufo3/runs/ufo3-gpt-5.5-core200-rerun-20260826/mdcbench_lite_v1/run_01/019_a2l2_vscode_web_music_final_gate/attempts/attempt_001/config/task.json,/Users/Admin/home/MDC_Benchmark_lite_ufo3/runs/ufo3-gpt-5.5-core200-rerun-20260826/mdcbench_lite_v1/final_merged_status_after_infrastructure_repairs.json
ufo3-gpt-5.5,20,al2_mail_calc_alarm_sync,real300,A+L+L,attempt_001,/Users/Admin/home/MDC_Benchmark_lite_ufo3/runs/ufo3-gpt-5.5-core200-rerun-20260826/mdcbench_lite_v1/run_01/020_al2_mail_calc_alarm_sync/attempts/attempt_001,sha256:ddaefdfa545a9a4cd551d36f79b6aa33d557ce4916a2e7c797c7cf31b9b7a737,final_merged_selected_attempt,FAIL,FAIL,lifecycle_valid,0.3333333333333333,0.3333333333333333,selected_attempt_evaluator_trace,27,1958.625,time_limit,budget_exhausted,3,android+linux,android_0+linux_0+linux_1,/Users/Admin/home/MDC_Benchmark_lite_ufo3/runs/ufo3-gpt-5.5-core200-rerun-20260826/mdcbench_lite_v1/run_01/020_al2_mail_calc_alarm_sync/attempts/attempt_001/config/task.json,/Users/Admin/home/MDC_Benchmark_lite_ufo3/runs/ufo3-gpt-5.5-core200-rerun-20260826/mdcbench_lite_v1/final_merged_status_after_infrastructure_repairs.json
ufo3-gpt-5.5,21,al_map_audio_packet,real300,A+L,attempt_001,/Users/Admin/home/MDC_Benchmark_lite_ufo3/runs/ufo3-gpt-5.5-core200-rerun-20260826/mdcbench_lite_v1/run_01/021_al_map_audio_packet/attempts/attempt_001,sha256:406a02c27bd98075d2661f6f29d44d15ff1e6acdcfae8dad3c6912f7ad35bdb6,final_merged_selected_attempt,FAIL,FAIL,lifecycle_valid,0.0,0.0,selected_attempt_evaluator_trace,50,1338.88,max_steps,budget_exhausted,2,android+linux,android_0+linux_0,/Users/Admin/home/MDC_Benchmark_lite_ufo3/runs/ufo3-gpt-5.5-core200-rerun-20260826/mdcbench_lite_v1/run_01/021_al_map_audio_packet/attempts/attempt_001/config/task.json,/Users/Admin/home/MDC_Benchmark_lite_ufo3/runs/ufo3-gpt-5.5-core200-rerun-20260826/mdcbench_lite_v1/final_merged_status_after_infrastructure_repairs.json
ufo3-gpt-5.5,22,a2l_audio_thunderbird_draft,real300,A+A+L,attempt_001,/Users/Admin/home/MDC_Benchmark_lite_ufo3/runs/ufo3-gpt-5.5-core200-rerun-20260826/mdcbench_lite_v1/run_01/022_a2l_audio_thunderbird_draft/attempts/attempt_001,sha256:fbdb0e8e62eaaf1991423159806191e88304d020ea2e9b4461c3626c6f1fb56e,final_merged_selected_attempt,FAIL,FAIL,lifecycle_valid,0.0,0.0,selected_attempt_evaluator_trace,18,375.279,done,incorrect_completion,3,android+linux,android_0+android_1+linux_0,/Users/Admin/home/MDC_Benchmark_lite_ufo3/runs/ufo3-gpt-5.5-core200-rerun-20260826/mdcbench_lite_v1/run_01/022_a2l_audio_thunderbird_draft/attempts/attempt_001/config/task.json,/Users/Admin/home/MDC_Benchmark_lite_ufo3/runs/ufo3-gpt-5.5-core200-rerun-20260826/mdcbench_lite_v1/final_merged_status_after_infrastructure_repairs.json
ufo3-gpt-5.5,23,al_camera_web_upload_form,real300,A+L,attempt_001,/Users/Admin/home/MDC_Benchmark_lite_ufo3/runs/ufo3-gpt-5.5-core200-rerun-20260826/mdcbench_lite_v1/run_01/023_al_camera_web_upload_form/attempts/attempt_001,sha256:624f8f639f1f55fe5bb79cccbb2e4ee176c1b4e4786009fb5e21712ae98c3b3d,final_merged_selected_attempt,PASS,PASS,lifecycle_valid,1.0,1.0,selected_attempt_evaluator_trace,10,250.058,done,passed,2,android+linux,android_0+linux_0,/Users/Admin/home/MDC_Benchmark_lite_ufo3/runs/ufo3-gpt-5.5-core200-rerun-20260826/mdcbench_lite_v1/run_01/023_al_camera_web_upload_form/attempts/attempt_001/config/task.json,/Users/Admin/home/MDC_Benchmark_lite_ufo3/runs/ufo3-gpt-5.5-core200-rerun-20260826/mdcbench_lite_v1/final_merged_status_after_infrastructure_repairs.json
ufo3-gpt-5.5,24,a2l_osmand_calc_visit,real300,A+A+L,attempt_001,/Users/Admin/home/MDC_Benchmark_lite_ufo3/runs/ufo3-gpt-5.5-core200-rerun-20260826/mdcbench_lite_v1/run_01/024_a2l_osmand_calc_visit/attempts/attempt_001,sha256:c97c3d13fef72fcaf64ed18bb4158dfd573fc4b2098f67e03e926212a7587837,final_merged_selected_attempt,FAIL,FAIL,lifecycle_valid,0.0,0.0,selected_attempt_evaluator_trace,12,270.628,done,incorrect_completion,3,android+linux,android_0+android_1+linux_0,/Users/Admin/home/MDC_Benchmark_lite_ufo3/runs/ufo3-gpt-5.5-core200-rerun-20260826/mdcbench_lite_v1/run_01/024_a2l_osmand_calc_visit/attempts/attempt_001/config/task.json,/Users/Admin/home/MDC_Benchmark_lite_ufo3/runs/ufo3-gpt-5.5-core200-rerun-20260826/mdcbench_lite_v1/final_merged_status_after_infrastructure_repairs.json
ufo3-gpt-5.5,25,a2_gallery_cleanup_log,real300,A+A,attempt_001,/Users/Admin/home/MDC_Benchmark_lite_ufo3/runs/ufo3-gpt-5.5-core200-rerun-20260826/mdcbench_lite_v1/run_01/025_a2_gallery_cleanup_log/attempts/attempt_001,sha256:f6c1f0ee8af13a800138668509f55754a0aa1d3d195903a71f186b63bbe57599,final_merged_selected_attempt,FAIL,FAIL,lifecycle_valid,0.0,0.0,selected_attempt_evaluator_trace,50,550.127,max_steps,budget_exhausted,2,android,android_0+android_1,/Users/Admin/home/MDC_Benchmark_lite_ufo3/runs/ufo3-gpt-5.5-core200-rerun-20260826/mdcbench_lite_v1/run_01/025_a2_gallery_cleanup_log/attempts/attempt_001/config/task.json,/Users/Admin/home/MDC_Benchmark_lite_ufo3/runs/ufo3-gpt-5.5-core200-rerun-20260826/mdcbench_lite_v1/final_merged_status_after_infrastructure_repairs.json
ufo3-gpt-5.5,26,l2_mail_rule_foldering,real300,L+L,attempt_001,/Users/Admin/home/MDC_Benchmark_lite_ufo3/runs/ufo3-gpt-5.5-core200-rerun-20260826/mdcbench_lite_v1/run_01/026_l2_mail_rule_foldering/attempts/attempt_001,sha256:ee50eb532b8c9f8addb05ae89d38a964181d0ba2bc4a82c90184f2144febe336,final_merged_selected_attempt,FAIL,FAIL,lifecycle_valid,0.0,0.0,selected_attempt_evaluator_trace,9,349.957,done,incorrect_completion,2,linux,linux_0+linux_1,/Users/Admin/home/MDC_Benchmark_lite_ufo3/runs/ufo3-gpt-5.5-core200-rerun-20260826/mdcbench_lite_v1/run_01/026_l2_mail_rule_foldering/attempts/attempt_001/config/task.json,/Users/Admin/home/MDC_Benchmark_lite_ufo3/runs/ufo3-gpt-5.5-core200-rerun-20260826/mdcbench_lite_v1/final_merged_status_after_infrastructure_repairs.json
ufo3-gpt-5.5,27,a2l2_training_media_deck_email,real300,A+A+L+L,attempt_001,/Users/Admin/home/MDC_Benchmark_lite_ufo3/runs/ufo3-gpt-5.5-core200-rerun-20260826/mdcbench_lite_v1/run_01/027_a2l2_training_media_deck_email/attempts/attempt_001,sha256:b79a5454602c6035e420ea485e1206338784f56f9eb54aacf11df940d0c12309,final_merged_selected_attempt,FAIL,FAIL,lifecycle_valid,0.0,0.0,selected_attempt_evaluator_trace,50,756.966,max_steps,budget_exhausted,4,android+linux,android_0+android_1+linux_0+linux_1,/Users/Admin/home/MDC_Benchmark_lite_ufo3/runs/ufo3-gpt-5.5-core200-rerun-20260826/mdcbench_lite_v1/run_01/027_a2l2_training_media_deck_email/attempts/attempt_001/config/task.json,/Users/Admin/home/MDC_Benchmark_lite_ufo3/runs/ufo3-gpt-5.5-core200-rerun-20260826/mdcbench_lite_v1/final_merged_status_after_infrastructure_repairs.json
ufo3-gpt-5.5,28,a2l_browser_dual_phone_code,real300,A+A+L,attempt_001,/Users/Admin/home/MDC_Benchmark_lite_ufo3/runs/ufo3-gpt-5.5-core200-rerun-20260826/mdcbench_lite_v1/run_01/028_a2l_browser_dual_phone_code/attempts/attempt_001,sha256:599b4527aaf87d2b52732fdda5911eda5710858fb1585a782b8cf2945995310c,final_merged_selected_attempt,FAIL,FAIL,lifecycle_valid,0.0,0.0,selected_attempt_evaluator_trace,19,1054.493,replanner_fail,incorrect_completion,3,android+linux,android_0+android_1+linux_0,/Users/Admin/home/MDC_Benchmark_lite_ufo3/runs/ufo3-gpt-5.5-core200-rerun-20260826/mdcbench_lite_v1/run_01/028_a2l_browser_dual_phone_code/attempts/attempt_001/config/task.json,/Users/Admin/home/MDC_Benchmark_lite_ufo3/runs/ufo3-gpt-5.5-core200-rerun-20260826/mdcbench_lite_v1/final_merged_status_after_infrastructure_repairs.json
ufo3-gpt-5.5,29,al_sms_web_download_statement,real300,A+L,attempt_001,/Users/Admin/home/MDC_Benchmark_lite_ufo3/runs/ufo3-gpt-5.5-core200-rerun-20260826/mdcbench_lite_v1/run_01/029_al_sms_web_download_statement/attempts/attempt_001,sha256:881c2961a734d529512d9cb016720f6a75aacd06b26d3f80286e05b0dd84858b,final_merged_selected_attempt,PASS,PASS,lifecycle_valid,1.0,1.0,selected_attempt_evaluator_trace,13,554.936,done,passed,2,android+linux,android_0+linux_0,/Users/Admin/home/MDC_Benchmark_lite_ufo3/runs/ufo3-gpt-5.5-core200-rerun-20260826/mdcbench_lite_v1/run_01/029_al_sms_web_download_statement/attempts/attempt_001/config/task.json,/Users/Admin/home/MDC_Benchmark_lite_ufo3/runs/ufo3-gpt-5.5-core200-rerun-20260826/mdcbench_lite_v1/final_merged_status_after_infrastructure_repairs.json
ufo3-gpt-5.5,30,a2_gallery_album_to_tasks,real300,A+A,attempt_001,/Users/Admin/home/MDC_Benchmark_lite_ufo3/runs/ufo3-gpt-5.5-core200-rerun-20260826/mdcbench_lite_v1/run_01/030_a2_gallery_album_to_tasks/attempts/attempt_001,sha256:6b4a379681fea8b6f4a742c9e103a40d3277d0e44f46116f60c8f8d863b7d50b,final_merged_selected_attempt,FAIL,FAIL,lifecycle_valid,0.0,0.0,selected_attempt_evaluator_trace,38,1809.873,time_limit,budget_exhausted,2,android,android_0+android_1,/Users/Admin/home/MDC_Benchmark_lite_ufo3/runs/ufo3-gpt-5.5-core200-rerun-20260826/mdcbench_lite_v1/run_01/030_a2_gallery_album_to_tasks/attempts/attempt_001/config/task.json,/Users/Admin/home/MDC_Benchmark_lite_ufo3/runs/ufo3-gpt-5.5-core200-rerun-20260826/mdcbench_lite_v1/final_merged_status_after_infrastructure_repairs.json
ufo3-gpt-5.5,31,linux_android_904,linux_android,android_0+android_1+linux_0+linux_1,attempt_001,/Users/Admin/home/MDC_Benchmark_lite_ufo3/runs/ufo3-gpt-5.5-core200-rerun-20260826/mdcbench_lite_v1/run_01/031_linux_android_904/attempts/attempt_001,sha256:d52d0dc17fdc4540525ae29cc61e0e64aea2561172a31aa0d4800e17c1cc03b4,final_merged_selected_attempt,FAIL,FAIL,lifecycle_valid,0.0,0.0,selected_attempt_evaluator_trace,50,1269.742,max_steps,budget_exhausted,4,android+linux,android_0+android_1+linux_0+linux_1,/Users/Admin/home/MDC_Benchmark_lite_ufo3/runs/ufo3-gpt-5.5-core200-rerun-20260826/mdcbench_lite_v1/run_01/031_linux_android_904/attempts/attempt_001/config/task.json,/Users/Admin/home/MDC_Benchmark_lite_ufo3/runs/ufo3-gpt-5.5-core200-rerun-20260826/mdcbench_lite_v1/final_merged_status_after_infrastructure_repairs.json
ufo3-gpt-5.5,32,linux_android_1040,linux_android,android_0+android_1+linux_0,attempt_001,/Users/Admin/home/MDC_Benchmark_lite_ufo3/runs/ufo3-gpt-5.5-core200-rerun-20260826/mdcbench_lite_v1/run_01/032_linux_android_1040/attempts/attempt_001,sha256:a3048d71fcfbf7e3ca992fb741239a7c8f3be743fd865467b5f69853bff19ca8,final_merged_selected_attempt,FAIL,FAIL,lifecycle_valid,0.0,0.0,selected_attempt_evaluator_trace,36,1907.407,time_limit,budget_exhausted,3,android+linux,android_0+android_1+linux_0,/Users/Admin/home/MDC_Benchmark_lite_ufo3/runs/ufo3-gpt-5.5-core200-rerun-20260826/mdcbench_lite_v1/run_01/032_linux_android_1040/attempts/attempt_001/config/task.json,/Users/Admin/home/MDC_Benchmark_lite_ufo3/runs/ufo3-gpt-5.5-core200-rerun-20260826/mdcbench_lite_v1/final_merged_status_after_infrastructure_repairs.json
ufo3-gpt-5.5,33,linux_android_1313,linux_android,2A+2L,attempt_001,/Users/Admin/home/MDC_Benchmark_lite_ufo3/runs/ufo3-gpt-5.5-core200-rerun-20260826/mdcbench_lite_v1/run_01/033_linux_android_1313/attempts/attempt_001,sha256:756e657fba6718d02434a4c9e27cadce133f2e69a687cddb00ede8f7294f1179,final_merged_selected_attempt,FAIL,FAIL,lifecycle_valid,0.0,0.0,selected_attempt_evaluator_trace,45,1890.578,time_limit,budget_exhausted,4,android+linux,linux_0+linux_1+android_0+android_1,/Users/Admin/home/MDC_Benchmark_lite_ufo3/runs/ufo3-gpt-5.5-core200-rerun-20260826/mdcbench_lite_v1/run_01/033_linux_android_1313/attempts/attempt_001/config/task.json,/Users/Admin/home/MDC_Benchmark_lite_ufo3/runs/ufo3-gpt-5.5-core200-rerun-20260826/mdcbench_lite_v1/final_merged_status_after_infrastructure_repairs.json
ufo3-gpt-5.5,34,linux_android_1798,linux_android,android_0+linux_0+linux_1,attempt_001,/Users/Admin/home/MDC_Benchmark_lite_ufo3/runs/ufo3-gpt-5.5-core200-rerun-20260826/mdcbench_lite_v1/run_01/034_linux_android_1798/attempts/attempt_001,sha256:fb8ff580549b0da7045596d9131565116d5b7e67a86cd2f91090e84a40dfa5c2,final_merged_selected_attempt,FAIL,FAIL,lifecycle_valid,0.0,0.0,selected_attempt_evaluator_trace,11,526.999,done,incorrect_completion,3,android+linux,android_0+linux_0+linux_1,/Users/Admin/home/MDC_Benchmark_lite_ufo3/runs/ufo3-gpt-5.5-core200-rerun-20260826/mdcbench_lite_v1/run_01/034_linux_android_1798/attempts/attempt_001/config/task.json,/Users/Admin/home/MDC_Benchmark_lite_ufo3/runs/ufo3-gpt-5.5-core200-rerun-20260826/mdcbench_lite_v1/final_merged_status_after_infrastructure_repairs.json
ufo3-gpt-5.5,35,linux_android_1368,linux_android,2A+1L,attempt_001,/Users/Admin/home/MDC_Benchmark_lite_ufo3/runs/ufo3-gpt-5.5-core200-rerun-20260826/mdcbench_lite_v1/run_01/035_linux_android_1368/attempts/attempt_001,sha256:917383222ad139278defd5b8b74fd8430a5e1eb2eba3785aca2af51d464da0ba,final_merged_selected_attempt,FAIL,FAIL,lifecycle_valid,0.5,0.5,selected_attempt_evaluator_trace,44,871.822,done,incorrect_completion,3,android+linux,linux_0+android_0+android_1,/Users/Admin/home/MDC_Benchmark_lite_ufo3/runs/ufo3-gpt-5.5-core200-rerun-20260826/mdcbench_lite_v1/run_01/035_linux_android_1368/attempts/attempt_001/config/task.json,/Users/Admin/home/MDC_Benchmark_lite_ufo3/runs/ufo3-gpt-5.5-core200-rerun-20260826/mdcbench_lite_v1/final_merged_status_after_infrastructure_repairs.json
ufo3-gpt-5.5,36,linux_android_1078,linux_android,android_0+linux_0,attempt_001,/Users/Admin/home/MDC_Benchmark_lite_ufo3/runs/ufo3-gpt-5.5-core200-rerun-20260826/mdcbench_lite_v1/run_01/036_linux_android_1078/attempts/attempt_001,sha256:84d71201f3ce14f1af22508f171ed513a0d86e837442590085ae9c99c6eed177,final_merged_selected_attempt,FAIL,FAIL,lifecycle_valid,0.5,0.5,selected_attempt_evaluator_trace,23,834.893,done,incorrect_completion,2,android+linux,android_0+linux_0,/Users/Admin/home/MDC_Benchmark_lite_ufo3/runs/ufo3-gpt-5.5-core200-rerun-20260826/mdcbench_lite_v1/run_01/036_linux_android_1078/attempts/attempt_001/config/task.json,/Users/Admin/home/MDC_Benchmark_lite_ufo3/runs/ufo3-gpt-5.5-core200-rerun-20260826/mdcbench_lite_v1/final_merged_status_after_infrastructure_repairs.json
ufo3-gpt-5.5,37,linux_android_1255,linux_android,1A+1L,attempt_005,/Users/Admin/home/MDC_Benchmark_lite_ufo3/runs/ufo3-gpt-5.5-core200-rerun-20260826/mdcbench_lite_v1/run_01/037_linux_android_1255/attempts/attempt_005,sha256:2236ec9411ebdc844e22ae768b960b0e00223195ba3c12c6f9f680d4581ed963,final_merged_selected_attempt,FAIL,FAIL,lifecycle_valid,0.3333333333333333,0.3333333333333333,selected_attempt_evaluator_trace,34,1516.427,done,incorrect_completion,2,android+linux,linux_0+android_0,/Users/Admin/home/MDC_Benchmark_lite_ufo3/runs/ufo3-gpt-5.5-core200-rerun-20260826/mdcbench_lite_v1/run_01/037_linux_android_1255/attempts/attempt_005/config/task.json,/Users/Admin/home/MDC_Benchmark_lite_ufo3/runs/ufo3-gpt-5.5-core200-rerun-20260826/mdcbench_lite_v1/final_merged_status_after_infrastructure_repairs.json
ufo3-gpt-5.5,38,linux_android_1241,linux_android,1A+2L,attempt_001,/Users/Admin/home/MDC_Benchmark_lite_ufo3/runs/ufo3-gpt-5.5-core200-rerun-20260826/mdcbench_lite_v1/run_01/038_linux_android_1241/attempts/attempt_001,sha256:ce6fc88ceadc1a66347d1790d0da509424afc12677da2ed207cae0d1f924b1f1,final_merged_selected_attempt,FAIL,FAIL,lifecycle_valid,0.2,0.2,selected_attempt_evaluator_trace,42,1951.585,time_limit,budget_exhausted,3,android+linux,linux_0+linux_1+android_0,/Users/Admin/home/MDC_Benchmark_lite_ufo3/runs/ufo3-gpt-5.5-core200-rerun-20260826/mdcbench_lite_v1/run_01/038_linux_android_1241/attempts/attempt_001/config/task.json,/Users/Admin/home/MDC_Benchmark_lite_ufo3/runs/ufo3-gpt-5.5-core200-rerun-20260826/mdcbench_lite_v1/final_merged_status_after_infrastructure_repairs.json
ufo3-gpt-5.5,39,linux_android_1357,linux_android,2A+1L,attempt_001,/Users/Admin/home/MDC_Benchmark_lite_ufo3/runs/ufo3-gpt-5.5-core200-rerun-20260826/mdcbench_lite_v1/run_01/039_linux_android_1357/attempts/attempt_001,sha256:b939bf1b12408878281ddc04e286aca98d60e147cb4b40904f8ecfb0428fd3c9,final_merged_selected_attempt,FAIL,FAIL,lifecycle_valid,0.0,0.0,selected_attempt_evaluator_trace,29,710.753,done,incorrect_completion,3,android+linux,linux_0+android_0+android_1,/Users/Admin/home/MDC_Benchmark_lite_ufo3/runs/ufo3-gpt-5.5-core200-rerun-20260826/mdcbench_lite_v1/run_01/039_linux_android_1357/attempts/attempt_001/config/task.json,/Users/Admin/home/MDC_Benchmark_lite_ufo3/runs/ufo3-gpt-5.5-core200-rerun-20260826/mdcbench_lite_v1/final_merged_status_after_infrastructure_repairs.json
ufo3-gpt-5.5,40,linux_android_1831,linux_android,android_0+linux_0,attempt_001,/Users/Admin/home/MDC_Benchmark_lite_ufo3/runs/ufo3-gpt-5.5-core200-rerun-20260826/mdcbench_lite_v1/run_01/040_linux_android_1831/attempts/attempt_001,sha256:3975c19667fb9e7c5e06f0fd15ef02a484f24b36e8e27dd4af69371b7649c3cc,final_merged_selected_attempt,FAIL,FAIL,lifecycle_valid,0.0,0.0,selected_attempt_evaluator_trace,28,1836.208,time_limit,budget_exhausted,2,android+linux,android_0+linux_0,/Users/Admin/home/MDC_Benchmark_lite_ufo3/runs/ufo3-gpt-5.5-core200-rerun-20260826/mdcbench_lite_v1/run_01/040_linux_android_1831/attempts/attempt_001/config/task.json,/Users/Admin/home/MDC_Benchmark_lite_ufo3/runs/ufo3-gpt-5.5-core200-rerun-20260826/mdcbench_lite_v1/final_merged_status_after_infrastructure_repairs.json
ufo3-gpt-5.5,41,linux_android_1324,linux_android,2A+1L,attempt_001,/Users/Admin/home/MDC_Benchmark_lite_ufo3/runs/ufo3-gpt-5.5-core200-rerun-20260826/mdcbench_lite_v1/run_01/041_linux_android_1324/attempts/attempt_001,sha256:db155344c04413078d40b6fa4fd0556d4adda45fc93ce30678b80b702dc5dea0,final_merged_selected_attempt,FAIL,FAIL,lifecycle_valid,0.3333333333333333,0.3333333333333333,selected_attempt_evaluator_trace,44,1657.002,done,incorrect_completion,3,android+linux,linux_0+android_0+android_1,/Users/Admin/home/MDC_Benchmark_lite_ufo3/runs/ufo3-gpt-5.5-core200-rerun-20260826/mdcbench_lite_v1/run_01/041_linux_android_1324/attempts/attempt_001/config/task.json,/Users/Admin/home/MDC_Benchmark_lite_ufo3/runs/ufo3-gpt-5.5-core200-rerun-20260826/mdcbench_lite_v1/final_merged_status_after_infrastructure_repairs.json
ufo3-gpt-5.5,42,linux_android_1215,linux_android,2A+1L,attempt_001,/Users/Admin/home/MDC_Benchmark_lite_ufo3/runs/ufo3-gpt-5.5-core200-rerun-20260826/mdcbench_lite_v1/run_01/042_linux_android_1215/attempts/attempt_001,sha256:600bcddf6173279eedf04e1e8470d73ce984f29f196b867db1ac7bf10c1496e6,final_merged_selected_attempt,FAIL,FAIL,lifecycle_valid,0.5,0.5,selected_attempt_evaluator_trace,33,459.836,done,incorrect_completion,3,android+linux,linux_0+android_0+android_1,/Users/Admin/home/MDC_Benchmark_lite_ufo3/runs/ufo3-gpt-5.5-core200-rerun-20260826/mdcbench_lite_v1/run_01/042_linux_android_1215/attempts/attempt_001/config/task.json,/Users/Admin/home/MDC_Benchmark_lite_ufo3/runs/ufo3-gpt-5.5-core200-rerun-20260826/mdcbench_lite_v1/final_merged_status_after_infrastructure_repairs.json
ufo3-gpt-5.5,43,linux_android_1320,linux_android,2A+2L,attempt_001,/Users/Admin/home/MDC_Benchmark_lite_ufo3/runs/ufo3-gpt-5.5-core200-rerun-20260826/mdcbench_lite_v1/run_01/043_linux_android_1320/attempts/attempt_001,sha256:1bf130f689a94c4785ff53e14a84e0b491cb981865d5cf91893ed94109c05bf8,final_merged_selected_attempt,FAIL,FAIL,lifecycle_valid,0.5,0.5,selected_attempt_evaluator_trace,11,574.092,done,incorrect_completion,4,android+linux,linux_0+linux_1+android_0+android_1,/Users/Admin/home/MDC_Benchmark_lite_ufo3/runs/ufo3-gpt-5.5-core200-rerun-20260826/mdcbench_lite_v1/run_01/043_linux_android_1320/attempts/attempt_001/config/task.json,/Users/Admin/home/MDC_Benchmark_lite_ufo3/runs/ufo3-gpt-5.5-core200-rerun-20260826/mdcbench_lite_v1/final_merged_status_after_infrastructure_repairs.json
ufo3-gpt-5.5,44,linux_android_1814,linux_android,android_0+android_1+linux_0,attempt_001,/Users/Admin/home/MDC_Benchmark_lite_ufo3/runs/ufo3-gpt-5.5-core200-rerun-20260826/mdcbench_lite_v1/run_01/044_linux_android_1814/attempts/attempt_001,sha256:00a1ff1a7fdc530d12fc1657d7ca0b68b756cf9d8f57cd99ef1d68a0b7a19dd5,final_merged_selected_attempt,FAIL,FAIL,lifecycle_valid,0.0,0.0,selected_attempt_evaluator_trace,14,455.171,done,incorrect_completion,3,android+linux,android_0+android_1+linux_0,/Users/Admin/home/MDC_Benchmark_lite_ufo3/runs/ufo3-gpt-5.5-core200-rerun-20260826/mdcbench_lite_v1/run_01/044_linux_android_1814/attempts/attempt_001/config/task.json,/Users/Admin/home/MDC_Benchmark_lite_ufo3/runs/ufo3-gpt-5.5-core200-rerun-20260826/mdcbench_lite_v1/final_merged_status_after_infrastructure_repairs.json
ufo3-gpt-5.5,45,linux_android_1289,linux_android,1A+1L,attempt_001,/Users/Admin/home/MDC_Benchmark_lite_ufo3/runs/ufo3-gpt-5.5-core200-rerun-20260826/mdcbench_lite_v1/run_01/045_linux_android_1289/attempts/attempt_001,sha256:774007b169136e0b8ff0847c33098db9eae82cda272a01a4bb1c881c8000ccd9,final_merged_selected_attempt,PASS,PASS,lifecycle_valid,1.0,1.0,selected_attempt_evaluator_trace,45,1589.978,done,passed,2,android+linux,linux_0+android_0,/Users/Admin/home/MDC_Benchmark_lite_ufo3/runs/ufo3-gpt-5.5-core200-rerun-20260826/mdcbench_lite_v1/run_01/045_linux_android_1289/attempts/attempt_001/config/task.json,/Users/Admin/home/MDC_Benchmark_lite_ufo3/runs/ufo3-gpt-5.5-core200-rerun-20260826/mdcbench_lite_v1/final_merged_status_after_infrastructure_repairs.json
ufo3-gpt-5.5,46,linux_android_1851,linux_android,android_0+linux_0,attempt_002,/Users/Admin/home/MDC_Benchmark_lite_ufo3/runs/ufo3-gpt-5.5-core200-rerun-20260826/mdcbench_lite_v1/run_01/046_linux_android_1851/attempts/attempt_002,sha256:96d89be1945a0edc8b956c3995939fa1cdd7d5b748d68886e8607f9da89a26f0,final_merged_selected_attempt,FAIL,FAIL,lifecycle_valid,0.0,0.0,selected_attempt_evaluator_trace,20,900.549,done,incorrect_completion,2,android+linux,android_0+linux_0,/Users/Admin/home/MDC_Benchmark_lite_ufo3/runs/ufo3-gpt-5.5-core200-rerun-20260826/mdcbench_lite_v1/run_01/046_linux_android_1851/attempts/attempt_002/config/task.json,/Users/Admin/home/MDC_Benchmark_lite_ufo3/runs/ufo3-gpt-5.5-core200-rerun-20260826/mdcbench_lite_v1/final_merged_status_after_infrastructure_repairs.json
ufo3-gpt-5.5,47,linux_android_1365,linux_android,2A+1L,attempt_001,/Users/Admin/home/MDC_Benchmark_lite_ufo3/runs/ufo3-gpt-5.5-core200-rerun-20260826/mdcbench_lite_v1/run_01/047_linux_android_1365/attempts/attempt_001,sha256:c15fbd6afd887efed7e0ad879810f5930406f3c53cc51172d27c7d8c137b270b,final_merged_selected_attempt,FAIL,FAIL,lifecycle_valid,0.5,0.5,selected_attempt_evaluator_trace,27,956.621,done,incorrect_completion,3,android+linux,linux_0+android_0+android_1,/Users/Admin/home/MDC_Benchmark_lite_ufo3/runs/ufo3-gpt-5.5-core200-rerun-20260826/mdcbench_lite_v1/run_01/047_linux_android_1365/attempts/attempt_001/config/task.json,/Users/Admin/home/MDC_Benchmark_lite_ufo3/runs/ufo3-gpt-5.5-core200-rerun-20260826/mdcbench_lite_v1/final_merged_status_after_infrastructure_repairs.json
ufo3-gpt-5.5,48,linux_android_1853,linux_android,android_0+android_1+linux_0,attempt_001,/Users/Admin/home/MDC_Benchmark_lite_ufo3/runs/ufo3-gpt-5.5-core200-rerun-20260826/mdcbench_lite_v1/run_01/048_linux_android_1853/attempts/attempt_001,sha256:62c0e8835c65c50a0796822496a25d78b138381fe337b03b38d467550856b244,final_merged_selected_attempt,FAIL,FAIL,lifecycle_valid,0.5,0.5,selected_attempt_evaluator_trace,50,1024.527,max_steps,budget_exhausted,3,android+linux,android_0+android_1+linux_0,/Users/Admin/home/MDC_Benchmark_lite_ufo3/runs/ufo3-gpt-5.5-core200-rerun-20260826/mdcbench_lite_v1/run_01/048_linux_android_1853/attempts/attempt_001/config/task.json,/Users/Admin/home/MDC_Benchmark_lite_ufo3/runs/ufo3-gpt-5.5-core200-rerun-20260826/mdcbench_lite_v1/final_merged_status_after_infrastructure_repairs.json
ufo3-gpt-5.5,49,linux_android_1185,linux_android,2A+2L,attempt_001,/Users/Admin/home/MDC_Benchmark_lite_ufo3/runs/ufo3-gpt-5.5-core200-rerun-20260826/mdcbench_lite_v1/run_01/049_linux_android_1185/attempts/attempt_001,sha256:cc0f5449f563307b95bf3733e9276e781b2d6d5db768b6534278049e854b3d83,final_merged_selected_attempt,FAIL,FAIL,lifecycle_valid,0.3333333333333333,0.3333333333333333,selected_attempt_evaluator_trace,22,1168.076,done,incorrect_completion,4,android+linux,linux_0+linux_1+android_0+android_1,/Users/Admin/home/MDC_Benchmark_lite_ufo3/runs/ufo3-gpt-5.5-core200-rerun-20260826/mdcbench_lite_v1/run_01/049_linux_android_1185/attempts/attempt_001/config/task.json,/Users/Admin/home/MDC_Benchmark_lite_ufo3/runs/ufo3-gpt-5.5-core200-rerun-20260826/mdcbench_lite_v1/final_merged_status_after_infrastructure_repairs.json
ufo3-gpt-5.5,50,linux_android_1217,linux_android,1A+2L,attempt_001,/Users/Admin/home/MDC_Benchmark_lite_ufo3/runs/ufo3-gpt-5.5-core200-rerun-20260826/mdcbench_lite_v1/run_01/050_linux_android_1217/attempts/attempt_001,sha256:9a01ba267939ae4c2b0d343d023295fa58dad540b7501d371339f4eda471179d,final_merged_selected_attempt,FAIL,FAIL,lifecycle_valid,0.0,0.0,selected_attempt_evaluator_trace,13,782.695,done,incorrect_completion,3,android+linux,linux_0+linux_1+android_0,/Users/Admin/home/MDC_Benchmark_lite_ufo3/runs/ufo3-gpt-5.5-core200-rerun-20260826/mdcbench_lite_v1/run_01/050_linux_android_1217/attempts/attempt_001/config/task.json,/Users/Admin/home/MDC_Benchmark_lite_ufo3/runs/ufo3-gpt-5.5-core200-rerun-20260826/mdcbench_lite_v1/final_merged_status_after_infrastructure_repairs.json
ufo3-gpt-5.5,51,linux_android_1858,linux_android,android_0+linux_0+linux_1,attempt_001,/Users/Admin/home/MDC_Benchmark_lite_ufo3/runs/ufo3-gpt-5.5-core200-rerun-20260826/mdcbench_lite_v1/run_01/051_linux_android_1858/attempts/attempt_001,sha256:664ea917ced7df68d52f4da68373b24fadd2b5220bb51c1b275366028249b571,final_merged_selected_attempt,FAIL,FAIL,lifecycle_valid,0.6666666666666666,0.6666666666666666,selected_attempt_evaluator_trace,11,735.415,done,incorrect_completion,3,android+linux,android_0+linux_0+linux_1,/Users/Admin/home/MDC_Benchmark_lite_ufo3/runs/ufo3-gpt-5.5-core200-rerun-20260826/mdcbench_lite_v1/run_01/051_linux_android_1858/attempts/attempt_001/config/task.json,/Users/Admin/home/MDC_Benchmark_lite_ufo3/runs/ufo3-gpt-5.5-core200-rerun-20260826/mdcbench_lite_v1/final_merged_status_after_infrastructure_repairs.json
ufo3-gpt-5.5,52,linux_android_1181,linux_android,1A+1L,attempt_001,/Users/Admin/home/MDC_Benchmark_lite_ufo3/runs/ufo3-gpt-5.5-core200-rerun-20260826/mdcbench_lite_v1/run_01/052_linux_android_1181/attempts/attempt_001,sha256:f623b5ef250d46d76c293349f5dfc3918bef6159b61db2f4cd7de2261360acf6,final_merged_selected_attempt,FAIL,FAIL,lifecycle_valid,0.0,0.0,selected_attempt_evaluator_trace,12,847.124,done,incorrect_completion,2,android+linux,linux_0+android_0,/Users/Admin/home/MDC_Benchmark_lite_ufo3/runs/ufo3-gpt-5.5-core200-rerun-20260826/mdcbench_lite_v1/run_01/052_linux_android_1181/attempts/attempt_001/config/task.json,/Users/Admin/home/MDC_Benchmark_lite_ufo3/runs/ufo3-gpt-5.5-core200-rerun-20260826/mdcbench_lite_v1/final_merged_status_after_infrastructure_repairs.json
ufo3-gpt-5.5,53,linux_android_1869,linux_android,android_0+android_1+linux_0+linux_1,attempt_001,/Users/Admin/home/MDC_Benchmark_lite_ufo3/runs/ufo3-gpt-5.5-core200-rerun-20260826/mdcbench_lite_v1/run_01/053_linux_android_1869/attempts/attempt_001,sha256:ca0af96a1b404bd83a2edebc5f3267c9b43a163cc01dd1822a0662e7d8f86515,final_merged_selected_attempt,FAIL,FAIL,lifecycle_valid,0.5,0.5,selected_attempt_evaluator_trace,22,2053.27,time_limit,budget_exhausted,4,android+linux,android_0+android_1+linux_0+linux_1,/Users/Admin/home/MDC_Benchmark_lite_ufo3/runs/ufo3-gpt-5.5-core200-rerun-20260826/mdcbench_lite_v1/run_01/053_linux_android_1869/attempts/attempt_001/config/task.json,/Users/Admin/home/MDC_Benchmark_lite_ufo3/runs/ufo3-gpt-5.5-core200-rerun-20260826/mdcbench_lite_v1/final_merged_status_after_infrastructure_repairs.json
ufo3-gpt-5.5,54,linux_android_943,linux_android,android_0+linux_0,attempt_001,/Users/Admin/home/MDC_Benchmark_lite_ufo3/runs/ufo3-gpt-5.5-core200-rerun-20260826/mdcbench_lite_v1/run_01/054_linux_android_943/attempts/attempt_001,sha256:d1722f1b7445758459acd412d161aea5ce578add43a3fa7be0e028bebddcd689,final_merged_selected_attempt,FAIL,FAIL,lifecycle_valid,0.0,0.0,selected_attempt_evaluator_trace,10,869.194,replanner_fail,incorrect_completion,2,android+linux,android_0+linux_0,/Users/Admin/home/MDC_Benchmark_lite_ufo3/runs/ufo3-gpt-5.5-core200-rerun-20260826/mdcbench_lite_v1/run_01/054_linux_android_943/attempts/attempt_001/config/task.json,/Users/Admin/home/MDC_Benchmark_lite_ufo3/runs/ufo3-gpt-5.5-core200-rerun-20260826/mdcbench_lite_v1/final_merged_status_after_infrastructure_repairs.json
ufo3-gpt-5.5,55,linux_android_1274,linux_android,2A+1L,attempt_001,/Users/Admin/home/MDC_Benchmark_lite_ufo3/runs/ufo3-gpt-5.5-core200-rerun-20260826/mdcbench_lite_v1/run_01/055_linux_android_1274/attempts/attempt_001,sha256:289ef6491a7db9df16e74a926ae0d99babdaa21a680017f9c718230a84b79f6e,final_merged_selected_attempt,FAIL,FAIL,lifecycle_valid,0.6666666666666666,0.6666666666666666,selected_attempt_evaluator_trace,29,1723.108,done,incorrect_completion,3,android+linux,linux_0+android_0+android_1,/Users/Admin/home/MDC_Benchmark_lite_ufo3/runs/ufo3-gpt-5.5-core200-rerun-20260826/mdcbench_lite_v1/run_01/055_linux_android_1274/attempts/attempt_001/config/task.json,/Users/Admin/home/MDC_Benchmark_lite_ufo3/runs/ufo3-gpt-5.5-core200-rerun-20260826/mdcbench_lite_v1/final_merged_status_after_infrastructure_repairs.json
ufo3-gpt-5.5,56,linux_android_1863,linux_android,android_0+android_1+linux_0+linux_1,attempt_001,/Users/Admin/home/MDC_Benchmark_lite_ufo3/runs/ufo3-gpt-5.5-core200-rerun-20260826/mdcbench_lite_v1/run_01/056_linux_android_1863/attempts/attempt_001,sha256:6b9819f51e71ada60ea07cc021783f9cc041ac5515e80a82d2e75547c9cb6557,final_merged_selected_attempt,FAIL,FAIL,lifecycle_valid,0.0,0.0,selected_attempt_evaluator_trace,33,938.852,done,incorrect_completion,4,android+linux,android_0+android_1+linux_0+linux_1,/Users/Admin/home/MDC_Benchmark_lite_ufo3/runs/ufo3-gpt-5.5-core200-rerun-20260826/mdcbench_lite_v1/run_01/056_linux_android_1863/attempts/attempt_001/config/task.json,/Users/Admin/home/MDC_Benchmark_lite_ufo3/runs/ufo3-gpt-5.5-core200-rerun-20260826/mdcbench_lite_v1/final_merged_status_after_infrastructure_repairs.json
ufo3-gpt-5.5,57,linux_android_1866,linux_android,android_0+android_1+linux_0+linux_1,attempt_001,/Users/Admin/home/MDC_Benchmark_lite_ufo3/runs/ufo3-gpt-5.5-core200-rerun-20260826/mdcbench_lite_v1/run_01/057_linux_android_1866/attempts/attempt_001,sha256:ee6cad3e0a5029110f4d1ddff32ad8e58fef0be459ed9e4fe336a220ff3307d4,final_merged_selected_attempt,FAIL,FAIL,lifecycle_valid,0.0,0.0,selected_attempt_evaluator_trace,42,1825.881,time_limit,budget_exhausted,4,android+linux,android_0+android_1+linux_0+linux_1,/Users/Admin/home/MDC_Benchmark_lite_ufo3/runs/ufo3-gpt-5.5-core200-rerun-20260826/mdcbench_lite_v1/run_01/057_linux_android_1866/attempts/attempt_001/config/task.json,/Users/Admin/home/MDC_Benchmark_lite_ufo3/runs/ufo3-gpt-5.5-core200-rerun-20260826/mdcbench_lite_v1/final_merged_status_after_infrastructure_repairs.json
ufo3-gpt-5.5,58,linux_android_997,linux_android,android_0+android_1+linux_0,attempt_001,/Users/Admin/home/MDC_Benchmark_lite_ufo3/runs/ufo3-gpt-5.5-core200-rerun-20260826/mdcbench_lite_v1/run_01/058_linux_android_997/attempts/attempt_001,sha256:70a06b8ffa8f3e8fe25bfb9bf4176fc3271290f7781399cba0858cbbeb560b2c,final_merged_selected_attempt,FAIL,FAIL,lifecycle_valid,0.0,0.0,selected_attempt_evaluator_trace,20,2062.564,time_limit,budget_exhausted,3,android+linux,android_0+android_1+linux_0,/Users/Admin/home/MDC_Benchmark_lite_ufo3/runs/ufo3-gpt-5.5-core200-rerun-20260826/mdcbench_lite_v1/run_01/058_linux_android_997/attempts/attempt_001/config/task.json,/Users/Admin/home/MDC_Benchmark_lite_ufo3/runs/ufo3-gpt-5.5-core200-rerun-20260826/mdcbench_lite_v1/final_merged_status_after_infrastructure_repairs.json
ufo3-gpt-5.5,59,linux_android_947,linux_android,android_0+linux_0+linux_1,attempt_001,/Users/Admin/home/MDC_Benchmark_lite_ufo3/runs/ufo3-gpt-5.5-core200-rerun-20260826/mdcbench_lite_v1/run_01/059_linux_android_947/attempts/attempt_001,sha256:29c56cb9ba8a561ae1ef79709124f925ecaeeb25e857c01bf2a0aa82fd91c3c8,final_merged_selected_attempt,FAIL,FAIL,lifecycle_valid,0.0,0.0,selected_attempt_evaluator_trace,32,1846.612,time_limit,budget_exhausted,3,android+linux,android_0+linux_0+linux_1,/Users/Admin/home/MDC_Benchmark_lite_ufo3/runs/ufo3-gpt-5.5-core200-rerun-20260826/mdcbench_lite_v1/run_01/059_linux_android_947/attempts/attempt_001/config/task.json,/Users/Admin/home/MDC_Benchmark_lite_ufo3/runs/ufo3-gpt-5.5-core200-rerun-20260826/mdcbench_lite_v1/final_merged_status_after_infrastructure_repairs.json
ufo3-gpt-5.5,60,linux_android_1080,linux_android,android_0+android_1+linux_0,attempt_001,/Users/Admin/home/MDC_Benchmark_lite_ufo3/runs/ufo3-gpt-5.5-core200-rerun-20260826/mdcbench_lite_v1/run_01/060_linux_android_1080/attempts/attempt_001,sha256:73606179d07e1ac591113081a2299b1c51b206bf47937a4bda9b16e3fbc5d7d9,final_merged_selected_attempt,PASS,PASS,lifecycle_valid,1.0,1.0,selected_attempt_evaluator_trace,37,1718.786,done,passed,3,android+linux,android_0+android_1+linux_0,/Users/Admin/home/MDC_Benchmark_lite_ufo3/runs/ufo3-gpt-5.5-core200-rerun-20260826/mdcbench_lite_v1/run_01/060_linux_android_1080/attempts/attempt_001/config/task.json,/Users/Admin/home/MDC_Benchmark_lite_ufo3/runs/ufo3-gpt-5.5-core200-rerun-20260826/mdcbench_lite_v1/final_merged_status_after_infrastructure_repairs.json
ufo3-gpt-5.5,61,linux_android_1859,linux_android,android_0+android_1+linux_0+linux_1,attempt_001,/Users/Admin/home/MDC_Benchmark_lite_ufo3/runs/ufo3-gpt-5.5-core200-rerun-20260826/mdcbench_lite_v1/run_01/061_linux_android_1859/attempts/attempt_001,sha256:cddc74abb1fc8ddc4962c923f33fd4f2ff10aaaf1d6198f0b3bd00803a742265,final_merged_selected_attempt,FAIL,FAIL,lifecycle_valid,0.0,0.0,selected_attempt_evaluator_trace,17,1254.302,done,incorrect_completion,4,android+linux,android_0+android_1+linux_0+linux_1,/Users/Admin/home/MDC_Benchmark_lite_ufo3/runs/ufo3-gpt-5.5-core200-rerun-20260826/mdcbench_lite_v1/run_01/061_linux_android_1859/attempts/attempt_001/config/task.json,/Users/Admin/home/MDC_Benchmark_lite_ufo3/runs/ufo3-gpt-5.5-core200-rerun-20260826/mdcbench_lite_v1/final_merged_status_after_infrastructure_repairs.json
ufo3-gpt-5.5,62,linux_android_905,linux_android,android_0+linux_0+linux_1,attempt_001,/Users/Admin/home/MDC_Benchmark_lite_ufo3/runs/ufo3-gpt-5.5-core200-rerun-20260826/mdcbench_lite_v1/infrastructure_repair_01/062_linux_android_905/attempts/attempt_001,sha256:241fc089a135766674599a0fe390dc7533443741414dcdb0bf3abc405a6ce2c6,final_merged_infrastructure_repair:lite_62,INFRASTRUCTURE_INVALID,FAIL,lifecycle_valid,,0.0,official_repair_attempt_evaluator_trace,50,1522.514,max_steps,budget_exhausted,3,android+linux,android_0+linux_0+linux_1,/Users/Admin/home/MDC_Benchmark_lite_ufo3/runs/ufo3-gpt-5.5-core200-rerun-20260826/mdcbench_lite_v1/infrastructure_repair_01/062_linux_android_905/attempts/attempt_001/config/task.json,/Users/Admin/home/MDC_Benchmark_lite_ufo3/runs/ufo3-gpt-5.5-core200-rerun-20260826/mdcbench_lite_v1/final_merged_status_after_infrastructure_repairs.json
ufo3-gpt-5.5,63,linux_android_1264,linux_android,1A+1L,attempt_001,/Users/Admin/home/MDC_Benchmark_lite_ufo3/runs/ufo3-gpt-5.5-core200-rerun-20260826/mdcbench_lite_v1/run_01/063_linux_android_1264/attempts/attempt_001,sha256:26e02e6ad457ebe65e2adf894997d037432b9fc884adf8a8836c55f11aace6e1,final_merged_selected_attempt,FAIL,FAIL,lifecycle_valid,0.0,0.0,selected_attempt_evaluator_trace,22,1835.0,time_limit,budget_exhausted,2,android+linux,linux_0+android_0,/Users/Admin/home/MDC_Benchmark_lite_ufo3/runs/ufo3-gpt-5.5-core200-rerun-20260826/mdcbench_lite_v1/run_01/063_linux_android_1264/attempts/attempt_001/config/task.json,/Users/Admin/home/MDC_Benchmark_lite_ufo3/runs/ufo3-gpt-5.5-core200-rerun-20260826/mdcbench_lite_v1/final_merged_status_after_infrastructure_repairs.json
ufo3-gpt-5.5,64,linux_android_1037,linux_android,android_0+android_1+linux_0,attempt_001,/Users/Admin/home/MDC_Benchmark_lite_ufo3/runs/ufo3-gpt-5.5-core200-rerun-20260826/mdcbench_lite_v1/run_01/064_linux_android_1037/attempts/attempt_001,sha256:f321ec852998ef37de4ee1fd61ffbfe32510e8fe42b8e31012da66c215c37136,final_merged_selected_attempt,FAIL,FAIL,lifecycle_valid,0.0,0.0,selected_attempt_evaluator_trace,50,1590.265,max_steps,budget_exhausted,3,android+linux,android_0+android_1+linux_0,/Users/Admin/home/MDC_Benchmark_lite_ufo3/runs/ufo3-gpt-5.5-core200-rerun-20260826/mdcbench_lite_v1/run_01/064_linux_android_1037/attempts/attempt_001/config/task.json,/Users/Admin/home/MDC_Benchmark_lite_ufo3/runs/ufo3-gpt-5.5-core200-rerun-20260826/mdcbench_lite_v1/final_merged_status_after_infrastructure_repairs.json
ufo3-gpt-5.5,65,linux_android_1314,linux_android,1A+1L,attempt_001,/Users/Admin/home/MDC_Benchmark_lite_ufo3/runs/ufo3-gpt-5.5-core200-rerun-20260826/mdcbench_lite_v1/run_01/065_linux_android_1314/attempts/attempt_001,sha256:4976748c8e40d5c1b38a743ae93226607d32c1e7936b410f697746853a38ba19,final_merged_selected_attempt,PASS,PASS,lifecycle_valid,1.0,1.0,selected_attempt_evaluator_trace,9,536.262,done,passed,2,android+linux,linux_0+android_0,/Users/Admin/home/MDC_Benchmark_lite_ufo3/runs/ufo3-gpt-5.5-core200-rerun-20260826/mdcbench_lite_v1/run_01/065_linux_android_1314/attempts/attempt_001/config/task.json,/Users/Admin/home/MDC_Benchmark_lite_ufo3/runs/ufo3-gpt-5.5-core200-rerun-20260826/mdcbench_lite_v1/final_merged_status_after_infrastructure_repairs.json
ufo3-gpt-5.5,66,linux_android_1034,linux_android,android_0+android_1+linux_0+linux_1,attempt_001,/Users/Admin/home/MDC_Benchmark_lite_ufo3/runs/ufo3-gpt-5.5-core200-rerun-20260826/mdcbench_lite_v1/run_01/066_linux_android_1034/attempts/attempt_001,sha256:6fcc050ec2c38cd4eea0a1ed84872819893e96d5005bdbc08272b314f3a4660f,final_merged_selected_attempt,FAIL,FAIL,lifecycle_valid,0.25,0.25,selected_attempt_evaluator_trace,43,1903.672,time_limit,budget_exhausted,4,android+linux,android_0+android_1+linux_0+linux_1,/Users/Admin/home/MDC_Benchmark_lite_ufo3/runs/ufo3-gpt-5.5-core200-rerun-20260826/mdcbench_lite_v1/run_01/066_linux_android_1034/attempts/attempt_001/config/task.json,/Users/Admin/home/MDC_Benchmark_lite_ufo3/runs/ufo3-gpt-5.5-core200-rerun-20260826/mdcbench_lite_v1/final_merged_status_after_infrastructure_repairs.json
ufo3-gpt-5.5,67,linux_android_1307,linux_android,1A+1L,attempt_001,/Users/Admin/home/MDC_Benchmark_lite_ufo3/runs/ufo3-gpt-5.5-core200-rerun-20260826/mdcbench_lite_v1/run_01/067_linux_android_1307/attempts/attempt_001,sha256:ee3e3e4105bbe7a3f1c0972304e212490dc0aa2d0a9c524c9482a4de69fcff64,final_merged_selected_attempt,FAIL,FAIL,lifecycle_valid,0.0,0.0,selected_attempt_evaluator_trace,8,323.425,done,incorrect_completion,2,android+linux,linux_0+android_0,/Users/Admin/home/MDC_Benchmark_lite_ufo3/runs/ufo3-gpt-5.5-core200-rerun-20260826/mdcbench_lite_v1/run_01/067_linux_android_1307/attempts/attempt_001/config/task.json,/Users/Admin/home/MDC_Benchmark_lite_ufo3/runs/ufo3-gpt-5.5-core200-rerun-20260826/mdcbench_lite_v1/final_merged_status_after_infrastructure_repairs.json
ufo3-gpt-5.5,68,linux_android_1252,linux_android,1A+2L,attempt_001,/Users/Admin/home/MDC_Benchmark_lite_ufo3/runs/ufo3-gpt-5.5-core200-rerun-20260826/mdcbench_lite_v1/run_01/068_linux_android_1252/attempts/attempt_001,sha256:f0b2c7d3199d1e8327f828885bbd2532b7456002e445fc10bcca9b56ba8eda7f,final_merged_selected_attempt,FAIL,FAIL,lifecycle_valid,0.5,0.5,selected_attempt_evaluator_trace,12,868.557,done,incorrect_completion,3,android+linux,linux_0+linux_1+android_0,/Users/Admin/home/MDC_Benchmark_lite_ufo3/runs/ufo3-gpt-5.5-core200-rerun-20260826/mdcbench_lite_v1/run_01/068_linux_android_1252/attempts/attempt_001/config/task.json,/Users/Admin/home/MDC_Benchmark_lite_ufo3/runs/ufo3-gpt-5.5-core200-rerun-20260826/mdcbench_lite_v1/final_merged_status_after_infrastructure_repairs.json
ufo3-gpt-5.5,69,linux_android_1183,linux_android,1A+1L,attempt_001,/Users/Admin/home/MDC_Benchmark_lite_ufo3/runs/ufo3-gpt-5.5-core200-rerun-20260826/mdcbench_lite_v1/run_01/069_linux_android_1183/attempts/attempt_001,sha256:0163150eea65f5e4a1e90c2595c20ca0546575066209fa4d27724afadcea492e,final_merged_selected_attempt,PASS,PASS,lifecycle_valid,1.0,1.0,selected_attempt_evaluator_trace,6,353.383,done,passed,2,android+linux,linux_0+android_0,/Users/Admin/home/MDC_Benchmark_lite_ufo3/runs/ufo3-gpt-5.5-core200-rerun-20260826/mdcbench_lite_v1/run_01/069_linux_android_1183/attempts/attempt_001/config/task.json,/Users/Admin/home/MDC_Benchmark_lite_ufo3/runs/ufo3-gpt-5.5-core200-rerun-20260826/mdcbench_lite_v1/final_merged_status_after_infrastructure_repairs.json
ufo3-gpt-5.5,70,linux_android_1234,linux_android,1A+1L,attempt_001,/Users/Admin/home/MDC_Benchmark_lite_ufo3/runs/ufo3-gpt-5.5-core200-rerun-20260826/mdcbench_lite_v1/run_01/070_linux_android_1234/attempts/attempt_001,sha256:f1a7dbf74739af1c9ad720e19f85d7fcf29ba983411f48f55d1f5543b8ae53fe,final_merged_selected_attempt,PASS,PASS,lifecycle_valid,1.0,1.0,selected_attempt_evaluator_trace,10,494.612,done,passed,2,android+linux,linux_0+android_0,/Users/Admin/home/MDC_Benchmark_lite_ufo3/runs/ufo3-gpt-5.5-core200-rerun-20260826/mdcbench_lite_v1/run_01/070_linux_android_1234/attempts/attempt_001/config/task.json,/Users/Admin/home/MDC_Benchmark_lite_ufo3/runs/ufo3-gpt-5.5-core200-rerun-20260826/mdcbench_lite_v1/final_merged_status_after_infrastructure_repairs.json
ufo3-gpt-5.5,71,linux_android_1828,linux_android,android_0+linux_0,attempt_001,/Users/Admin/home/MDC_Benchmark_lite_ufo3/runs/ufo3-gpt-5.5-core200-rerun-20260826/mdcbench_lite_v1/run_01/071_linux_android_1828/attempts/attempt_001,sha256:cfbece216a427b40e5aded1f3bef539f52354af46b7acb4a183725af58319346,final_merged_selected_attempt,FAIL,FAIL,lifecycle_valid,0.0,0.0,selected_attempt_evaluator_trace,32,2006.738,time_limit,budget_exhausted,2,android+linux,android_0+linux_0,/Users/Admin/home/MDC_Benchmark_lite_ufo3/runs/ufo3-gpt-5.5-core200-rerun-20260826/mdcbench_lite_v1/run_01/071_linux_android_1828/attempts/attempt_001/config/task.json,/Users/Admin/home/MDC_Benchmark_lite_ufo3/runs/ufo3-gpt-5.5-core200-rerun-20260826/mdcbench_lite_v1/final_merged_status_after_infrastructure_repairs.json
ufo3-gpt-5.5,72,linux_android_1312,linux_android,1A+1L,attempt_001,/Users/Admin/home/MDC_Benchmark_lite_ufo3/runs/ufo3-gpt-5.5-core200-rerun-20260826/mdcbench_lite_v1/run_01/072_linux_android_1312/attempts/attempt_001,sha256:6021bc9a5ee6688118b3a2f26038997c345afca4f38bcbcdc9e9c6c76327b866,final_merged_selected_attempt,FAIL,FAIL,lifecycle_valid,0.0,0.0,selected_attempt_evaluator_trace,9,856.247,done,incorrect_completion,2,android+linux,linux_0+android_0,/Users/Admin/home/MDC_Benchmark_lite_ufo3/runs/ufo3-gpt-5.5-core200-rerun-20260826/mdcbench_lite_v1/run_01/072_linux_android_1312/attempts/attempt_001/config/task.json,/Users/Admin/home/MDC_Benchmark_lite_ufo3/runs/ufo3-gpt-5.5-core200-rerun-20260826/mdcbench_lite_v1/final_merged_status_after_infrastructure_repairs.json
ufo3-gpt-5.5,73,linux_android_1270,linux_android,1A+2L,attempt_001,/Users/Admin/home/MDC_Benchmark_lite_ufo3/runs/ufo3-gpt-5.5-core200-rerun-20260826/mdcbench_lite_v1/run_01/073_linux_android_1270/attempts/attempt_001,sha256:9a7a3c2cecbb7295082f7e76f766cda4f8fc629f5db8d2d0b3ce11083701717b,final_merged_selected_attempt,FAIL,FAIL,lifecycle_valid,0.0,0.0,selected_attempt_evaluator_trace,10,588.521,done,incorrect_completion,3,android+linux,linux_0+linux_1+android_0,/Users/Admin/home/MDC_Benchmark_lite_ufo3/runs/ufo3-gpt-5.5-core200-rerun-20260826/mdcbench_lite_v1/run_01/073_linux_android_1270/attempts/attempt_001/config/task.json,/Users/Admin/home/MDC_Benchmark_lite_ufo3/runs/ufo3-gpt-5.5-core200-rerun-20260826/mdcbench_lite_v1/final_merged_status_after_infrastructure_repairs.json
ufo3-gpt-5.5,74,linux_android_1208,linux_android,1A+1L,attempt_001,/Users/Admin/home/MDC_Benchmark_lite_ufo3/runs/ufo3-gpt-5.5-core200-rerun-20260826/mdcbench_lite_v1/run_01/074_linux_android_1208/attempts/attempt_001,sha256:3e8be0a5851bca8e525f2629f10abf0fc3170992eaabeff3e9b1d0b117175e9f,final_merged_selected_attempt,PASS,PASS,lifecycle_valid,1.0,1.0,selected_attempt_evaluator_trace,17,883.728,done,passed,2,android+linux,linux_0+android_0,/Users/Admin/home/MDC_Benchmark_lite_ufo3/runs/ufo3-gpt-5.5-core200-rerun-20260826/mdcbench_lite_v1/run_01/074_linux_android_1208/attempts/attempt_001/config/task.json,/Users/Admin/home/MDC_Benchmark_lite_ufo3/runs/ufo3-gpt-5.5-core200-rerun-20260826/mdcbench_lite_v1/final_merged_status_after_infrastructure_repairs.json
ufo3-gpt-5.5,75,linux_android_1354,linux_android,1A+2L,attempt_002,/Users/Admin/home/MDC_Benchmark_lite_ufo3/runs/ufo3-gpt-5.5-core200-rerun-20260826/mdcbench_lite_v1/run_01/075_linux_android_1354/attempts/attempt_002,sha256:6941c698906b2807688c78f3f749de90e1a21f9183aeb3db49dc5d343a319fbb,final_merged_selected_attempt,PASS,PASS,lifecycle_valid,1.0,1.0,selected_attempt_evaluator_trace,13,564.848,done,passed,3,android+linux,linux_0+linux_1+android_0,/Users/Admin/home/MDC_Benchmark_lite_ufo3/runs/ufo3-gpt-5.5-core200-rerun-20260826/mdcbench_lite_v1/run_01/075_linux_android_1354/attempts/attempt_002/config/task.json,/Users/Admin/home/MDC_Benchmark_lite_ufo3/runs/ufo3-gpt-5.5-core200-rerun-20260826/mdcbench_lite_v1/final_merged_status_after_infrastructure_repairs.json
ufo3-gpt-5.5,76,linux_android_smarthome_474,linux_android_smarthome,2A+1L+1H,attempt_001,/Users/Admin/home/MDC_Benchmark_lite_ufo3/runs/ufo3-gpt-5.5-core200-rerun-20260826/mdcbench_lite_v1/run_01/076_linux_android_smarthome_474/attempts/attempt_001,sha256:4fa2374d17a41bea71926952116ba5104177a7ed9e2e9267443b6876ea3fb2be,final_merged_selected_attempt,PASS,PASS,lifecycle_valid,1.0,1.0,selected_attempt_evaluator_trace,13,514.619,done,passed,4,android+home+linux,linux_0+android_0+android_1+home_0,/Users/Admin/home/MDC_Benchmark_lite_ufo3/runs/ufo3-gpt-5.5-core200-rerun-20260826/mdcbench_lite_v1/run_01/076_linux_android_smarthome_474/attempts/attempt_001/config/task.json,/Users/Admin/home/MDC_Benchmark_lite_ufo3/runs/ufo3-gpt-5.5-core200-rerun-20260826/mdcbench_lite_v1/final_merged_status_after_infrastructure_repairs.json
ufo3-gpt-5.5,77,linux_android_smarthome_161,linux_android_smarthome,1A+1L+1H,attempt_001,/Users/Admin/home/MDC_Benchmark_lite_ufo3/runs/ufo3-gpt-5.5-core200-rerun-20260826/mdcbench_lite_v1/run_01/077_linux_android_smarthome_161/attempts/attempt_001,sha256:0fd2849f43efce251ff96599792a8e9f2e1d62766d5f33917a1f99f920f9d9e5,final_merged_selected_attempt,FAIL,FAIL,lifecycle_valid,0.0,0.0,selected_attempt_evaluator_trace,23,1327.565,done,incorrect_completion,3,android+home+linux,linux_0+android_0+home_0,/Users/Admin/home/MDC_Benchmark_lite_ufo3/runs/ufo3-gpt-5.5-core200-rerun-20260826/mdcbench_lite_v1/run_01/077_linux_android_smarthome_161/attempts/attempt_001/config/task.json,/Users/Admin/home/MDC_Benchmark_lite_ufo3/runs/ufo3-gpt-5.5-core200-rerun-20260826/mdcbench_lite_v1/final_merged_status_after_infrastructure_repairs.json
ufo3-gpt-5.5,78,linux_android_smarthome_614,linux_android_smarthome,2A+1L+1H,attempt_001,/Users/Admin/home/MDC_Benchmark_lite_ufo3/runs/ufo3-gpt-5.5-core200-rerun-20260826/mdcbench_lite_v1/run_01/078_linux_android_smarthome_614/attempts/attempt_001,sha256:db6709107a36351bc03846387fccf8cb87ae40f9890e7a8c9867248a5f7d2c88,final_merged_selected_attempt,FAIL,FAIL,lifecycle_valid,0.5,0.5,selected_attempt_evaluator_trace,15,940.878,done,incorrect_completion,4,android+home+linux,linux_0+android_0+android_1+home_0,/Users/Admin/home/MDC_Benchmark_lite_ufo3/runs/ufo3-gpt-5.5-core200-rerun-20260826/mdcbench_lite_v1/run_01/078_linux_android_smarthome_614/attempts/attempt_001/config/task.json,/Users/Admin/home/MDC_Benchmark_lite_ufo3/runs/ufo3-gpt-5.5-core200-rerun-20260826/mdcbench_lite_v1/final_merged_status_after_infrastructure_repairs.json
ufo3-gpt-5.5,79,linux_android_smarthome_466,linux_android_smarthome,2A+1L+1H,attempt_001,/Users/Admin/home/MDC_Benchmark_lite_ufo3/runs/ufo3-gpt-5.5-core200-rerun-20260826/mdcbench_lite_v1/run_01/079_linux_android_smarthome_466/attempts/attempt_001,sha256:0359cd2f0df0e344c06d1af70a03f948857df71fe4cc1b01a54894d76363095f,final_merged_selected_attempt,FAIL,FAIL,lifecycle_valid,0.5,0.5,selected_attempt_evaluator_trace,26,1483.022,done,incorrect_completion,4,android+home+linux,linux_0+android_0+android_1+home_0,/Users/Admin/home/MDC_Benchmark_lite_ufo3/runs/ufo3-gpt-5.5-core200-rerun-20260826/mdcbench_lite_v1/run_01/079_linux_android_smarthome_466/attempts/attempt_001/config/task.json,/Users/Admin/home/MDC_Benchmark_lite_ufo3/runs/ufo3-gpt-5.5-core200-rerun-20260826/mdcbench_lite_v1/final_merged_status_after_infrastructure_repairs.json
ufo3-gpt-5.5,80,linux_android_smarthome_696,linux_android_smarthome,1A+1L+1H,attempt_001,/Users/Admin/home/MDC_Benchmark_lite_ufo3/runs/ufo3-gpt-5.5-core200-rerun-20260826/mdcbench_lite_v1/run_01/080_linux_android_smarthome_696/attempts/attempt_001,sha256:dcf252a44ff9fc078282bb6e054d046ebad97ae8a92f7deecf02f33bef62980f,final_merged_selected_attempt,FAIL,FAIL,lifecycle_valid,0.0,0.0,selected_attempt_evaluator_trace,33,1695.113,replanner_fail,incorrect_completion,3,android+home+linux,linux_0+android_0+home_0,/Users/Admin/home/MDC_Benchmark_lite_ufo3/runs/ufo3-gpt-5.5-core200-rerun-20260826/mdcbench_lite_v1/run_01/080_linux_android_smarthome_696/attempts/attempt_001/config/task.json,/Users/Admin/home/MDC_Benchmark_lite_ufo3/runs/ufo3-gpt-5.5-core200-rerun-20260826/mdcbench_lite_v1/final_merged_status_after_infrastructure_repairs.json
ufo3-gpt-5.5,81,linux_android_smarthome_897,linux_android_smarthome,1A+2L+1H,attempt_001,/Users/Admin/home/MDC_Benchmark_lite_ufo3/runs/ufo3-gpt-5.5-core200-rerun-20260826/mdcbench_lite_v1/run_01/081_linux_android_smarthome_897/attempts/attempt_001,sha256:e421ecf518aa8c4a2bdf5a0f6281f8e99c08b5fe6dd6cf8dd569ecc3e0414e0b,final_merged_selected_attempt,FAIL,FAIL,lifecycle_valid,0.5,0.5,selected_attempt_evaluator_trace,33,1846.331,done,incorrect_completion,4,android+home+linux,linux_0+linux_1+android_0+home_0,/Users/Admin/home/MDC_Benchmark_lite_ufo3/runs/ufo3-gpt-5.5-core200-rerun-20260826/mdcbench_lite_v1/run_01/081_linux_android_smarthome_897/attempts/attempt_001/config/task.json,/Users/Admin/home/MDC_Benchmark_lite_ufo3/runs/ufo3-gpt-5.5-core200-rerun-20260826/mdcbench_lite_v1/final_merged_status_after_infrastructure_repairs.json
ufo3-gpt-5.5,82,linux_android_smarthome_271,linux_android_smarthome,1A+1L+1H,attempt_001,/Users/Admin/home/MDC_Benchmark_lite_ufo3/runs/ufo3-gpt-5.5-core200-rerun-20260826/mdcbench_lite_v1/run_01/082_linux_android_smarthome_271/attempts/attempt_001,sha256:90c7433aa3273bfbbbc0746506898c7aad56166535c80af1f71d9080b81f206a,final_merged_selected_attempt,FAIL,FAIL,lifecycle_valid,0.0,0.0,selected_attempt_evaluator_trace,36,1813.025,time_limit,budget_exhausted,3,android+home+linux,linux_0+android_0+home_0,/Users/Admin/home/MDC_Benchmark_lite_ufo3/runs/ufo3-gpt-5.5-core200-rerun-20260826/mdcbench_lite_v1/run_01/082_linux_android_smarthome_271/attempts/attempt_001/config/task.json,/Users/Admin/home/MDC_Benchmark_lite_ufo3/runs/ufo3-gpt-5.5-core200-rerun-20260826/mdcbench_lite_v1/final_merged_status_after_infrastructure_repairs.json
ufo3-gpt-5.5,83,linux_android_smarthome_288,linux_android_smarthome,1A+1L+1H,attempt_001,/Users/Admin/home/MDC_Benchmark_lite_ufo3/runs/ufo3-gpt-5.5-core200-rerun-20260826/mdcbench_lite_v1/run_01/083_linux_android_smarthome_288/attempts/attempt_001,sha256:69686370543ce9563b42a844f99fca4f6f65f013a9f0f51b5e5cb46f928ed9f6,final_merged_selected_attempt,FAIL,FAIL,lifecycle_valid,0.6666666666666666,0.6666666666666666,selected_attempt_evaluator_trace,24,1844.949,time_limit,budget_exhausted,3,android+home+linux,linux_0+android_0+home_0,/Users/Admin/home/MDC_Benchmark_lite_ufo3/runs/ufo3-gpt-5.5-core200-rerun-20260826/mdcbench_lite_v1/run_01/083_linux_android_smarthome_288/attempts/attempt_001/config/task.json,/Users/Admin/home/MDC_Benchmark_lite_ufo3/runs/ufo3-gpt-5.5-core200-rerun-20260826/mdcbench_lite_v1/final_merged_status_after_infrastructure_repairs.json
ufo3-gpt-5.5,84,linux_android_smarthome_475,linux_android_smarthome,2A+1L+1H,attempt_002,/Users/Admin/home/MDC_Benchmark_lite_ufo3/runs/ufo3-gpt-5.5-core200-rerun-20260826/mdcbench_lite_v1/run_01/084_linux_android_smarthome_475/attempts/attempt_002,sha256:7e6c3ac1e13f792829bdb4c1dd432e845bc25d11089c9e056a725c26ffe34301,final_merged_selected_attempt,FAIL,FAIL,lifecycle_valid,0.6666666666666666,0.6666666666666666,selected_attempt_evaluator_trace,29,765.858,done,incorrect_completion,4,android+home+linux,linux_0+android_0+android_1+home_0,/Users/Admin/home/MDC_Benchmark_lite_ufo3/runs/ufo3-gpt-5.5-core200-rerun-20260826/mdcbench_lite_v1/run_01/084_linux_android_smarthome_475/attempts/attempt_002/config/task.json,/Users/Admin/home/MDC_Benchmark_lite_ufo3/runs/ufo3-gpt-5.5-core200-rerun-20260826/mdcbench_lite_v1/final_merged_status_after_infrastructure_repairs.json
ufo3-gpt-5.5,85,linux_android_smarthome_792,linux_android_smarthome,1A+1L+1H,attempt_001,/Users/Admin/home/MDC_Benchmark_lite_ufo3/runs/ufo3-gpt-5.5-core200-rerun-20260826/mdcbench_lite_v1/run_01/085_linux_android_smarthome_792/attempts/attempt_001,sha256:7330c3c10d14d163b3d4fb4980a5f3db84a02a358bf9d1883fa1fc1c66b9ac5c,final_merged_selected_attempt,FAIL,FAIL,lifecycle_valid,0.5,0.5,selected_attempt_evaluator_trace,50,660.459,max_steps,budget_exhausted,3,android+home+linux,linux_0+android_0+home_0,/Users/Admin/home/MDC_Benchmark_lite_ufo3/runs/ufo3-gpt-5.5-core200-rerun-20260826/mdcbench_lite_v1/run_01/085_linux_android_smarthome_792/attempts/attempt_001/config/task.json,/Users/Admin/home/MDC_Benchmark_lite_ufo3/runs/ufo3-gpt-5.5-core200-rerun-20260826/mdcbench_lite_v1/final_merged_status_after_infrastructure_repairs.json
ufo3-gpt-5.5,86,linux_android_smarthome_104,linux_android_smarthome,1A+1L+1H,attempt_001,/Users/Admin/home/MDC_Benchmark_lite_ufo3/runs/ufo3-gpt-5.5-core200-rerun-20260826/mdcbench_lite_v1/run_01/086_linux_android_smarthome_104/attempts/attempt_001,sha256:63636e27514248ca7bf8f47e9c4b056a8bfdc47b106a6b4d5bd5e0cfdfef83f5,final_merged_selected_attempt,FAIL,FAIL,lifecycle_valid,0.5,0.5,selected_attempt_evaluator_trace,50,657.227,max_steps,budget_exhausted,3,android+home+linux,linux_0+android_0+home_0,/Users/Admin/home/MDC_Benchmark_lite_ufo3/runs/ufo3-gpt-5.5-core200-rerun-20260826/mdcbench_lite_v1/run_01/086_linux_android_smarthome_104/attempts/attempt_001/config/task.json,/Users/Admin/home/MDC_Benchmark_lite_ufo3/runs/ufo3-gpt-5.5-core200-rerun-20260826/mdcbench_lite_v1/final_merged_status_after_infrastructure_repairs.json
ufo3-gpt-5.5,87,linux_android_smarthome_029,linux_android_smarthome,1A+1L+1H,attempt_001,/Users/Admin/home/MDC_Benchmark_lite_ufo3/runs/ufo3-gpt-5.5-core200-rerun-20260826/mdcbench_lite_v1/run_01/087_linux_android_smarthome_029/attempts/attempt_001,sha256:0370bc0158cb50c0bb3a07ee266b0c9c353b58b2dde2a5dd19ff040a07dab310,final_merged_selected_attempt,PASS,PASS,lifecycle_valid,1.0,1.0,selected_attempt_evaluator_trace,32,477.523,done,passed,3,android+home+linux,linux_0+android_0+home_0,/Users/Admin/home/MDC_Benchmark_lite_ufo3/runs/ufo3-gpt-5.5-core200-rerun-20260826/mdcbench_lite_v1/run_01/087_linux_android_smarthome_029/attempts/attempt_001/config/task.json,/Users/Admin/home/MDC_Benchmark_lite_ufo3/runs/ufo3-gpt-5.5-core200-rerun-20260826/mdcbench_lite_v1/final_merged_status_after_infrastructure_repairs.json
ufo3-gpt-5.5,88,linux_android_smarthome_113,linux_android_smarthome,1A+1L+1H,attempt_001,/Users/Admin/home/MDC_Benchmark_lite_ufo3/runs/ufo3-gpt-5.5-core200-rerun-20260826/mdcbench_lite_v1/run_01/088_linux_android_smarthome_113/attempts/attempt_001,sha256:86a3eaa8ce00d2737c6b4126ca513c3df1ee279c28e6494e5626c46eb67c0114,final_merged_selected_attempt,FAIL,FAIL,lifecycle_valid,0.0,0.0,selected_attempt_evaluator_trace,31,493.961,done,incorrect_completion,3,android+home+linux,linux_0+android_0+home_0,/Users/Admin/home/MDC_Benchmark_lite_ufo3/runs/ufo3-gpt-5.5-core200-rerun-20260826/mdcbench_lite_v1/run_01/088_linux_android_smarthome_113/attempts/attempt_001/config/task.json,/Users/Admin/home/MDC_Benchmark_lite_ufo3/runs/ufo3-gpt-5.5-core200-rerun-20260826/mdcbench_lite_v1/final_merged_status_after_infrastructure_repairs.json
ufo3-gpt-5.5,89,linux_android_smarthome_025,linux_android_smarthome,1A+1L+1H,attempt_001,/Users/Admin/home/MDC_Benchmark_lite_ufo3/runs/ufo3-gpt-5.5-core200-rerun-20260826/mdcbench_lite_v1/run_01/089_linux_android_smarthome_025/attempts/attempt_001,sha256:f5e1c567fbda8ff858dfab550ec4ec2e44b9d60d25a50c944963a40eb31ee000,final_merged_selected_attempt,FAIL,FAIL,lifecycle_valid,0.5,0.5,selected_attempt_evaluator_trace,50,927.206,max_steps,budget_exhausted,3,android+home+linux,linux_0+android_0+home_0,/Users/Admin/home/MDC_Benchmark_lite_ufo3/runs/ufo3-gpt-5.5-core200-rerun-20260826/mdcbench_lite_v1/run_01/089_linux_android_smarthome_025/attempts/attempt_001/config/task.json,/Users/Admin/home/MDC_Benchmark_lite_ufo3/runs/ufo3-gpt-5.5-core200-rerun-20260826/mdcbench_lite_v1/final_merged_status_after_infrastructure_repairs.json
ufo3-gpt-5.5,90,linux_android_smarthome_185,linux_android_smarthome,1A+1L+1H,attempt_001,/Users/Admin/home/MDC_Benchmark_lite_ufo3/runs/ufo3-gpt-5.5-core200-rerun-20260826/mdcbench_lite_v1/run_01/090_linux_android_smarthome_185/attempts/attempt_001,sha256:bcbda76075e367524ff174470af69f53041600b2d6cc362eb0be0885c95f9f55,final_merged_selected_attempt,FAIL,FAIL,lifecycle_valid,0.6666666666666666,0.6666666666666666,selected_attempt_evaluator_trace,10,266.985,done,incorrect_completion,3,android+home+linux,linux_0+android_0+home_0,/Users/Admin/home/MDC_Benchmark_lite_ufo3/runs/ufo3-gpt-5.5-core200-rerun-20260826/mdcbench_lite_v1/run_01/090_linux_android_smarthome_185/attempts/attempt_001/config/task.json,/Users/Admin/home/MDC_Benchmark_lite_ufo3/runs/ufo3-gpt-5.5-core200-rerun-20260826/mdcbench_lite_v1/final_merged_status_after_infrastructure_repairs.json
ufo3-gpt-5.5,91,linux_android_smarthome_002,linux_android_smarthome,1A+1L+1H,attempt_001,/Users/Admin/home/MDC_Benchmark_lite_ufo3/runs/ufo3-gpt-5.5-core200-rerun-20260826/mdcbench_lite_v1/run_01/091_linux_android_smarthome_002/attempts/attempt_001,sha256:494d8d16a9aae2b1ffa86ba63a6fb8f179421bdd99d00cd77cebc65a7831a709,final_merged_selected_attempt,PASS,PASS,lifecycle_valid,1.0,1.0,selected_attempt_evaluator_trace,39,525.392,done,passed,3,android+home+linux,linux_0+android_0+home_0,/Users/Admin/home/MDC_Benchmark_lite_ufo3/runs/ufo3-gpt-5.5-core200-rerun-20260826/mdcbench_lite_v1/run_01/091_linux_android_smarthome_002/attempts/attempt_001/config/task.json,/Users/Admin/home/MDC_Benchmark_lite_ufo3/runs/ufo3-gpt-5.5-core200-rerun-20260826/mdcbench_lite_v1/final_merged_status_after_infrastructure_repairs.json
ufo3-gpt-5.5,92,linux_android_smarthome_077,linux_android_smarthome,1A+1L+1H,attempt_001,/Users/Admin/home/MDC_Benchmark_lite_ufo3/runs/ufo3-gpt-5.5-core200-rerun-20260826/mdcbench_lite_v1/run_01/092_linux_android_smarthome_077/attempts/attempt_001,sha256:8bec191f0b69a853561609a81b25aa7eaa28b0259c329985a5ae329a7bff28ac,final_merged_selected_attempt,FAIL,FAIL,lifecycle_valid,0.6666666666666666,0.6666666666666666,selected_attempt_evaluator_trace,25,537.778,done,incorrect_completion,3,android+home+linux,linux_0+android_0+home_0,/Users/Admin/home/MDC_Benchmark_lite_ufo3/runs/ufo3-gpt-5.5-core200-rerun-20260826/mdcbench_lite_v1/run_01/092_linux_android_smarthome_077/attempts/attempt_001/config/task.json,/Users/Admin/home/MDC_Benchmark_lite_ufo3/runs/ufo3-gpt-5.5-core200-rerun-20260826/mdcbench_lite_v1/final_merged_status_after_infrastructure_repairs.json
ufo3-gpt-5.5,93,linux_android_smarthome_338,linux_android_smarthome,2A+1L+1H,attempt_001,/Users/Admin/home/MDC_Benchmark_lite_ufo3/runs/ufo3-gpt-5.5-core200-rerun-20260826/mdcbench_lite_v1/run_01/093_linux_android_smarthome_338/attempts/attempt_001,sha256:36994d76ea8a01b38b7825f604bc9a83a0671882fd873ada7ec571fb8c4818b8,final_merged_selected_attempt,FAIL,FAIL,lifecycle_valid,0.3333333333333333,0.3333333333333333,selected_attempt_evaluator_trace,50,573.881,max_steps,budget_exhausted,4,android+home+linux,linux_0+android_0+android_1+home_0,/Users/Admin/home/MDC_Benchmark_lite_ufo3/runs/ufo3-gpt-5.5-core200-rerun-20260826/mdcbench_lite_v1/run_01/093_linux_android_smarthome_338/attempts/attempt_001/config/task.json,/Users/Admin/home/MDC_Benchmark_lite_ufo3/runs/ufo3-gpt-5.5-core200-rerun-20260826/mdcbench_lite_v1/final_merged_status_after_infrastructure_repairs.json
ufo3-gpt-5.5,94,linux_android_smarthome_423,linux_android_smarthome,2A+1L+1H,attempt_001,/Users/Admin/home/MDC_Benchmark_lite_ufo3/runs/ufo3-gpt-5.5-core200-rerun-20260826/mdcbench_lite_v1/run_01/094_linux_android_smarthome_423/attempts/attempt_001,sha256:869b8c487e965f5635f58866dbe83be32eba77fd1727b7c24fbaa065c78d6317,final_merged_selected_attempt,FAIL,FAIL,lifecycle_valid,0.5,0.5,selected_attempt_evaluator_trace,50,678.819,max_steps,budget_exhausted,4,android+home+linux,linux_0+android_0+android_1+home_0,/Users/Admin/home/MDC_Benchmark_lite_ufo3/runs/ufo3-gpt-5.5-core200-rerun-20260826/mdcbench_lite_v1/run_01/094_linux_android_smarthome_423/attempts/attempt_001/config/task.json,/Users/Admin/home/MDC_Benchmark_lite_ufo3/runs/ufo3-gpt-5.5-core200-rerun-20260826/mdcbench_lite_v1/final_merged_status_after_infrastructure_repairs.json
ufo3-gpt-5.5,95,linux_android_smarthome_005,linux_android_smarthome,1A+1L+1H,attempt_001,/Users/Admin/home/MDC_Benchmark_lite_ufo3/runs/ufo3-gpt-5.5-core200-rerun-20260826/mdcbench_lite_v1/run_01/095_linux_android_smarthome_005/attempts/attempt_001,sha256:88a444272e98cb44647627428c3cd0c757f8e06ef54ef64a4a83802e90f4a8b9,final_merged_selected_attempt,FAIL,FAIL,lifecycle_valid,0.75,0.75,selected_attempt_evaluator_trace,34,681.903,done,incorrect_completion,3,android+home+linux,linux_0+android_0+home_0,/Users/Admin/home/MDC_Benchmark_lite_ufo3/runs/ufo3-gpt-5.5-core200-rerun-20260826/mdcbench_lite_v1/run_01/095_linux_android_smarthome_005/attempts/attempt_001/config/task.json,/Users/Admin/home/MDC_Benchmark_lite_ufo3/runs/ufo3-gpt-5.5-core200-rerun-20260826/mdcbench_lite_v1/final_merged_status_after_infrastructure_repairs.json
ufo3-gpt-5.5,96,linux_android_smarthome_422,linux_android_smarthome,2A+1L+1H,attempt_001,/Users/Admin/home/MDC_Benchmark_lite_ufo3/runs/ufo3-gpt-5.5-core200-rerun-20260826/mdcbench_lite_v1/run_01/096_linux_android_smarthome_422/attempts/attempt_001,sha256:657a444954a19c73db2b86e82ca12c9dc964639af868a04f17d481d7233cfcf5,final_merged_selected_attempt,FAIL,FAIL,lifecycle_valid,0.5,0.5,selected_attempt_evaluator_trace,50,658.641,max_steps,budget_exhausted,4,android+home+linux,linux_0+android_0+android_1+home_0,/Users/Admin/home/MDC_Benchmark_lite_ufo3/runs/ufo3-gpt-5.5-core200-rerun-20260826/mdcbench_lite_v1/run_01/096_linux_android_smarthome_422/attempts/attempt_001/config/task.json,/Users/Admin/home/MDC_Benchmark_lite_ufo3/runs/ufo3-gpt-5.5-core200-rerun-20260826/mdcbench_lite_v1/final_merged_status_after_infrastructure_repairs.json
ufo3-gpt-5.5,97,linux_android_smarthome_439,linux_android_smarthome,2A+1L+1H,attempt_001,/Users/Admin/home/MDC_Benchmark_lite_ufo3/runs/ufo3-gpt-5.5-core200-rerun-20260826/mdcbench_lite_v1/run_01/097_linux_android_smarthome_439/attempts/attempt_001,sha256:c4c8c201fbf476e5e1f31a6d4391c91cfe9f7bc1ccecada7388300173daf42c6,final_merged_selected_attempt,FAIL,FAIL,lifecycle_valid,0.5,0.5,selected_attempt_evaluator_trace,50,634.291,max_steps,budget_exhausted,4,android+home+linux,linux_0+android_0+android_1+home_0,/Users/Admin/home/MDC_Benchmark_lite_ufo3/runs/ufo3-gpt-5.5-core200-rerun-20260826/mdcbench_lite_v1/run_01/097_linux_android_smarthome_439/attempts/attempt_001/config/task.json,/Users/Admin/home/MDC_Benchmark_lite_ufo3/runs/ufo3-gpt-5.5-core200-rerun-20260826/mdcbench_lite_v1/final_merged_status_after_infrastructure_repairs.json
ufo3-gpt-5.5,98,linux_android_smarthome_457,linux_android_smarthome,2A+1L+1H,attempt_001,/Users/Admin/home/MDC_Benchmark_lite_ufo3/runs/ufo3-gpt-5.5-core200-rerun-20260826/mdcbench_lite_v1/run_01/098_linux_android_smarthome_457/attempts/attempt_001,sha256:b0983f2430e3a98147386d27a27c5666ac7b5b263a5ba5b80ffd187fd38e99e0,final_merged_selected_attempt,PASS,PASS,lifecycle_valid,1.0,1.0,selected_attempt_evaluator_trace,37,656.191,done,passed,4,android+home+linux,linux_0+android_0+android_1+home_0,/Users/Admin/home/MDC_Benchmark_lite_ufo3/runs/ufo3-gpt-5.5-core200-rerun-20260826/mdcbench_lite_v1/run_01/098_linux_android_smarthome_457/attempts/attempt_001/config/task.json,/Users/Admin/home/MDC_Benchmark_lite_ufo3/runs/ufo3-gpt-5.5-core200-rerun-20260826/mdcbench_lite_v1/final_merged_status_after_infrastructure_repairs.json
ufo3-gpt-5.5,99,linux_android_smarthome_609,linux_android_smarthome,2A+1L+1H,attempt_001,/Users/Admin/home/MDC_Benchmark_lite_ufo3/runs/ufo3-gpt-5.5-core200-rerun-20260826/mdcbench_lite_v1/run_01/099_linux_android_smarthome_609/attempts/attempt_001,sha256:fb18c703a4b51d85ad3edbf8c9d0df02b53f73d4d2ba44b0e5e10c2420bb97df,final_merged_selected_attempt,FAIL,FAIL,lifecycle_valid,0.25,0.25,selected_attempt_evaluator_trace,50,724.983,max_steps,budget_exhausted,4,android+home+linux,linux_0+android_0+android_1+home_0,/Users/Admin/home/MDC_Benchmark_lite_ufo3/runs/ufo3-gpt-5.5-core200-rerun-20260826/mdcbench_lite_v1/run_01/099_linux_android_smarthome_609/attempts/attempt_001/config/task.json,/Users/Admin/home/MDC_Benchmark_lite_ufo3/runs/ufo3-gpt-5.5-core200-rerun-20260826/mdcbench_lite_v1/final_merged_status_after_infrastructure_repairs.json
ufo3-gpt-5.5,100,linux_android_smarthome_877,linux_android_smarthome,1A+2L+1H,attempt_001,/Users/Admin/home/MDC_Benchmark_lite_ufo3/runs/ufo3-gpt-5.5-core200-rerun-20260826/mdcbench_lite_v1/run_01/100_linux_android_smarthome_877/attempts/attempt_001,sha256:7f01b1d673419d0f407e1f037f48e00ad64c8caa410c7901bc575f7650cb687f,final_merged_selected_attempt,FAIL,FAIL,lifecycle_valid,0.25,0.25,selected_attempt_evaluator_trace,36,735.962,done,incorrect_completion,4,android+home+linux,linux_0+linux_1+android_0+home_0,/Users/Admin/home/MDC_Benchmark_lite_ufo3/runs/ufo3-gpt-5.5-core200-rerun-20260826/mdcbench_lite_v1/run_01/100_linux_android_smarthome_877/attempts/attempt_001/config/task.json,/Users/Admin/home/MDC_Benchmark_lite_ufo3/runs/ufo3-gpt-5.5-core200-rerun-20260826/mdcbench_lite_v1/final_merged_status_after_infrastructure_repairs.json
ufo3-gpt-5.5,101,linux_android_smarthome_472,linux_android_smarthome,2A+1L+1H,attempt_001,/Users/Admin/home/MDC_Benchmark_lite_ufo3/runs/ufo3-gpt-5.5-core200-rerun-20260826/mdcbench_lite_v1/run_01/101_linux_android_smarthome_472/attempts/attempt_001,sha256:41c89281281b00ca4cce82a29e5acb94f13f72cc7887a8605f8640b14840913a,final_merged_selected_attempt,FAIL,FAIL,lifecycle_valid,0.5,0.5,selected_attempt_evaluator_trace,50,833.857,max_steps,budget_exhausted,4,android+home+linux,linux_0+android_0+android_1+home_0,/Users/Admin/home/MDC_Benchmark_lite_ufo3/runs/ufo3-gpt-5.5-core200-rerun-20260826/mdcbench_lite_v1/run_01/101_linux_android_smarthome_472/attempts/attempt_001/config/task.json,/Users/Admin/home/MDC_Benchmark_lite_ufo3/runs/ufo3-gpt-5.5-core200-rerun-20260826/mdcbench_lite_v1/final_merged_status_after_infrastructure_repairs.json
ufo3-gpt-5.5,102,linux_android_smarthome_909,linux_android_smarthome,1A+2L+1H,attempt_001,/Users/Admin/home/MDC_Benchmark_lite_ufo3/runs/ufo3-gpt-5.5-core200-rerun-20260826/mdcbench_lite_v1/run_01/102_linux_android_smarthome_909/attempts/attempt_001,sha256:0c8da5f90a6c6cc0aed46ae98ae3d2d2e5df00be66f5ad76e9eee13cb88ad9e9,final_merged_selected_attempt,FAIL,FAIL,lifecycle_valid,0.3333333333333333,0.3333333333333333,selected_attempt_evaluator_trace,32,701.702,done,incorrect_completion,4,android+home+linux,linux_0+linux_1+android_0+home_0,/Users/Admin/home/MDC_Benchmark_lite_ufo3/runs/ufo3-gpt-5.5-core200-rerun-20260826/mdcbench_lite_v1/run_01/102_linux_android_smarthome_909/attempts/attempt_001/config/task.json,/Users/Admin/home/MDC_Benchmark_lite_ufo3/runs/ufo3-gpt-5.5-core200-rerun-20260826/mdcbench_lite_v1/final_merged_status_after_infrastructure_repairs.json
ufo3-gpt-5.5,103,linux_android_smarthome_287,linux_android_smarthome,1A+1L+1H,attempt_001,/Users/Admin/home/MDC_Benchmark_lite_ufo3/runs/ufo3-gpt-5.5-core200-rerun-20260826/mdcbench_lite_v1/run_01/103_linux_android_smarthome_287/attempts/attempt_001,sha256:3d66b5fb56c4e1eb02c031e3552423a08d2d0bba9b0e1278d46039e076f3f1df,final_merged_selected_attempt,FAIL,FAIL,lifecycle_valid,0.5,0.5,selected_attempt_evaluator_trace,46,1123.45,done,incorrect_completion,3,android+home+linux,linux_0+android_0+home_0,/Users/Admin/home/MDC_Benchmark_lite_ufo3/runs/ufo3-gpt-5.5-core200-rerun-20260826/mdcbench_lite_v1/run_01/103_linux_android_smarthome_287/attempts/attempt_001/config/task.json,/Users/Admin/home/MDC_Benchmark_lite_ufo3/runs/ufo3-gpt-5.5-core200-rerun-20260826/mdcbench_lite_v1/final_merged_status_after_infrastructure_repairs.json
ufo3-gpt-5.5,104,linux_android_smarthome_470,linux_android_smarthome,2A+1L+1H,attempt_001,/Users/Admin/home/MDC_Benchmark_lite_ufo3/runs/ufo3-gpt-5.5-core200-rerun-20260826/mdcbench_lite_v1/run_01/104_linux_android_smarthome_470/attempts/attempt_001,sha256:651361d67253c4c2eb972f95b1630cbc6c0ccff7d69dc9e8e8da78c3af660863,final_merged_selected_attempt,PASS,PASS,lifecycle_valid,1.0,1.0,selected_attempt_evaluator_trace,49,1049.297,done,passed,4,android+home+linux,linux_0+android_0+android_1+home_0,/Users/Admin/home/MDC_Benchmark_lite_ufo3/runs/ufo3-gpt-5.5-core200-rerun-20260826/mdcbench_lite_v1/run_01/104_linux_android_smarthome_470/attempts/attempt_001/config/task.json,/Users/Admin/home/MDC_Benchmark_lite_ufo3/runs/ufo3-gpt-5.5-core200-rerun-20260826/mdcbench_lite_v1/final_merged_status_after_infrastructure_repairs.json
ufo3-gpt-5.5,105,linux_android_smarthome_941,linux_android_smarthome,1A+2L+1H,attempt_001,/Users/Admin/home/MDC_Benchmark_lite_ufo3/runs/ufo3-gpt-5.5-core200-rerun-20260826/mdcbench_lite_v1/run_01/105_linux_android_smarthome_941/attempts/attempt_001,sha256:a8ada48bdeece6aee4377b8ee1425408bc35650b79e5a075a0dbf74e07cc5f28,final_merged_selected_attempt,FAIL,FAIL,lifecycle_valid,0.6666666666666666,0.6666666666666666,selected_attempt_evaluator_trace,31,1443.88,done,incorrect_completion,4,android+home+linux,linux_0+linux_1+android_0+home_0,/Users/Admin/home/MDC_Benchmark_lite_ufo3/runs/ufo3-gpt-5.5-core200-rerun-20260826/mdcbench_lite_v1/run_01/105_linux_android_smarthome_941/attempts/attempt_001/config/task.json,/Users/Admin/home/MDC_Benchmark_lite_ufo3/runs/ufo3-gpt-5.5-core200-rerun-20260826/mdcbench_lite_v1/final_merged_status_after_infrastructure_repairs.json
ufo3-gpt-5.5,106,linux_smarthome_454,linux_smarthome,linux_smarthome,attempt_001,/Users/Admin/home/MDC_Benchmark_lite_ufo3/runs/ufo3-gpt-5.5-core200-rerun-20260826/mdcbench_lite_v1/run_01/106_linux_smarthome_454/attempts/attempt_001,sha256:85baa80d326f4806bd87cfeae7861b771e432786dc451254338ce7fa02615d4d,final_merged_selected_attempt,PASS,PASS,lifecycle_valid,1.0,1.0,selected_attempt_evaluator_trace,15,621.476,done,passed,2,home+linux,linux_0+home_0,/Users/Admin/home/MDC_Benchmark_lite_ufo3/runs/ufo3-gpt-5.5-core200-rerun-20260826/mdcbench_lite_v1/run_01/106_linux_smarthome_454/attempts/attempt_001/config/task.json,/Users/Admin/home/MDC_Benchmark_lite_ufo3/runs/ufo3-gpt-5.5-core200-rerun-20260826/mdcbench_lite_v1/final_merged_status_after_infrastructure_repairs.json
ufo3-gpt-5.5,107,linux_smarthome_350,linux_smarthome,linux_smarthome,attempt_001,/Users/Admin/home/MDC_Benchmark_lite_ufo3/runs/ufo3-gpt-5.5-core200-rerun-20260826/mdcbench_lite_v1/run_01/107_linux_smarthome_350/attempts/attempt_001,sha256:29f5fd77384253f2606ac0132eeab914893feb0e98808cba43be198070a6c842,final_merged_selected_attempt,PASS,PASS,lifecycle_valid,1.0,1.0,selected_attempt_evaluator_trace,9,409.293,done,passed,2,home+linux,linux_0+home_0,/Users/Admin/home/MDC_Benchmark_lite_ufo3/runs/ufo3-gpt-5.5-core200-rerun-20260826/mdcbench_lite_v1/run_01/107_linux_smarthome_350/attempts/attempt_001/config/task.json,/Users/Admin/home/MDC_Benchmark_lite_ufo3/runs/ufo3-gpt-5.5-core200-rerun-20260826/mdcbench_lite_v1/final_merged_status_after_infrastructure_repairs.json
ufo3-gpt-5.5,108,linux_smarthome_520,linux_smarthome,2linux_smarthome,attempt_001,/Users/Admin/home/MDC_Benchmark_lite_ufo3/runs/ufo3-gpt-5.5-core200-rerun-20260826/mdcbench_lite_v1/run_01/108_linux_smarthome_520/attempts/attempt_001,sha256:f75a130de7ffa4aeecb9d4e13db8795b4f203dcd8910d0431b991f076cbbbb02,final_merged_selected_attempt,FAIL,FAIL,lifecycle_valid,0.5,0.5,selected_attempt_evaluator_trace,14,558.814,done,incorrect_completion,3,home+linux,linux_0+linux_1+home_0,/Users/Admin/home/MDC_Benchmark_lite_ufo3/runs/ufo3-gpt-5.5-core200-rerun-20260826/mdcbench_lite_v1/run_01/108_linux_smarthome_520/attempts/attempt_001/config/task.json,/Users/Admin/home/MDC_Benchmark_lite_ufo3/runs/ufo3-gpt-5.5-core200-rerun-20260826/mdcbench_lite_v1/final_merged_status_after_infrastructure_repairs.json
ufo3-gpt-5.5,109,linux_smarthome_098,linux_smarthome,linux_smarthome,attempt_001,/Users/Admin/home/MDC_Benchmark_lite_ufo3/runs/ufo3-gpt-5.5-core200-rerun-20260826/mdcbench_lite_v1/run_01/109_linux_smarthome_098/attempts/attempt_001,sha256:f61c6eb87ff9f364b7b536275bb64dc86e59b66337ea7a3eee71c4fc9907ffeb,final_merged_selected_attempt,FAIL,FAIL,lifecycle_valid,0.0,0.0,selected_attempt_evaluator_trace,9,269.129,done,incorrect_completion,2,home+linux,linux_0+home_0,/Users/Admin/home/MDC_Benchmark_lite_ufo3/runs/ufo3-gpt-5.5-core200-rerun-20260826/mdcbench_lite_v1/run_01/109_linux_smarthome_098/attempts/attempt_001/config/task.json,/Users/Admin/home/MDC_Benchmark_lite_ufo3/runs/ufo3-gpt-5.5-core200-rerun-20260826/mdcbench_lite_v1/final_merged_status_after_infrastructure_repairs.json
ufo3-gpt-5.5,110,linux_smarthome_387,linux_smarthome,linux_smarthome,attempt_001,/Users/Admin/home/MDC_Benchmark_lite_ufo3/runs/ufo3-gpt-5.5-core200-rerun-20260826/mdcbench_lite_v1/run_01/110_linux_smarthome_387/attempts/attempt_001,sha256:4e201f981496161844c548de9462155eecbcc5922b8a1ebeedacc2d146ebaf75,final_merged_selected_attempt,FAIL,FAIL,lifecycle_valid,0.0,0.0,selected_attempt_evaluator_trace,10,534.75,done,incorrect_completion,2,home+linux,linux_0+home_0,/Users/Admin/home/MDC_Benchmark_lite_ufo3/runs/ufo3-gpt-5.5-core200-rerun-20260826/mdcbench_lite_v1/run_01/110_linux_smarthome_387/attempts/attempt_001/config/task.json,/Users/Admin/home/MDC_Benchmark_lite_ufo3/runs/ufo3-gpt-5.5-core200-rerun-20260826/mdcbench_lite_v1/final_merged_status_after_infrastructure_repairs.json
ufo3-gpt-5.5,111,linux_smarthome_606,linux_smarthome,2linux_smarthome,attempt_001,/Users/Admin/home/MDC_Benchmark_lite_ufo3/runs/ufo3-gpt-5.5-core200-rerun-20260826/mdcbench_lite_v1/run_01/111_linux_smarthome_606/attempts/attempt_001,sha256:20eb16fd3eee87490399b5ab9d30afa8b484a8d4bec0ea8e4194827494212932,final_merged_selected_attempt,FAIL,FAIL,lifecycle_valid,0.0,0.0,selected_attempt_evaluator_trace,16,735.196,done,incorrect_completion,3,home+linux,linux_0+linux_1+home_0,/Users/Admin/home/MDC_Benchmark_lite_ufo3/runs/ufo3-gpt-5.5-core200-rerun-20260826/mdcbench_lite_v1/run_01/111_linux_smarthome_606/attempts/attempt_001/config/task.json,/Users/Admin/home/MDC_Benchmark_lite_ufo3/runs/ufo3-gpt-5.5-core200-rerun-20260826/mdcbench_lite_v1/final_merged_status_after_infrastructure_repairs.json
ufo3-gpt-5.5,112,linux_smarthome_378,linux_smarthome,linux_smarthome,attempt_001,/Users/Admin/home/MDC_Benchmark_lite_ufo3/runs/ufo3-gpt-5.5-core200-rerun-20260826/mdcbench_lite_v1/run_01/112_linux_smarthome_378/attempts/attempt_001,sha256:b4cf51219af3c34240220021d0cc85e9048d89b2e108b2f914fc8b0193e818cf,final_merged_selected_attempt,PASS,PASS,lifecycle_valid,1.0,1.0,selected_attempt_evaluator_trace,24,316.013,done,passed,2,home+linux,linux_0+home_0,/Users/Admin/home/MDC_Benchmark_lite_ufo3/runs/ufo3-gpt-5.5-core200-rerun-20260826/mdcbench_lite_v1/run_01/112_linux_smarthome_378/attempts/attempt_001/config/task.json,/Users/Admin/home/MDC_Benchmark_lite_ufo3/runs/ufo3-gpt-5.5-core200-rerun-20260826/mdcbench_lite_v1/final_merged_status_after_infrastructure_repairs.json
ufo3-gpt-5.5,113,linux_smarthome_063,linux_smarthome,linux_smarthome,attempt_001,/Users/Admin/home/MDC_Benchmark_lite_ufo3/runs/ufo3-gpt-5.5-core200-rerun-20260826/mdcbench_lite_v1/run_01/113_linux_smarthome_063/attempts/attempt_001,sha256:4781a8da9bd0f81035c02bb8208d68a0f4c2423992825d5842f820a220f026c7,final_merged_selected_attempt,PASS,PASS,lifecycle_valid,1.0,1.0,selected_attempt_evaluator_trace,9,177.494,done,passed,2,home+linux,linux_0+home_0,/Users/Admin/home/MDC_Benchmark_lite_ufo3/runs/ufo3-gpt-5.5-core200-rerun-20260826/mdcbench_lite_v1/run_01/113_linux_smarthome_063/attempts/attempt_001/config/task.json,/Users/Admin/home/MDC_Benchmark_lite_ufo3/runs/ufo3-gpt-5.5-core200-rerun-20260826/mdcbench_lite_v1/final_merged_status_after_infrastructure_repairs.json
ufo3-gpt-5.5,114,linux_smarthome_851,linux_smarthome,2linux_smarthome,attempt_001,/Users/Admin/home/MDC_Benchmark_lite_ufo3/runs/ufo3-gpt-5.5-core200-rerun-20260826/mdcbench_lite_v1/run_01/114_linux_smarthome_851/attempts/attempt_001,sha256:b1a6b9a1453f5dae2342fe2059b839603b8e686c47b8bb3a3ad36d389c579d78,final_merged_selected_attempt,FAIL,FAIL,lifecycle_valid,0.0,0.0,selected_attempt_evaluator_trace,15,632.874,done,incorrect_completion,3,home+linux,linux_0+linux_1+home_0,/Users/Admin/home/MDC_Benchmark_lite_ufo3/runs/ufo3-gpt-5.5-core200-rerun-20260826/mdcbench_lite_v1/run_01/114_linux_smarthome_851/attempts/attempt_001/config/task.json,/Users/Admin/home/MDC_Benchmark_lite_ufo3/runs/ufo3-gpt-5.5-core200-rerun-20260826/mdcbench_lite_v1/final_merged_status_after_infrastructure_repairs.json
ufo3-gpt-5.5,115,linux_smarthome_433,linux_smarthome,linux_smarthome,attempt_001,/Users/Admin/home/MDC_Benchmark_lite_ufo3/runs/ufo3-gpt-5.5-core200-rerun-20260826/mdcbench_lite_v1/run_01/115_linux_smarthome_433/attempts/attempt_001,sha256:a1545d8223c2d8483cafe7371b16fcfdd4257cb29327273e42b9882a65230d7f,final_merged_selected_attempt,PASS,PASS,lifecycle_valid,1.0,1.0,selected_attempt_evaluator_trace,17,400.408,done,passed,2,home+linux,linux_0+home_0,/Users/Admin/home/MDC_Benchmark_lite_ufo3/runs/ufo3-gpt-5.5-core200-rerun-20260826/mdcbench_lite_v1/run_01/115_linux_smarthome_433/attempts/attempt_001/config/task.json,/Users/Admin/home/MDC_Benchmark_lite_ufo3/runs/ufo3-gpt-5.5-core200-rerun-20260826/mdcbench_lite_v1/final_merged_status_after_infrastructure_repairs.json
ufo3-gpt-5.5,116,linux_smarthome_1000,linux_smarthome,2linux_smarthome,attempt_001,/Users/Admin/home/MDC_Benchmark_lite_ufo3/runs/ufo3-gpt-5.5-core200-rerun-20260826/mdcbench_lite_v1/run_01/116_linux_smarthome_1000/attempts/attempt_001,sha256:f36c85fec822162628a757eff1ff250b89d54d1dded63557723570722fd33b3a,final_merged_selected_attempt,FAIL,FAIL,lifecycle_valid,0.5,0.5,selected_attempt_evaluator_trace,19,427.148,done,incorrect_completion,3,home+linux,linux_0+linux_1+home_0,/Users/Admin/home/MDC_Benchmark_lite_ufo3/runs/ufo3-gpt-5.5-core200-rerun-20260826/mdcbench_lite_v1/run_01/116_linux_smarthome_1000/attempts/attempt_001/config/task.json,/Users/Admin/home/MDC_Benchmark_lite_ufo3/runs/ufo3-gpt-5.5-core200-rerun-20260826/mdcbench_lite_v1/final_merged_status_after_infrastructure_repairs.json
ufo3-gpt-5.5,117,linux_smarthome_796,linux_smarthome,2linux_smarthome,attempt_001,/Users/Admin/home/MDC_Benchmark_lite_ufo3/runs/ufo3-gpt-5.5-core200-rerun-20260826/mdcbench_lite_v1/run_01/117_linux_smarthome_796/attempts/attempt_001,sha256:37e9884119b4ded5bed758a17c4e99eb100548efddd23eb5c37cc5552dd2742f,final_merged_selected_attempt,FAIL,FAIL,lifecycle_valid,0.0,0.0,selected_attempt_evaluator_trace,21,477.277,done,incorrect_completion,3,home+linux,linux_0+linux_1+home_0,/Users/Admin/home/MDC_Benchmark_lite_ufo3/runs/ufo3-gpt-5.5-core200-rerun-20260826/mdcbench_lite_v1/run_01/117_linux_smarthome_796/attempts/attempt_001/config/task.json,/Users/Admin/home/MDC_Benchmark_lite_ufo3/runs/ufo3-gpt-5.5-core200-rerun-20260826/mdcbench_lite_v1/final_merged_status_after_infrastructure_repairs.json
ufo3-gpt-5.5,118,linux_smarthome_576,linux_smarthome,linux_smarthome,attempt_001,/Users/Admin/home/MDC_Benchmark_lite_ufo3/runs/ufo3-gpt-5.5-core200-rerun-20260826/mdcbench_lite_v1/run_01/118_linux_smarthome_576/attempts/attempt_001,sha256:1487c7de3f83c17fbb31790581c9b425623c8d22bdf29baca5914b39a7458742,final_merged_selected_attempt,PASS,PASS,lifecycle_valid,1.0,1.0,selected_attempt_evaluator_trace,15,244.74,done,passed,2,home+linux,linux_0+home_0,/Users/Admin/home/MDC_Benchmark_lite_ufo3/runs/ufo3-gpt-5.5-core200-rerun-20260826/mdcbench_lite_v1/run_01/118_linux_smarthome_576/attempts/attempt_001/config/task.json,/Users/Admin/home/MDC_Benchmark_lite_ufo3/runs/ufo3-gpt-5.5-core200-rerun-20260826/mdcbench_lite_v1/final_merged_status_after_infrastructure_repairs.json
ufo3-gpt-5.5,119,linux_smarthome_932,linux_smarthome,2linux_smarthome,attempt_001,/Users/Admin/home/MDC_Benchmark_lite_ufo3/runs/ufo3-gpt-5.5-core200-rerun-20260826/mdcbench_lite_v1/run_01/119_linux_smarthome_932/attempts/attempt_001,sha256:4ab8c07662b610fd780acf183393fbf91e6e9a70910d4ea932f0eef236e090ed,final_merged_selected_attempt,FAIL,FAIL,lifecycle_valid,0.0,0.0,selected_attempt_evaluator_trace,14,394.807,done,incorrect_completion,3,home+linux,linux_0+linux_1+home_0,/Users/Admin/home/MDC_Benchmark_lite_ufo3/runs/ufo3-gpt-5.5-core200-rerun-20260826/mdcbench_lite_v1/run_01/119_linux_smarthome_932/attempts/attempt_001/config/task.json,/Users/Admin/home/MDC_Benchmark_lite_ufo3/runs/ufo3-gpt-5.5-core200-rerun-20260826/mdcbench_lite_v1/final_merged_status_after_infrastructure_repairs.json
ufo3-gpt-5.5,120,linux_smarthome_062,linux_smarthome,linux_smarthome,attempt_001,/Users/Admin/home/MDC_Benchmark_lite_ufo3/runs/ufo3-gpt-5.5-core200-rerun-20260826/mdcbench_lite_v1/run_01/120_linux_smarthome_062/attempts/attempt_001,sha256:330009032ee93f9c0c75d35a02b140d99e6fd5131b8e9f77dee140bf0198708f,final_merged_selected_attempt,FAIL,FAIL,lifecycle_valid,0.0,0.0,selected_attempt_evaluator_trace,11,186.695,done,incorrect_completion,2,home+linux,linux_0+home_0,/Users/Admin/home/MDC_Benchmark_lite_ufo3/runs/ufo3-gpt-5.5-core200-rerun-20260826/mdcbench_lite_v1/run_01/120_linux_smarthome_062/attempts/attempt_001/config/task.json,/Users/Admin/home/MDC_Benchmark_lite_ufo3/runs/ufo3-gpt-5.5-core200-rerun-20260826/mdcbench_lite_v1/final_merged_status_after_infrastructure_repairs.json
ufo3-gpt-5.5,121,linux_smarthome_983,linux_smarthome,2linux_smarthome,attempt_001,/Users/Admin/home/MDC_Benchmark_lite_ufo3/runs/ufo3-gpt-5.5-core200-rerun-20260826/mdcbench_lite_v1/run_01/121_linux_smarthome_983/attempts/attempt_001,sha256:01a7676cb9a34868824ef305af1863cf3aad26063d2f2b968ba486d06e02ab26,final_merged_selected_attempt,FAIL,FAIL,lifecycle_valid,0.5,0.5,selected_attempt_evaluator_trace,18,426.265,done,incorrect_completion,3,home+linux,linux_0+linux_1+home_0,/Users/Admin/home/MDC_Benchmark_lite_ufo3/runs/ufo3-gpt-5.5-core200-rerun-20260826/mdcbench_lite_v1/run_01/121_linux_smarthome_983/attempts/attempt_001/config/task.json,/Users/Admin/home/MDC_Benchmark_lite_ufo3/runs/ufo3-gpt-5.5-core200-rerun-20260826/mdcbench_lite_v1/final_merged_status_after_infrastructure_repairs.json
ufo3-gpt-5.5,122,linux_smarthome_656,linux_smarthome,linux_smarthome,attempt_001,/Users/Admin/home/MDC_Benchmark_lite_ufo3/runs/ufo3-gpt-5.5-core200-rerun-20260826/mdcbench_lite_v1/run_01/122_linux_smarthome_656/attempts/attempt_001,sha256:54661e7cd5f2e72f983732b7d40c2f77e49eefae665f0040ea2de51ed1fde88c,final_merged_selected_attempt,PASS,PASS,lifecycle_valid,1.0,1.0,selected_attempt_evaluator_trace,15,229.519,done,passed,2,home+linux,linux_0+home_0,/Users/Admin/home/MDC_Benchmark_lite_ufo3/runs/ufo3-gpt-5.5-core200-rerun-20260826/mdcbench_lite_v1/run_01/122_linux_smarthome_656/attempts/attempt_001/config/task.json,/Users/Admin/home/MDC_Benchmark_lite_ufo3/runs/ufo3-gpt-5.5-core200-rerun-20260826/mdcbench_lite_v1/final_merged_status_after_infrastructure_repairs.json
ufo3-gpt-5.5,123,linux_smarthome_982,linux_smarthome,2linux_smarthome,attempt_001,/Users/Admin/home/MDC_Benchmark_lite_ufo3/runs/ufo3-gpt-5.5-core200-rerun-20260826/mdcbench_lite_v1/run_01/123_linux_smarthome_982/attempts/attempt_001,sha256:93d37f3655190f0e80b4dbcf1ae5b994bd4ebf8a4ab645eb519211df924ecd14,final_merged_selected_attempt,FAIL,FAIL,lifecycle_valid,0.0,0.0,selected_attempt_evaluator_trace,14,420.575,done,incorrect_completion,3,home+linux,linux_0+linux_1+home_0,/Users/Admin/home/MDC_Benchmark_lite_ufo3/runs/ufo3-gpt-5.5-core200-rerun-20260826/mdcbench_lite_v1/run_01/123_linux_smarthome_982/attempts/attempt_001/config/task.json,/Users/Admin/home/MDC_Benchmark_lite_ufo3/runs/ufo3-gpt-5.5-core200-rerun-20260826/mdcbench_lite_v1/final_merged_status_after_infrastructure_repairs.json
ufo3-gpt-5.5,124,linux_smarthome_348,linux_smarthome,linux_smarthome,attempt_001,/Users/Admin/home/MDC_Benchmark_lite_ufo3/runs/ufo3-gpt-5.5-core200-rerun-20260826/mdcbench_lite_v1/run_01/124_linux_smarthome_348/attempts/attempt_001,sha256:0c6aced5687e50388af5cca411ebcf4f09826613798a1422c60556dad9c4ba83,final_merged_selected_attempt,PASS,PASS,lifecycle_valid,1.0,1.0,selected_attempt_evaluator_trace,13,267.593,done,passed,2,home+linux,linux_0+home_0,/Users/Admin/home/MDC_Benchmark_lite_ufo3/runs/ufo3-gpt-5.5-core200-rerun-20260826/mdcbench_lite_v1/run_01/124_linux_smarthome_348/attempts/attempt_001/config/task.json,/Users/Admin/home/MDC_Benchmark_lite_ufo3/runs/ufo3-gpt-5.5-core200-rerun-20260826/mdcbench_lite_v1/final_merged_status_after_infrastructure_repairs.json
ufo3-gpt-5.5,125,linux_smarthome_567,linux_smarthome,2linux_smarthome,attempt_001,/Users/Admin/home/MDC_Benchmark_lite_ufo3/runs/ufo3-gpt-5.5-core200-rerun-20260826/mdcbench_lite_v1/run_01/125_linux_smarthome_567/attempts/attempt_001,sha256:de7bae552b6acb5216406d070aed7cc502bbbc76b97b7a8429c2ce0dfd5a535d,final_merged_selected_attempt,FAIL,FAIL,lifecycle_valid,0.0,0.0,selected_attempt_evaluator_trace,16,464.698,done,incorrect_completion,3,home+linux,linux_0+linux_1+home_0,/Users/Admin/home/MDC_Benchmark_lite_ufo3/runs/ufo3-gpt-5.5-core200-rerun-20260826/mdcbench_lite_v1/run_01/125_linux_smarthome_567/attempts/attempt_001/config/task.json,/Users/Admin/home/MDC_Benchmark_lite_ufo3/runs/ufo3-gpt-5.5-core200-rerun-20260826/mdcbench_lite_v1/final_merged_status_after_infrastructure_repairs.json
ufo3-gpt-5.5,126,linux_smarthome_670,linux_smarthome,2linux_smarthome,attempt_001,/Users/Admin/home/MDC_Benchmark_lite_ufo3/runs/ufo3-gpt-5.5-core200-rerun-20260826/mdcbench_lite_v1/run_01/126_linux_smarthome_670/attempts/attempt_001,sha256:5955c6bb58359aa67439675a53430c4223aa0fdc8df3946cdaadecfb29a6c181,final_merged_selected_attempt,FAIL,FAIL,lifecycle_valid,0.75,0.75,selected_attempt_evaluator_trace,16,516.754,done,incorrect_completion,3,home+linux,linux_0+linux_1+home_0,/Users/Admin/home/MDC_Benchmark_lite_ufo3/runs/ufo3-gpt-5.5-core200-rerun-20260826/mdcbench_lite_v1/run_01/126_linux_smarthome_670/attempts/attempt_001/config/task.json,/Users/Admin/home/MDC_Benchmark_lite_ufo3/runs/ufo3-gpt-5.5-core200-rerun-20260826/mdcbench_lite_v1/final_merged_status_after_infrastructure_repairs.json
ufo3-gpt-5.5,127,linux_smarthome_359,linux_smarthome,linux_smarthome,attempt_001,/Users/Admin/home/MDC_Benchmark_lite_ufo3/runs/ufo3-gpt-5.5-core200-rerun-20260826/mdcbench_lite_v1/run_01/127_linux_smarthome_359/attempts/attempt_001,sha256:676e9c66d44fa2d4d1f6e1a79f5ddfc5e39d154387d84bf89f7ed4858c64b2d7,final_merged_selected_attempt,PASS,PASS,lifecycle_valid,1.0,1.0,selected_attempt_evaluator_trace,13,244.481,done,passed,2,home+linux,linux_0+home_0,/Users/Admin/home/MDC_Benchmark_lite_ufo3/runs/ufo3-gpt-5.5-core200-rerun-20260826/mdcbench_lite_v1/run_01/127_linux_smarthome_359/attempts/attempt_001/config/task.json,/Users/Admin/home/MDC_Benchmark_lite_ufo3/runs/ufo3-gpt-5.5-core200-rerun-20260826/mdcbench_lite_v1/final_merged_status_after_infrastructure_repairs.json
ufo3-gpt-5.5,128,linux_smarthome_373,linux_smarthome,linux_smarthome,attempt_001,/Users/Admin/home/MDC_Benchmark_lite_ufo3/runs/ufo3-gpt-5.5-core200-rerun-20260826/mdcbench_lite_v1/run_01/128_linux_smarthome_373/attempts/attempt_001,sha256:9e59090fe0473b12abcda9a6790cf9dd5ede83ba0d4ff6555d880505e0f3f6db,final_merged_selected_attempt,FAIL,FAIL,lifecycle_valid,0.5,0.5,selected_attempt_evaluator_trace,13,291.398,done,incorrect_completion,2,home+linux,linux_0+home_0,/Users/Admin/home/MDC_Benchmark_lite_ufo3/runs/ufo3-gpt-5.5-core200-rerun-20260826/mdcbench_lite_v1/run_01/128_linux_smarthome_373/attempts/attempt_001/config/task.json,/Users/Admin/home/MDC_Benchmark_lite_ufo3/runs/ufo3-gpt-5.5-core200-rerun-20260826/mdcbench_lite_v1/final_merged_status_after_infrastructure_repairs.json
ufo3-gpt-5.5,129,linux_smarthome_065,linux_smarthome,linux_smarthome,attempt_001,/Users/Admin/home/MDC_Benchmark_lite_ufo3/runs/ufo3-gpt-5.5-core200-rerun-20260826/mdcbench_lite_v1/run_01/129_linux_smarthome_065/attempts/attempt_001,sha256:ad1489fd381dc6f96c3217838f63dd1c0d6ec5060970793393de20cc6df43264,final_merged_selected_attempt,PASS,PASS,lifecycle_valid,1.0,1.0,selected_attempt_evaluator_trace,8,169.077,done,passed,2,home+linux,linux_0+home_0,/Users/Admin/home/MDC_Benchmark_lite_ufo3/runs/ufo3-gpt-5.5-core200-rerun-20260826/mdcbench_lite_v1/run_01/129_linux_smarthome_065/attempts/attempt_001/config/task.json,/Users/Admin/home/MDC_Benchmark_lite_ufo3/runs/ufo3-gpt-5.5-core200-rerun-20260826/mdcbench_lite_v1/final_merged_status_after_infrastructure_repairs.json
ufo3-gpt-5.5,130,linux_smarthome_370,linux_smarthome,linux_smarthome,attempt_001,/Users/Admin/home/MDC_Benchmark_lite_ufo3/runs/ufo3-gpt-5.5-core200-rerun-20260826/mdcbench_lite_v1/run_01/130_linux_smarthome_370/attempts/attempt_001,sha256:11932d197ca8a167bbd2894f3af3617574920a0e52a8c8c85f1b5c4d47731c63,final_merged_selected_attempt,PASS,PASS,lifecycle_valid,1.0,1.0,selected_attempt_evaluator_trace,9,183.37,done,passed,2,home+linux,linux_0+home_0,/Users/Admin/home/MDC_Benchmark_lite_ufo3/runs/ufo3-gpt-5.5-core200-rerun-20260826/mdcbench_lite_v1/run_01/130_linux_smarthome_370/attempts/attempt_001/config/task.json,/Users/Admin/home/MDC_Benchmark_lite_ufo3/runs/ufo3-gpt-5.5-core200-rerun-20260826/mdcbench_lite_v1/final_merged_status_after_infrastructure_repairs.json
ufo3-gpt-5.5,131,linux_smarthome_372,linux_smarthome,linux_smarthome,attempt_001,/Users/Admin/home/MDC_Benchmark_lite_ufo3/runs/ufo3-gpt-5.5-core200-rerun-20260826/mdcbench_lite_v1/run_01/131_linux_smarthome_372/attempts/attempt_001,sha256:fe6ee1fd3d35a9ab7517ac1663d6bc4964e483975b74cd90d76e8edd90703060,final_merged_selected_attempt,FAIL,FAIL,lifecycle_valid,0.0,0.0,selected_attempt_evaluator_trace,13,304.814,done,incorrect_completion,2,home+linux,linux_0+home_0,/Users/Admin/home/MDC_Benchmark_lite_ufo3/runs/ufo3-gpt-5.5-core200-rerun-20260826/mdcbench_lite_v1/run_01/131_linux_smarthome_372/attempts/attempt_001/config/task.json,/Users/Admin/home/MDC_Benchmark_lite_ufo3/runs/ufo3-gpt-5.5-core200-rerun-20260826/mdcbench_lite_v1/final_merged_status_after_infrastructure_repairs.json
ufo3-gpt-5.5,132,linux_smarthome_028,linux_smarthome,linux_smarthome,attempt_001,/Users/Admin/home/MDC_Benchmark_lite_ufo3/runs/ufo3-gpt-5.5-core200-rerun-20260826/mdcbench_lite_v1/run_01/132_linux_smarthome_028/attempts/attempt_001,sha256:57b55e0931fef2e9d634ccec3b3e5f18af1c7ebb032c51d635528065da9f0bf2,final_merged_selected_attempt,PASS,PASS,lifecycle_valid,1.0,1.0,selected_attempt_evaluator_trace,7,208.469,done,passed,2,home+linux,linux_0+home_0,/Users/Admin/home/MDC_Benchmark_lite_ufo3/runs/ufo3-gpt-5.5-core200-rerun-20260826/mdcbench_lite_v1/run_01/132_linux_smarthome_028/attempts/attempt_001/config/task.json,/Users/Admin/home/MDC_Benchmark_lite_ufo3/runs/ufo3-gpt-5.5-core200-rerun-20260826/mdcbench_lite_v1/final_merged_status_after_infrastructure_repairs.json
ufo3-gpt-5.5,133,linux_smarthome_999,linux_smarthome,2linux_smarthome,attempt_001,/Users/Admin/home/MDC_Benchmark_lite_ufo3/runs/ufo3-gpt-5.5-core200-rerun-20260826/mdcbench_lite_v1/run_01/133_linux_smarthome_999/attempts/attempt_001,sha256:6edb3811c19b8fb12b03ee659ffcc45b21e0898f73c8b808a2a6884d7f4c9ad7,final_merged_selected_attempt,FAIL,FAIL,lifecycle_valid,0.5,0.5,selected_attempt_evaluator_trace,19,442.683,done,incorrect_completion,3,home+linux,linux_0+linux_1+home_0,/Users/Admin/home/MDC_Benchmark_lite_ufo3/runs/ufo3-gpt-5.5-core200-rerun-20260826/mdcbench_lite_v1/run_01/133_linux_smarthome_999/attempts/attempt_001/config/task.json,/Users/Admin/home/MDC_Benchmark_lite_ufo3/runs/ufo3-gpt-5.5-core200-rerun-20260826/mdcbench_lite_v1/final_merged_status_after_infrastructure_repairs.json
ufo3-gpt-5.5,134,linux_smarthome_361,linux_smarthome,linux_smarthome,attempt_001,/Users/Admin/home/MDC_Benchmark_lite_ufo3/runs/ufo3-gpt-5.5-core200-rerun-20260826/mdcbench_lite_v1/run_01/134_linux_smarthome_361/attempts/attempt_001,sha256:add30f2e4012440c18c231cad47b08daa17d7128b3be76c6440ac56301d211f9,final_merged_selected_attempt,FAIL,FAIL,lifecycle_valid,0.5,0.5,selected_attempt_evaluator_trace,20,855.39,done,incorrect_completion,2,home+linux,linux_0+home_0,/Users/Admin/home/MDC_Benchmark_lite_ufo3/runs/ufo3-gpt-5.5-core200-rerun-20260826/mdcbench_lite_v1/run_01/134_linux_smarthome_361/attempts/attempt_001/config/task.json,/Users/Admin/home/MDC_Benchmark_lite_ufo3/runs/ufo3-gpt-5.5-core200-rerun-20260826/mdcbench_lite_v1/final_merged_status_after_infrastructure_repairs.json
ufo3-gpt-5.5,135,linux_smarthome_981,linux_smarthome,2linux_smarthome,attempt_001,/Users/Admin/home/MDC_Benchmark_lite_ufo3/runs/ufo3-gpt-5.5-core200-rerun-20260826/mdcbench_lite_v1/run_01/135_linux_smarthome_981/attempts/attempt_001,sha256:11eb234269f092b42c9572e9622cddd2d5a50041668d419e4bb23f94c0d4cb93,final_merged_selected_attempt,FAIL,FAIL,lifecycle_valid,0.5,0.5,selected_attempt_evaluator_trace,22,716.35,done,incorrect_completion,3,home+linux,linux_0+linux_1+home_0,/Users/Admin/home/MDC_Benchmark_lite_ufo3/runs/ufo3-gpt-5.5-core200-rerun-20260826/mdcbench_lite_v1/run_01/135_linux_smarthome_981/attempts/attempt_001/config/task.json,/Users/Admin/home/MDC_Benchmark_lite_ufo3/runs/ufo3-gpt-5.5-core200-rerun-20260826/mdcbench_lite_v1/final_merged_status_after_infrastructure_repairs.json
ufo3-gpt-5.5,136,android_smarthome_357,android_smarthome,2android_smarthome,attempt_001,/Users/Admin/home/MDC_Benchmark_lite_ufo3/runs/ufo3-gpt-5.5-core200-rerun-20260826/mdcbench_lite_v1/infrastructure_repair_01/136_android_smarthome_357/attempts/attempt_001,sha256:7ca5bbd4f11998621ae726a60b76dded31b2ac932e86375228b5e58979bad667,final_merged_infrastructure_repair:lite_136,INFRASTRUCTURE_INVALID,FAIL,lifecycle_valid,,0.0,official_repair_attempt_evaluator_trace,50,1638.784,max_steps,budget_exhausted,3,android+home,android_0+android_1+home_0,/Users/Admin/home/MDC_Benchmark_lite_ufo3/runs/ufo3-gpt-5.5-core200-rerun-20260826/mdcbench_lite_v1/infrastructure_repair_01/136_android_smarthome_357/attempts/attempt_001/config/task.json,/Users/Admin/home/MDC_Benchmark_lite_ufo3/runs/ufo3-gpt-5.5-core200-rerun-20260826/mdcbench_lite_v1/final_merged_status_after_infrastructure_repairs.json
ufo3-gpt-5.5,137,android_smarthome_409,android_smarthome,android_smarthome,attempt_001,/Users/Admin/home/MDC_Benchmark_lite_ufo3/runs/ufo3-gpt-5.5-core200-rerun-20260826/mdcbench_lite_v1/run_01/137_android_smarthome_409/attempts/attempt_001,sha256:259e008b24c65381760c6b31db421398f2d209ab9b931670c4d7dc261892f7ac,final_merged_selected_attempt,FAIL,FAIL,lifecycle_valid,0.5,0.5,selected_attempt_evaluator_trace,50,905.554,max_steps,budget_exhausted,2,android+home,android_0+home_0,/Users/Admin/home/MDC_Benchmark_lite_ufo3/runs/ufo3-gpt-5.5-core200-rerun-20260826/mdcbench_lite_v1/run_01/137_android_smarthome_409/attempts/attempt_001/config/task.json,/Users/Admin/home/MDC_Benchmark_lite_ufo3/runs/ufo3-gpt-5.5-core200-rerun-20260826/mdcbench_lite_v1/final_merged_status_after_infrastructure_repairs.json
ufo3-gpt-5.5,138,android_smarthome_854,android_smarthome,android_smarthome,attempt_001,/Users/Admin/home/MDC_Benchmark_lite_ufo3/runs/ufo3-gpt-5.5-core200-rerun-20260826/mdcbench_lite_v1/run_01/138_android_smarthome_854/attempts/attempt_001,sha256:536f3217c9e67baac177f66cc08231f50498681d473528a3626d69ae1c8536aa,final_merged_selected_attempt,FAIL,FAIL,lifecycle_valid,0.75,0.75,selected_attempt_evaluator_trace,50,713.354,max_steps,budget_exhausted,2,android+home,android_0+home_0,/Users/Admin/home/MDC_Benchmark_lite_ufo3/runs/ufo3-gpt-5.5-core200-rerun-20260826/mdcbench_lite_v1/run_01/138_android_smarthome_854/attempts/attempt_001/config/task.json,/Users/Admin/home/MDC_Benchmark_lite_ufo3/runs/ufo3-gpt-5.5-core200-rerun-20260826/mdcbench_lite_v1/final_merged_status_after_infrastructure_repairs.json
ufo3-gpt-5.5,139,android_smarthome_026,android_smarthome,android_smarthome,attempt_001,/Users/Admin/home/MDC_Benchmark_lite_ufo3/runs/ufo3-gpt-5.5-core200-rerun-20260826/mdcbench_lite_v1/run_01/139_android_smarthome_026/attempts/attempt_001,sha256:fe92f0c8839a5e6f3004c27c87846f6ce41ce88e7be030505fba04d7fe4d1cf1,final_merged_selected_attempt,FAIL,FAIL,lifecycle_valid,0.0,0.0,selected_attempt_evaluator_trace,50,962.808,max_steps,budget_exhausted,2,android+home,android_0+home_0,/Users/Admin/home/MDC_Benchmark_lite_ufo3/runs/ufo3-gpt-5.5-core200-rerun-20260826/mdcbench_lite_v1/run_01/139_android_smarthome_026/attempts/attempt_001/config/task.json,/Users/Admin/home/MDC_Benchmark_lite_ufo3/runs/ufo3-gpt-5.5-core200-rerun-20260826/mdcbench_lite_v1/final_merged_status_after_infrastructure_repairs.json
ufo3-gpt-5.5,140,android_smarthome_407,android_smarthome,android_smarthome,attempt_001,/Users/Admin/home/MDC_Benchmark_lite_ufo3/runs/ufo3-gpt-5.5-core200-rerun-20260826/mdcbench_lite_v1/run_01/140_android_smarthome_407/attempts/attempt_001,sha256:fdd1ac6c21d8fb0fb61dd16b1e124a9a094e25bc06ed7682fa141fc8b137b69e,final_merged_selected_attempt,FAIL,FAIL,lifecycle_valid,0.5,0.5,selected_attempt_evaluator_trace,32,568.491,done,incorrect_completion,2,android+home,android_0+home_0,/Users/Admin/home/MDC_Benchmark_lite_ufo3/runs/ufo3-gpt-5.5-core200-rerun-20260826/mdcbench_lite_v1/run_01/140_android_smarthome_407/attempts/attempt_001/config/task.json,/Users/Admin/home/MDC_Benchmark_lite_ufo3/runs/ufo3-gpt-5.5-core200-rerun-20260826/mdcbench_lite_v1/final_merged_status_after_infrastructure_repairs.json
ufo3-gpt-5.5,141,android_smarthome_149,android_smarthome,2android_smarthome,attempt_001,/Users/Admin/home/MDC_Benchmark_lite_ufo3/runs/ufo3-gpt-5.5-core200-rerun-20260826/mdcbench_lite_v1/run_01/141_android_smarthome_149/attempts/attempt_001,sha256:5913d7f31586b4e3b850e19e353be8fee6b73f69b84a3c6d1fd6c7edce097b6c,final_merged_selected_attempt,FAIL,FAIL,lifecycle_valid,0.6666666666666666,0.6666666666666666,selected_attempt_evaluator_trace,20,343.976,done,incorrect_completion,3,android+home,android_0+android_1+home_0,/Users/Admin/home/MDC_Benchmark_lite_ufo3/runs/ufo3-gpt-5.5-core200-rerun-20260826/mdcbench_lite_v1/run_01/141_android_smarthome_149/attempts/attempt_001/config/task.json,/Users/Admin/home/MDC_Benchmark_lite_ufo3/runs/ufo3-gpt-5.5-core200-rerun-20260826/mdcbench_lite_v1/final_merged_status_after_infrastructure_repairs.json
ufo3-gpt-5.5,142,android_smarthome_336,android_smarthome,android_smarthome,attempt_001,/Users/Admin/home/MDC_Benchmark_lite_ufo3/runs/ufo3-gpt-5.5-core200-rerun-20260826/mdcbench_lite_v1/run_01/142_android_smarthome_336/attempts/attempt_001,sha256:425a2099cd986d8660262098845f4a0a22b9a4d15be24ee920ea1a5cb1da2a21,final_merged_selected_attempt,FAIL,FAIL,lifecycle_valid,0.75,0.75,selected_attempt_evaluator_trace,50,604.952,max_steps,budget_exhausted,2,android+home,android_0+home_0,/Users/Admin/home/MDC_Benchmark_lite_ufo3/runs/ufo3-gpt-5.5-core200-rerun-20260826/mdcbench_lite_v1/run_01/142_android_smarthome_336/attempts/attempt_001/config/task.json,/Users/Admin/home/MDC_Benchmark_lite_ufo3/runs/ufo3-gpt-5.5-core200-rerun-20260826/mdcbench_lite_v1/final_merged_status_after_infrastructure_repairs.json
ufo3-gpt-5.5,143,android_smarthome_844,android_smarthome,2android_smarthome,attempt_001,/Users/Admin/home/MDC_Benchmark_lite_ufo3/runs/ufo3-gpt-5.5-core200-rerun-20260826/mdcbench_lite_v1/run_01/143_android_smarthome_844/attempts/attempt_001,sha256:d124a9416f287521985f0a9255cbb9a34e9cb48c4a3234a878f391c4a701dc9c,final_merged_selected_attempt,FAIL,FAIL,lifecycle_valid,0.6666666666666666,0.6666666666666666,selected_attempt_evaluator_trace,50,581.567,max_steps,budget_exhausted,3,android+home,android_0+android_1+home_0,/Users/Admin/home/MDC_Benchmark_lite_ufo3/runs/ufo3-gpt-5.5-core200-rerun-20260826/mdcbench_lite_v1/run_01/143_android_smarthome_844/attempts/attempt_001/config/task.json,/Users/Admin/home/MDC_Benchmark_lite_ufo3/runs/ufo3-gpt-5.5-core200-rerun-20260826/mdcbench_lite_v1/final_merged_status_after_infrastructure_repairs.json
ufo3-gpt-5.5,144,android_smarthome_144,android_smarthome,2android_smarthome,attempt_002,/Users/Admin/home/MDC_Benchmark_lite_ufo3/runs/ufo3-gpt-5.5-core200-rerun-20260826/mdcbench_lite_v1/run_01/144_android_smarthome_144/attempts/attempt_002,sha256:0a1d663c6bcdb8554270251ccefa62550c0e326870019ad680b1b59f64e16a88,final_merged_selected_attempt,PASS,PASS,lifecycle_valid,1.0,1.0,selected_attempt_evaluator_trace,17,303.919,done,passed,3,android+home,android_0+android_1+home_0,/Users/Admin/home/MDC_Benchmark_lite_ufo3/runs/ufo3-gpt-5.5-core200-rerun-20260826/mdcbench_lite_v1/run_01/144_android_smarthome_144/attempts/attempt_002/config/task.json,/Users/Admin/home/MDC_Benchmark_lite_ufo3/runs/ufo3-gpt-5.5-core200-rerun-20260826/mdcbench_lite_v1/final_merged_status_after_infrastructure_repairs.json
ufo3-gpt-5.5,145,android_smarthome_241,android_smarthome,2android_smarthome,attempt_002,/Users/Admin/home/MDC_Benchmark_lite_ufo3/runs/ufo3-gpt-5.5-core200-rerun-20260826/mdcbench_lite_v1/run_01/145_android_smarthome_241/attempts/attempt_002,sha256:0491501c3ab055732d85e76689da8b00c0a4cc637fd8ab48be9dea973ebb2d3c,final_merged_selected_attempt,PASS,PASS,lifecycle_valid,1.0,1.0,selected_attempt_evaluator_trace,20,241.88,done,passed,3,android+home,android_0+android_1+home_0,/Users/Admin/home/MDC_Benchmark_lite_ufo3/runs/ufo3-gpt-5.5-core200-rerun-20260826/mdcbench_lite_v1/run_01/145_android_smarthome_241/attempts/attempt_002/config/task.json,/Users/Admin/home/MDC_Benchmark_lite_ufo3/runs/ufo3-gpt-5.5-core200-rerun-20260826/mdcbench_lite_v1/final_merged_status_after_infrastructure_repairs.json
ufo3-gpt-5.5,146,android_smarthome_251,android_smarthome,android_smarthome,attempt_001,/Users/Admin/home/MDC_Benchmark_lite_ufo3/runs/ufo3-gpt-5.5-core200-rerun-20260826/mdcbench_lite_v1/run_01/146_android_smarthome_251/attempts/attempt_001,sha256:b4381cdefb0c47431e6fd1ea545b080690b09e4a91cbd6f73d48daafd69e9d6f,final_merged_selected_attempt,FAIL,FAIL,lifecycle_valid,0.75,0.75,selected_attempt_evaluator_trace,50,642.801,max_steps,budget_exhausted,2,android+home,android_0+home_0,/Users/Admin/home/MDC_Benchmark_lite_ufo3/runs/ufo3-gpt-5.5-core200-rerun-20260826/mdcbench_lite_v1/run_01/146_android_smarthome_251/attempts/attempt_001/config/task.json,/Users/Admin/home/MDC_Benchmark_lite_ufo3/runs/ufo3-gpt-5.5-core200-rerun-20260826/mdcbench_lite_v1/final_merged_status_after_infrastructure_repairs.json
ufo3-gpt-5.5,147,android_smarthome_265,android_smarthome,android_smarthome,attempt_001,/Users/Admin/home/MDC_Benchmark_lite_ufo3/runs/ufo3-gpt-5.5-core200-rerun-20260826/mdcbench_lite_v1/run_01/147_android_smarthome_265/attempts/attempt_001,sha256:514388ca80a1c95b23f3e87734551b7b97012772197a4dafc343f7e7f967b42d,final_merged_selected_attempt,FAIL,FAIL,lifecycle_valid,0.6666666666666666,0.6666666666666666,selected_attempt_evaluator_trace,30,438.577,done,incorrect_completion,2,android+home,android_0+home_0,/Users/Admin/home/MDC_Benchmark_lite_ufo3/runs/ufo3-gpt-5.5-core200-rerun-20260826/mdcbench_lite_v1/run_01/147_android_smarthome_265/attempts/attempt_001/config/task.json,/Users/Admin/home/MDC_Benchmark_lite_ufo3/runs/ufo3-gpt-5.5-core200-rerun-20260826/mdcbench_lite_v1/final_merged_status_after_infrastructure_repairs.json
ufo3-gpt-5.5,148,android_smarthome_877,android_smarthome,android_smarthome,attempt_001,/Users/Admin/home/MDC_Benchmark_lite_ufo3/runs/ufo3-gpt-5.5-core200-rerun-20260826/mdcbench_lite_v1/run_01/148_android_smarthome_877/attempts/attempt_001,sha256:8de942d111dde0c9d32567ad785e6b8c3ef30f5961571c476687dbbd23593974,final_merged_selected_attempt,FAIL,FAIL,lifecycle_valid,0.6666666666666666,0.6666666666666666,selected_attempt_evaluator_trace,50,861.335,max_steps,budget_exhausted,2,android+home,android_0+home_0,/Users/Admin/home/MDC_Benchmark_lite_ufo3/runs/ufo3-gpt-5.5-core200-rerun-20260826/mdcbench_lite_v1/run_01/148_android_smarthome_877/attempts/attempt_001/config/task.json,/Users/Admin/home/MDC_Benchmark_lite_ufo3/runs/ufo3-gpt-5.5-core200-rerun-20260826/mdcbench_lite_v1/final_merged_status_after_infrastructure_repairs.json
ufo3-gpt-5.5,149,android_smarthome_846,android_smarthome,2android_smarthome,attempt_001,/Users/Admin/home/MDC_Benchmark_lite_ufo3/runs/ufo3-gpt-5.5-core200-rerun-20260826/mdcbench_lite_v1/run_01/149_android_smarthome_846/attempts/attempt_001,sha256:48e8ef30cc0471e2c38e55f676468a94898e9a634e6fe548a363804d5fb9e1d3,final_merged_selected_attempt,FAIL,FAIL,lifecycle_valid,0.8333333333333334,0.8333333333333334,selected_attempt_evaluator_trace,50,1157.729,max_steps,budget_exhausted,3,android+home,android_0+android_1+home_0,/Users/Admin/home/MDC_Benchmark_lite_ufo3/runs/ufo3-gpt-5.5-core200-rerun-20260826/mdcbench_lite_v1/run_01/149_android_smarthome_846/attempts/attempt_001/config/task.json,/Users/Admin/home/MDC_Benchmark_lite_ufo3/runs/ufo3-gpt-5.5-core200-rerun-20260826/mdcbench_lite_v1/final_merged_status_after_infrastructure_repairs.json
ufo3-gpt-5.5,150,android_smarthome_807,android_smarthome,android_smarthome,attempt_001,/Users/Admin/home/MDC_Benchmark_lite_ufo3/runs/ufo3-gpt-5.5-core200-rerun-20260826/mdcbench_lite_v1/run_01/150_android_smarthome_807/attempts/attempt_001,sha256:91659c32b5013b3f1c52b64a21e161ecbd74f70c9cb9529abdfabeba073212e4,final_merged_selected_attempt,FAIL,FAIL,lifecycle_valid,0.25,0.25,selected_attempt_evaluator_trace,50,993.159,max_steps,budget_exhausted,2,android+home,android_0+home_0,/Users/Admin/home/MDC_Benchmark_lite_ufo3/runs/ufo3-gpt-5.5-core200-rerun-20260826/mdcbench_lite_v1/run_01/150_android_smarthome_807/attempts/attempt_001/config/task.json,/Users/Admin/home/MDC_Benchmark_lite_ufo3/runs/ufo3-gpt-5.5-core200-rerun-20260826/mdcbench_lite_v1/final_merged_status_after_infrastructure_repairs.json
ufo3-gpt-5.5,151,android_smarthome_464,android_smarthome,2android_smarthome,attempt_001,/Users/Admin/home/MDC_Benchmark_lite_ufo3/runs/ufo3-gpt-5.5-core200-rerun-20260826/mdcbench_lite_v1/run_01/151_android_smarthome_464/attempts/attempt_001,sha256:f74a8a0049cb41ee984c143e94beda1d96612434679c4afdf40a8b928c6d9753,final_merged_selected_attempt,FAIL,FAIL,lifecycle_valid,0.0,0.0,selected_attempt_evaluator_trace,22,712.179,done,incorrect_completion,3,android+home,android_0+android_1+home_0,/Users/Admin/home/MDC_Benchmark_lite_ufo3/runs/ufo3-gpt-5.5-core200-rerun-20260826/mdcbench_lite_v1/run_01/151_android_smarthome_464/attempts/attempt_001/config/task.json,/Users/Admin/home/MDC_Benchmark_lite_ufo3/runs/ufo3-gpt-5.5-core200-rerun-20260826/mdcbench_lite_v1/final_merged_status_after_infrastructure_repairs.json
ufo3-gpt-5.5,152,android_smarthome_875,android_smarthome,android_smarthome,attempt_001,/Users/Admin/home/MDC_Benchmark_lite_ufo3/runs/ufo3-gpt-5.5-core200-rerun-20260826/mdcbench_lite_v1/run_01/152_android_smarthome_875/attempts/attempt_001,sha256:859a043600bf7a733cf8068d3177ba48ccacbb48d30290abadeaef6c59c3758f,final_merged_selected_attempt,FAIL,FAIL,lifecycle_valid,0.6666666666666666,0.6666666666666666,selected_attempt_evaluator_trace,50,804.485,max_steps,budget_exhausted,2,android+home,android_0+home_0,/Users/Admin/home/MDC_Benchmark_lite_ufo3/runs/ufo3-gpt-5.5-core200-rerun-20260826/mdcbench_lite_v1/run_01/152_android_smarthome_875/attempts/attempt_001/config/task.json,/Users/Admin/home/MDC_Benchmark_lite_ufo3/runs/ufo3-gpt-5.5-core200-rerun-20260826/mdcbench_lite_v1/final_merged_status_after_infrastructure_repairs.json
ufo3-gpt-5.5,153,android_smarthome_888,android_smarthome,2android_smarthome,attempt_001,/Users/Admin/home/MDC_Benchmark_lite_ufo3/runs/ufo3-gpt-5.5-core200-rerun-20260826/mdcbench_lite_v1/run_01/153_android_smarthome_888/attempts/attempt_001,sha256:2b7e5af0b56ccd65d5b22449fd2bbe79903820a5327209fab0ee24d6ba937cda,final_merged_selected_attempt,FAIL,FAIL,lifecycle_valid,0.6666666666666666,0.6666666666666666,selected_attempt_evaluator_trace,50,1341.29,max_steps,budget_exhausted,3,android+home,android_0+android_1+home_0,/Users/Admin/home/MDC_Benchmark_lite_ufo3/runs/ufo3-gpt-5.5-core200-rerun-20260826/mdcbench_lite_v1/run_01/153_android_smarthome_888/attempts/attempt_001/config/task.json,/Users/Admin/home/MDC_Benchmark_lite_ufo3/runs/ufo3-gpt-5.5-core200-rerun-20260826/mdcbench_lite_v1/final_merged_status_after_infrastructure_repairs.json
ufo3-gpt-5.5,154,android_smarthome_766,android_smarthome,2android_smarthome,attempt_001,/Users/Admin/home/MDC_Benchmark_lite_ufo3/runs/ufo3-gpt-5.5-core200-rerun-20260826/mdcbench_lite_v1/run_01/154_android_smarthome_766/attempts/attempt_001,sha256:054ab5e65b2ab12ea1a0ad60e818731f95f930fc3fbf435ca87ee1984af34c17,final_merged_selected_attempt,FAIL,FAIL,lifecycle_valid,0.6666666666666666,0.6666666666666666,selected_attempt_evaluator_trace,50,1361.421,max_steps,budget_exhausted,3,android+home,android_0+android_1+home_0,/Users/Admin/home/MDC_Benchmark_lite_ufo3/runs/ufo3-gpt-5.5-core200-rerun-20260826/mdcbench_lite_v1/run_01/154_android_smarthome_766/attempts/attempt_001/config/task.json,/Users/Admin/home/MDC_Benchmark_lite_ufo3/runs/ufo3-gpt-5.5-core200-rerun-20260826/mdcbench_lite_v1/final_merged_status_after_infrastructure_repairs.json
ufo3-gpt-5.5,155,android_smarthome_231,android_smarthome,android_smarthome,attempt_001,/Users/Admin/home/MDC_Benchmark_lite_ufo3/runs/ufo3-gpt-5.5-core200-rerun-20260826/mdcbench_lite_v1/run_01/155_android_smarthome_231/attempts/attempt_001,sha256:1e6f6622a49afb4d04b66b81614fd665bda424003f3e971c48d3342aa4a2a359,final_merged_selected_attempt,FAIL,FAIL,lifecycle_valid,0.5,0.5,selected_attempt_evaluator_trace,5,104.366,done,incorrect_completion,2,android+home,android_0+home_0,/Users/Admin/home/MDC_Benchmark_lite_ufo3/runs/ufo3-gpt-5.5-core200-rerun-20260826/mdcbench_lite_v1/run_01/155_android_smarthome_231/attempts/attempt_001/config/task.json,/Users/Admin/home/MDC_Benchmark_lite_ufo3/runs/ufo3-gpt-5.5-core200-rerun-20260826/mdcbench_lite_v1/final_merged_status_after_infrastructure_repairs.json
ufo3-gpt-5.5,156,android_smarthome_016,android_smarthome,android_smarthome,attempt_001,/Users/Admin/home/MDC_Benchmark_lite_ufo3/runs/ufo3-gpt-5.5-core200-rerun-20260826/mdcbench_lite_v1/run_01/156_android_smarthome_016/attempts/attempt_001,sha256:1f00447cf0462ed24f050cbae06ca694346b8d2b9a98f1ffa28f8ac61e2f15bd,final_merged_selected_attempt,FAIL,FAIL,lifecycle_valid,0.5,0.5,selected_attempt_evaluator_trace,39,544.659,done,incorrect_completion,2,android+home,android_0+home_0,/Users/Admin/home/MDC_Benchmark_lite_ufo3/runs/ufo3-gpt-5.5-core200-rerun-20260826/mdcbench_lite_v1/run_01/156_android_smarthome_016/attempts/attempt_001/config/task.json,/Users/Admin/home/MDC_Benchmark_lite_ufo3/runs/ufo3-gpt-5.5-core200-rerun-20260826/mdcbench_lite_v1/final_merged_status_after_infrastructure_repairs.json
ufo3-gpt-5.5,157,android_smarthome_202,android_smarthome,android_smarthome,attempt_001,/Users/Admin/home/MDC_Benchmark_lite_ufo3/runs/ufo3-gpt-5.5-core200-rerun-20260826/mdcbench_lite_v1/run_01/157_android_smarthome_202/attempts/attempt_001,sha256:8ef6502d1bc1d8d52ad3a10238ec9dd075b74e90596f5bb3234314083794f82c,final_merged_selected_attempt,PASS,PASS,lifecycle_valid,1.0,1.0,selected_attempt_evaluator_trace,8,191.929,done,passed,2,android+home,android_0+home_0,/Users/Admin/home/MDC_Benchmark_lite_ufo3/runs/ufo3-gpt-5.5-core200-rerun-20260826/mdcbench_lite_v1/run_01/157_android_smarthome_202/attempts/attempt_001/config/task.json,/Users/Admin/home/MDC_Benchmark_lite_ufo3/runs/ufo3-gpt-5.5-core200-rerun-20260826/mdcbench_lite_v1/final_merged_status_after_infrastructure_repairs.json
ufo3-gpt-5.5,158,android_smarthome_219,android_smarthome,android_smarthome,attempt_001,/Users/Admin/home/MDC_Benchmark_lite_ufo3/runs/ufo3-gpt-5.5-core200-rerun-20260826/mdcbench_lite_v1/run_01/158_android_smarthome_219/attempts/attempt_001,sha256:6a4db415cd1fef6325a0f12ebd8df5891a0f9eef29db0c3620459d42d08f5d55,final_merged_selected_attempt,FAIL,FAIL,lifecycle_valid,0.5,0.5,selected_attempt_evaluator_trace,7,86.359,done,incorrect_completion,2,android+home,android_0+home_0,/Users/Admin/home/MDC_Benchmark_lite_ufo3/runs/ufo3-gpt-5.5-core200-rerun-20260826/mdcbench_lite_v1/run_01/158_android_smarthome_219/attempts/attempt_001/config/task.json,/Users/Admin/home/MDC_Benchmark_lite_ufo3/runs/ufo3-gpt-5.5-core200-rerun-20260826/mdcbench_lite_v1/final_merged_status_after_infrastructure_repairs.json
ufo3-gpt-5.5,159,android_smarthome_233,android_smarthome,android_smarthome,attempt_001,/Users/Admin/home/MDC_Benchmark_lite_ufo3/runs/ufo3-gpt-5.5-core200-rerun-20260826/mdcbench_lite_v1/run_01/159_android_smarthome_233/attempts/attempt_001,sha256:7f653031bc027a7eb0037c3480eb2899bad48b42e66ca0ba8f77e067d79046b1,final_merged_selected_attempt,FAIL,FAIL,lifecycle_valid,0.6666666666666666,0.6666666666666666,selected_attempt_evaluator_trace,6,71.623,done,incorrect_completion,2,android+home,android_0+home_0,/Users/Admin/home/MDC_Benchmark_lite_ufo3/runs/ufo3-gpt-5.5-core200-rerun-20260826/mdcbench_lite_v1/run_01/159_android_smarthome_233/attempts/attempt_001/config/task.json,/Users/Admin/home/MDC_Benchmark_lite_ufo3/runs/ufo3-gpt-5.5-core200-rerun-20260826/mdcbench_lite_v1/final_merged_status_after_infrastructure_repairs.json
ufo3-gpt-5.5,160,android_smarthome_147,android_smarthome,2android_smarthome,attempt_001,/Users/Admin/home/MDC_Benchmark_lite_ufo3/runs/ufo3-gpt-5.5-core200-rerun-20260826/mdcbench_lite_v1/run_01/160_android_smarthome_147/attempts/attempt_001,sha256:8426e7a7d1221e864b53bab31121975a46b88679941ffa8e37c1152ab1faa8e4,final_merged_selected_attempt,FAIL,FAIL,lifecycle_valid,0.5,0.5,selected_attempt_evaluator_trace,24,528.3,done,incorrect_completion,3,android+home,android_0+android_1+home_0,/Users/Admin/home/MDC_Benchmark_lite_ufo3/runs/ufo3-gpt-5.5-core200-rerun-20260826/mdcbench_lite_v1/run_01/160_android_smarthome_147/attempts/attempt_001/config/task.json,/Users/Admin/home/MDC_Benchmark_lite_ufo3/runs/ufo3-gpt-5.5-core200-rerun-20260826/mdcbench_lite_v1/final_merged_status_after_infrastructure_repairs.json
ufo3-gpt-5.5,161,android_only_267,android_only,2android,attempt_001,/Users/Admin/home/MDC_Benchmark_lite_ufo3/runs/ufo3-gpt-5.5-core200-rerun-20260826/mdcbench_lite_v1/run_01/161_android_only_267/attempts/attempt_001,sha256:d2b6d921547ab84caa1c06fbc594e195b8faca55e7128c779024ddc7455f0c05,final_merged_selected_attempt,FAIL,FAIL,lifecycle_valid,0.0,0.0,selected_attempt_evaluator_trace,32,863.199,done,incorrect_completion,2,android,android_0+android_1,/Users/Admin/home/MDC_Benchmark_lite_ufo3/runs/ufo3-gpt-5.5-core200-rerun-20260826/mdcbench_lite_v1/run_01/161_android_only_267/attempts/attempt_001/config/task.json,/Users/Admin/home/MDC_Benchmark_lite_ufo3/runs/ufo3-gpt-5.5-core200-rerun-20260826/mdcbench_lite_v1/final_merged_status_after_infrastructure_repairs.json
ufo3-gpt-5.5,162,android_only_234,android_only,2android,attempt_001,/Users/Admin/home/MDC_Benchmark_lite_ufo3/runs/ufo3-gpt-5.5-core200-rerun-20260826/mdcbench_lite_v1/run_01/162_android_only_234/attempts/attempt_001,sha256:2a28d85f7f51cd21b1504b5f8d8cc6dc58a67748b0bdc8ab482ab13c1a6f91c1,final_merged_selected_attempt,FAIL,FAIL,lifecycle_valid,0.5,0.5,selected_attempt_evaluator_trace,33,1921.653,time_limit,budget_exhausted,2,android,android_0+android_1,/Users/Admin/home/MDC_Benchmark_lite_ufo3/runs/ufo3-gpt-5.5-core200-rerun-20260826/mdcbench_lite_v1/run_01/162_android_only_234/attempts/attempt_001/config/task.json,/Users/Admin/home/MDC_Benchmark_lite_ufo3/runs/ufo3-gpt-5.5-core200-rerun-20260826/mdcbench_lite_v1/final_merged_status_after_infrastructure_repairs.json
ufo3-gpt-5.5,163,android_only_214,android_only,2android,attempt_001,/Users/Admin/home/MDC_Benchmark_lite_ufo3/runs/ufo3-gpt-5.5-core200-rerun-20260826/mdcbench_lite_v1/run_01/163_android_only_214/attempts/attempt_001,sha256:952d75ecb4c77b0693190534e262b390617ec65e9d4977508cc6ef607c6ffadd,final_merged_selected_attempt,FAIL,FAIL,lifecycle_valid,0.0,0.0,selected_attempt_evaluator_trace,50,1598.784,max_steps,budget_exhausted,2,android,android_0+android_1,/Users/Admin/home/MDC_Benchmark_lite_ufo3/runs/ufo3-gpt-5.5-core200-rerun-20260826/mdcbench_lite_v1/run_01/163_android_only_214/attempts/attempt_001/config/task.json,/Users/Admin/home/MDC_Benchmark_lite_ufo3/runs/ufo3-gpt-5.5-core200-rerun-20260826/mdcbench_lite_v1/final_merged_status_after_infrastructure_repairs.json
ufo3-gpt-5.5,164,android_only_305,android_only,2android,attempt_001,/Users/Admin/home/MDC_Benchmark_lite_ufo3/runs/ufo3-gpt-5.5-core200-rerun-20260826/mdcbench_lite_v1/run_01/164_android_only_305/attempts/attempt_001,sha256:be29e0c187cf24e8397b414cd8924c779185422b8c358a822ef8121c4a292057,final_merged_selected_attempt,FAIL,FAIL,lifecycle_valid,0.5,0.5,selected_attempt_evaluator_trace,26,1254.956,done,incorrect_completion,2,android,android_0+android_1,/Users/Admin/home/MDC_Benchmark_lite_ufo3/runs/ufo3-gpt-5.5-core200-rerun-20260826/mdcbench_lite_v1/run_01/164_android_only_305/attempts/attempt_001/config/task.json,/Users/Admin/home/MDC_Benchmark_lite_ufo3/runs/ufo3-gpt-5.5-core200-rerun-20260826/mdcbench_lite_v1/final_merged_status_after_infrastructure_repairs.json
ufo3-gpt-5.5,165,android_only_264,android_only,2android,attempt_001,/Users/Admin/home/MDC_Benchmark_lite_ufo3/runs/ufo3-gpt-5.5-core200-rerun-20260826/mdcbench_lite_v1/run_01/165_android_only_264/attempts/attempt_001,sha256:d1dcc44115159aef589de6b8146fb85a3c0ba2485158bc2c74b0f064051a3a8d,final_merged_selected_attempt,FAIL,FAIL,lifecycle_valid,0.0,0.0,selected_attempt_evaluator_trace,50,1143.951,max_steps,budget_exhausted,2,android,android_0+android_1,/Users/Admin/home/MDC_Benchmark_lite_ufo3/runs/ufo3-gpt-5.5-core200-rerun-20260826/mdcbench_lite_v1/run_01/165_android_only_264/attempts/attempt_001/config/task.json,/Users/Admin/home/MDC_Benchmark_lite_ufo3/runs/ufo3-gpt-5.5-core200-rerun-20260826/mdcbench_lite_v1/final_merged_status_after_infrastructure_repairs.json
ufo3-gpt-5.5,166,android_only_236,android_only,2android,attempt_001,/Users/Admin/home/MDC_Benchmark_lite_ufo3/runs/ufo3-gpt-5.5-core200-rerun-20260826/mdcbench_lite_v1/run_01/166_android_only_236/attempts/attempt_001,sha256:f1e527c49a7680a7c931b4fbdafce5b76fbc758d65442342eddd54f8c774e4f6,final_merged_selected_attempt,FAIL,FAIL,lifecycle_valid,0.75,0.75,selected_attempt_evaluator_trace,50,1536.977,max_steps,budget_exhausted,2,android,android_0+android_1,/Users/Admin/home/MDC_Benchmark_lite_ufo3/runs/ufo3-gpt-5.5-core200-rerun-20260826/mdcbench_lite_v1/run_01/166_android_only_236/attempts/attempt_001/config/task.json,/Users/Admin/home/MDC_Benchmark_lite_ufo3/runs/ufo3-gpt-5.5-core200-rerun-20260826/mdcbench_lite_v1/final_merged_status_after_infrastructure_repairs.json
ufo3-gpt-5.5,167,android_only_254,android_only,2android,attempt_001,/Users/Admin/home/MDC_Benchmark_lite_ufo3/runs/ufo3-gpt-5.5-core200-rerun-20260826/mdcbench_lite_v1/run_01/167_android_only_254/attempts/attempt_001,sha256:eae4b01b5847fe9b7f2118ed979685b1461240a9d927fc8b3b8007b6d473a885,final_merged_selected_attempt,PASS,PASS,lifecycle_valid,1.0,1.0,selected_attempt_evaluator_trace,26,827.918,done,passed,2,android,android_0+android_1,/Users/Admin/home/MDC_Benchmark_lite_ufo3/runs/ufo3-gpt-5.5-core200-rerun-20260826/mdcbench_lite_v1/run_01/167_android_only_254/attempts/attempt_001/config/task.json,/Users/Admin/home/MDC_Benchmark_lite_ufo3/runs/ufo3-gpt-5.5-core200-rerun-20260826/mdcbench_lite_v1/final_merged_status_after_infrastructure_repairs.json
ufo3-gpt-5.5,168,android_only_218,android_only,2android,attempt_001,/Users/Admin/home/MDC_Benchmark_lite_ufo3/runs/ufo3-gpt-5.5-core200-rerun-20260826/mdcbench_lite_v1/run_01/168_android_only_218/attempts/attempt_001,sha256:838bc0c7fdf6ebbdc31987724ae498ffd72bc20b81274741095657551d36e69d,final_merged_selected_attempt,FAIL,FAIL,lifecycle_valid,0.0,0.0,selected_attempt_evaluator_trace,34,1900.049,time_limit,budget_exhausted,2,android,android_0+android_1,/Users/Admin/home/MDC_Benchmark_lite_ufo3/runs/ufo3-gpt-5.5-core200-rerun-20260826/mdcbench_lite_v1/run_01/168_android_only_218/attempts/attempt_001/config/task.json,/Users/Admin/home/MDC_Benchmark_lite_ufo3/runs/ufo3-gpt-5.5-core200-rerun-20260826/mdcbench_lite_v1/final_merged_status_after_infrastructure_repairs.json
ufo3-gpt-5.5,169,android_only_260,android_only,2android,attempt_001,/Users/Admin/home/MDC_Benchmark_lite_ufo3/runs/ufo3-gpt-5.5-core200-rerun-20260826/mdcbench_lite_v1/run_01/169_android_only_260/attempts/attempt_001,sha256:a0ec0cdb8a8e34b67d38e159186a78f04b7b9616c1f2b21305d3b28ea1edbe5d,final_merged_selected_attempt,FAIL,FAIL,lifecycle_valid,0.0,0.0,selected_attempt_evaluator_trace,39,1844.038,time_limit,budget_exhausted,2,android,android_0+android_1,/Users/Admin/home/MDC_Benchmark_lite_ufo3/runs/ufo3-gpt-5.5-core200-rerun-20260826/mdcbench_lite_v1/run_01/169_android_only_260/attempts/attempt_001/config/task.json,/Users/Admin/home/MDC_Benchmark_lite_ufo3/runs/ufo3-gpt-5.5-core200-rerun-20260826/mdcbench_lite_v1/final_merged_status_after_infrastructure_repairs.json
ufo3-gpt-5.5,170,android_only_285,android_only,2android,attempt_001,/Users/Admin/home/MDC_Benchmark_lite_ufo3/runs/ufo3-gpt-5.5-core200-rerun-20260826/mdcbench_lite_v1/infrastructure_repair_01/170_android_only_285/attempts/attempt_001,sha256:3d83dd3b5bf5ea3e9ffbb1ca9448b1a5b7a35afe38de5210a362ac16df9b2273,final_merged_infrastructure_repair:lite_170,INFRASTRUCTURE_INVALID,FAIL,lifecycle_valid,,0.5,official_repair_attempt_evaluator_trace,50,1629.418,max_steps,budget_exhausted,2,android,android_0+android_1,/Users/Admin/home/MDC_Benchmark_lite_ufo3/runs/ufo3-gpt-5.5-core200-rerun-20260826/mdcbench_lite_v1/infrastructure_repair_01/170_android_only_285/attempts/attempt_001/config/task.json,/Users/Admin/home/MDC_Benchmark_lite_ufo3/runs/ufo3-gpt-5.5-core200-rerun-20260826/mdcbench_lite_v1/final_merged_status_after_infrastructure_repairs.json
ufo3-gpt-5.5,171,android_only_210,android_only,2android,attempt_001,/Users/Admin/home/MDC_Benchmark_lite_ufo3/runs/ufo3-gpt-5.5-core200-rerun-20260826/mdcbench_lite_v1/run_01/171_android_only_210/attempts/attempt_001,sha256:9c8530e829afe89fdf7ce18ee78c412a6a9161635ea94f3ed4677fa816ff8459,final_merged_selected_attempt,FAIL,FAIL,lifecycle_valid,0.0,0.0,selected_attempt_evaluator_trace,50,1090.507,max_steps,budget_exhausted,2,android,android_0+android_1,/Users/Admin/home/MDC_Benchmark_lite_ufo3/runs/ufo3-gpt-5.5-core200-rerun-20260826/mdcbench_lite_v1/run_01/171_android_only_210/attempts/attempt_001/config/task.json,/Users/Admin/home/MDC_Benchmark_lite_ufo3/runs/ufo3-gpt-5.5-core200-rerun-20260826/mdcbench_lite_v1/final_merged_status_after_infrastructure_repairs.json
ufo3-gpt-5.5,172,android_only_274,android_only,2android,attempt_001,/Users/Admin/home/MDC_Benchmark_lite_ufo3/runs/ufo3-gpt-5.5-core200-rerun-20260826/mdcbench_lite_v1/run_01/172_android_only_274/attempts/attempt_001,sha256:555702447d9f445987ad69f1cc261fe47b93a40ccd2fcefcbfd17c40d70af25a,final_merged_selected_attempt,FAIL,FAIL,lifecycle_valid,0.0,0.0,selected_attempt_evaluator_trace,50,1343.426,max_steps,budget_exhausted,2,android,android_0+android_1,/Users/Admin/home/MDC_Benchmark_lite_ufo3/runs/ufo3-gpt-5.5-core200-rerun-20260826/mdcbench_lite_v1/run_01/172_android_only_274/attempts/attempt_001/config/task.json,/Users/Admin/home/MDC_Benchmark_lite_ufo3/runs/ufo3-gpt-5.5-core200-rerun-20260826/mdcbench_lite_v1/final_merged_status_after_infrastructure_repairs.json
ufo3-gpt-5.5,173,android_only_223,android_only,2android,attempt_001,/Users/Admin/home/MDC_Benchmark_lite_ufo3/runs/ufo3-gpt-5.5-core200-rerun-20260826/mdcbench_lite_v1/run_01/173_android_only_223/attempts/attempt_001,sha256:2d081fea377e589d518d0dc4f78adececa85d2b1e4e3d727450889f805a4aaee,final_merged_selected_attempt,FAIL,FAIL,lifecycle_valid,0.0,0.0,selected_attempt_evaluator_trace,13,893.025,done,incorrect_completion,2,android,android_0+android_1,/Users/Admin/home/MDC_Benchmark_lite_ufo3/runs/ufo3-gpt-5.5-core200-rerun-20260826/mdcbench_lite_v1/run_01/173_android_only_223/attempts/attempt_001/config/task.json,/Users/Admin/home/MDC_Benchmark_lite_ufo3/runs/ufo3-gpt-5.5-core200-rerun-20260826/mdcbench_lite_v1/final_merged_status_after_infrastructure_repairs.json
ufo3-gpt-5.5,174,android_only_247,android_only,2android,attempt_001,/Users/Admin/home/MDC_Benchmark_lite_ufo3/runs/ufo3-gpt-5.5-core200-rerun-20260826/mdcbench_lite_v1/run_01/174_android_only_247/attempts/attempt_001,sha256:52c0b8c5805e4da3eef52e7d8ab260e12d5ed45b9f0a74db5f7a435d206c881c,final_merged_selected_attempt,FAIL,FAIL,lifecycle_valid,0.5,0.5,selected_attempt_evaluator_trace,48,1614.274,done,incorrect_completion,2,android,android_0+android_1,/Users/Admin/home/MDC_Benchmark_lite_ufo3/runs/ufo3-gpt-5.5-core200-rerun-20260826/mdcbench_lite_v1/run_01/174_android_only_247/attempts/attempt_001/config/task.json,/Users/Admin/home/MDC_Benchmark_lite_ufo3/runs/ufo3-gpt-5.5-core200-rerun-20260826/mdcbench_lite_v1/final_merged_status_after_infrastructure_repairs.json
ufo3-gpt-5.5,175,android_only_270,android_only,2android,attempt_001,/Users/Admin/home/MDC_Benchmark_lite_ufo3/runs/ufo3-gpt-5.5-core200-rerun-20260826/mdcbench_lite_v1/run_01/175_android_only_270/attempts/attempt_001,sha256:8b12f7f31273477052ba95d260da9d00eadd685ce68461901308dc633aee654a,final_merged_selected_attempt,FAIL,FAIL,lifecycle_valid,0.0,0.0,selected_attempt_evaluator_trace,25,1859.108,time_limit,budget_exhausted,2,android,android_0+android_1,/Users/Admin/home/MDC_Benchmark_lite_ufo3/runs/ufo3-gpt-5.5-core200-rerun-20260826/mdcbench_lite_v1/run_01/175_android_only_270/attempts/attempt_001/config/task.json,/Users/Admin/home/MDC_Benchmark_lite_ufo3/runs/ufo3-gpt-5.5-core200-rerun-20260826/mdcbench_lite_v1/final_merged_status_after_infrastructure_repairs.json
ufo3-gpt-5.5,176,linux_only_279,linux_only,2linux,attempt_001,/Users/Admin/home/MDC_Benchmark_lite_ufo3/runs/ufo3-gpt-5.5-core200-rerun-20260826/mdcbench_lite_v1/run_01/176_linux_only_279/attempts/attempt_001,sha256:3ceda44d35e9b7f27e035489cac8998c97a3fef7a858ee561722eb65b0e49bf2,final_merged_selected_attempt,PASS,PASS,lifecycle_valid,1.0,1.0,selected_attempt_evaluator_trace,10,576.248,done,passed,2,linux,linux_0+linux_1,/Users/Admin/home/MDC_Benchmark_lite_ufo3/runs/ufo3-gpt-5.5-core200-rerun-20260826/mdcbench_lite_v1/run_01/176_linux_only_279/attempts/attempt_001/config/task.json,/Users/Admin/home/MDC_Benchmark_lite_ufo3/runs/ufo3-gpt-5.5-core200-rerun-20260826/mdcbench_lite_v1/final_merged_status_after_infrastructure_repairs.json
ufo3-gpt-5.5,177,linux_only_305,linux_only,2linux,attempt_001,/Users/Admin/home/MDC_Benchmark_lite_ufo3/runs/ufo3-gpt-5.5-core200-rerun-20260826/mdcbench_lite_v1/run_01/177_linux_only_305/attempts/attempt_001,sha256:465084497eec95ea8730efc1de86032d7ccfff8d9419af0693280959d346d7cc,final_merged_selected_attempt,FAIL,FAIL,lifecycle_valid,0.0,0.0,selected_attempt_evaluator_trace,7,388.696,done,incorrect_completion,2,linux,linux_0+linux_1,/Users/Admin/home/MDC_Benchmark_lite_ufo3/runs/ufo3-gpt-5.5-core200-rerun-20260826/mdcbench_lite_v1/run_01/177_linux_only_305/attempts/attempt_001/config/task.json,/Users/Admin/home/MDC_Benchmark_lite_ufo3/runs/ufo3-gpt-5.5-core200-rerun-20260826/mdcbench_lite_v1/final_merged_status_after_infrastructure_repairs.json
ufo3-gpt-5.5,178,linux_only_249,linux_only,2linux,attempt_001,/Users/Admin/home/MDC_Benchmark_lite_ufo3/runs/ufo3-gpt-5.5-core200-rerun-20260826/mdcbench_lite_v1/run_01/178_linux_only_249/attempts/attempt_001,sha256:34eb7ad8d2944acbcb42b4a4a1ce6cab19fb447ed648e70d7154294077c4d51b,final_merged_selected_attempt,PASS,PASS,lifecycle_valid,1.0,1.0,selected_attempt_evaluator_trace,15,833.574,done,passed,2,linux,linux_0+linux_1,/Users/Admin/home/MDC_Benchmark_lite_ufo3/runs/ufo3-gpt-5.5-core200-rerun-20260826/mdcbench_lite_v1/run_01/178_linux_only_249/attempts/attempt_001/config/task.json,/Users/Admin/home/MDC_Benchmark_lite_ufo3/runs/ufo3-gpt-5.5-core200-rerun-20260826/mdcbench_lite_v1/final_merged_status_after_infrastructure_repairs.json
ufo3-gpt-5.5,179,linux_only_224,linux_only,2linux,attempt_001,/Users/Admin/home/MDC_Benchmark_lite_ufo3/runs/ufo3-gpt-5.5-core200-rerun-20260826/mdcbench_lite_v1/run_01/179_linux_only_224/attempts/attempt_001,sha256:07d8a15cf3b0a0a3f4b36176eed41d0d1b6595d2f9d371a69de50014368abf63,final_merged_selected_attempt,FAIL,FAIL,lifecycle_valid,0.0,0.0,selected_attempt_evaluator_trace,10,422.344,done,incorrect_completion,2,linux,linux_0+linux_1,/Users/Admin/home/MDC_Benchmark_lite_ufo3/runs/ufo3-gpt-5.5-core200-rerun-20260826/mdcbench_lite_v1/run_01/179_linux_only_224/attempts/attempt_001/config/task.json,/Users/Admin/home/MDC_Benchmark_lite_ufo3/runs/ufo3-gpt-5.5-core200-rerun-20260826/mdcbench_lite_v1/final_merged_status_after_infrastructure_repairs.json
ufo3-gpt-5.5,180,linux_only_298,linux_only,2linux,attempt_001,/Users/Admin/home/MDC_Benchmark_lite_ufo3/runs/ufo3-gpt-5.5-core200-rerun-20260826/mdcbench_lite_v1/run_01/180_linux_only_298/attempts/attempt_001,sha256:d12ee81353bd92bae548a81eaf40309d8acadb6e06c36c7d7473edd1b1018f77,final_merged_selected_attempt,PASS,PASS,lifecycle_valid,1.0,1.0,selected_attempt_evaluator_trace,7,414.166,done,passed,2,linux,linux_0+linux_1,/Users/Admin/home/MDC_Benchmark_lite_ufo3/runs/ufo3-gpt-5.5-core200-rerun-20260826/mdcbench_lite_v1/run_01/180_linux_only_298/attempts/attempt_001/config/task.json,/Users/Admin/home/MDC_Benchmark_lite_ufo3/runs/ufo3-gpt-5.5-core200-rerun-20260826/mdcbench_lite_v1/final_merged_status_after_infrastructure_repairs.json
ufo3-gpt-5.5,181,linux_only_218,linux_only,2linux,attempt_001,/Users/Admin/home/MDC_Benchmark_lite_ufo3/runs/ufo3-gpt-5.5-core200-rerun-20260826/mdcbench_lite_v1/run_01/181_linux_only_218/attempts/attempt_001,sha256:2d4ad0f53fba414465847378211b8b34418f4d17fb045ebf4312da3c336349c2,final_merged_selected_attempt,FAIL,FAIL,lifecycle_valid,0.0,0.0,selected_attempt_evaluator_trace,9,452.774,done,incorrect_completion,2,linux,linux_0+linux_1,/Users/Admin/home/MDC_Benchmark_lite_ufo3/runs/ufo3-gpt-5.5-core200-rerun-20260826/mdcbench_lite_v1/run_01/181_linux_only_218/attempts/attempt_001/config/task.json,/Users/Admin/home/MDC_Benchmark_lite_ufo3/runs/ufo3-gpt-5.5-core200-rerun-20260826/mdcbench_lite_v1/final_merged_status_after_infrastructure_repairs.json
ufo3-gpt-5.5,182,linux_only_259,linux_only,2linux,attempt_001,/Users/Admin/home/MDC_Benchmark_lite_ufo3/runs/ufo3-gpt-5.5-core200-rerun-20260826/mdcbench_lite_v1/run_01/182_linux_only_259/attempts/attempt_001,sha256:cc15139696ac072ebe59d173857f1a0eedf4986719bda52a6d11e8f0891f58dd,final_merged_selected_attempt,FAIL,FAIL,lifecycle_valid,0.5,0.5,selected_attempt_evaluator_trace,12,688.498,done,incorrect_completion,2,linux,linux_0+linux_1,/Users/Admin/home/MDC_Benchmark_lite_ufo3/runs/ufo3-gpt-5.5-core200-rerun-20260826/mdcbench_lite_v1/run_01/182_linux_only_259/attempts/attempt_001/config/task.json,/Users/Admin/home/MDC_Benchmark_lite_ufo3/runs/ufo3-gpt-5.5-core200-rerun-20260826/mdcbench_lite_v1/final_merged_status_after_infrastructure_repairs.json
ufo3-gpt-5.5,183,linux_only_295,linux_only,2linux,attempt_001,/Users/Admin/home/MDC_Benchmark_lite_ufo3/runs/ufo3-gpt-5.5-core200-rerun-20260826/mdcbench_lite_v1/run_01/183_linux_only_295/attempts/attempt_001,sha256:7e636d818ce8d84eca30fcd43ce48345bb3f66f1abc761b4eeeecd1d5141e702,final_merged_selected_attempt,PASS,PASS,lifecycle_valid,1.0,1.0,selected_attempt_evaluator_trace,8,505.138,done,passed,2,linux,linux_0+linux_1,/Users/Admin/home/MDC_Benchmark_lite_ufo3/runs/ufo3-gpt-5.5-core200-rerun-20260826/mdcbench_lite_v1/run_01/183_linux_only_295/attempts/attempt_001/config/task.json,/Users/Admin/home/MDC_Benchmark_lite_ufo3/runs/ufo3-gpt-5.5-core200-rerun-20260826/mdcbench_lite_v1/final_merged_status_after_infrastructure_repairs.json
ufo3-gpt-5.5,184,linux_only_313,linux_only,2linux,attempt_001,/Users/Admin/home/MDC_Benchmark_lite_ufo3/runs/ufo3-gpt-5.5-core200-rerun-20260826/mdcbench_lite_v1/run_01/184_linux_only_313/attempts/attempt_001,sha256:3d89132ac6321e8afb2eaac4083abf00ce6e3b600e544f7905aada9ebc3953ac,final_merged_selected_attempt,FAIL,FAIL,lifecycle_valid,0.5,0.5,selected_attempt_evaluator_trace,11,868.908,done,incorrect_completion,2,linux,linux_0+linux_1,/Users/Admin/home/MDC_Benchmark_lite_ufo3/runs/ufo3-gpt-5.5-core200-rerun-20260826/mdcbench_lite_v1/run_01/184_linux_only_313/attempts/attempt_001/config/task.json,/Users/Admin/home/MDC_Benchmark_lite_ufo3/runs/ufo3-gpt-5.5-core200-rerun-20260826/mdcbench_lite_v1/final_merged_status_after_infrastructure_repairs.json
ufo3-gpt-5.5,185,linux_only_275,linux_only,2linux,attempt_001,/Users/Admin/home/MDC_Benchmark_lite_ufo3/runs/ufo3-gpt-5.5-core200-rerun-20260826/mdcbench_lite_v1/run_01/185_linux_only_275/attempts/attempt_001,sha256:cd0bb8c88c34dcccd6587446973552840151b7253ec464bf5d58c30629e867b4,final_merged_selected_attempt,FAIL,FAIL,lifecycle_valid,0.0,0.0,selected_attempt_evaluator_trace,12,439.847,done,incorrect_completion,2,linux,linux_0+linux_1,/Users/Admin/home/MDC_Benchmark_lite_ufo3/runs/ufo3-gpt-5.5-core200-rerun-20260826/mdcbench_lite_v1/run_01/185_linux_only_275/attempts/attempt_001/config/task.json,/Users/Admin/home/MDC_Benchmark_lite_ufo3/runs/ufo3-gpt-5.5-core200-rerun-20260826/mdcbench_lite_v1/final_merged_status_after_infrastructure_repairs.json
ufo3-gpt-5.5,186,linux_only_283,linux_only,2linux,attempt_001,/Users/Admin/home/MDC_Benchmark_lite_ufo3/runs/ufo3-gpt-5.5-core200-rerun-20260826/mdcbench_lite_v1/run_01/186_linux_only_283/attempts/attempt_001,sha256:9da2b6e1068b5b940e4b72d02531716896f8b09858a15fd0c283e688afe628a4,final_merged_selected_attempt,FAIL,FAIL,lifecycle_valid,0.0,0.0,selected_attempt_evaluator_trace,10,522.643,done,incorrect_completion,2,linux,linux_0+linux_1,/Users/Admin/home/MDC_Benchmark_lite_ufo3/runs/ufo3-gpt-5.5-core200-rerun-20260826/mdcbench_lite_v1/run_01/186_linux_only_283/attempts/attempt_001/config/task.json,/Users/Admin/home/MDC_Benchmark_lite_ufo3/runs/ufo3-gpt-5.5-core200-rerun-20260826/mdcbench_lite_v1/final_merged_status_after_infrastructure_repairs.json
ufo3-gpt-5.5,187,linux_only_300,linux_only,2linux,attempt_001,/Users/Admin/home/MDC_Benchmark_lite_ufo3/runs/ufo3-gpt-5.5-core200-rerun-20260826/mdcbench_lite_v1/run_01/187_linux_only_300/attempts/attempt_001,sha256:b4b2db551360846e68de0f6e8c7e8870392f6bb541445bd4db7b081e7e4d2302,final_merged_selected_attempt,FAIL,FAIL,lifecycle_valid,0.3333333333333333,0.3333333333333333,selected_attempt_evaluator_trace,8,342.203,done,incorrect_completion,2,linux,linux_0+linux_1,/Users/Admin/home/MDC_Benchmark_lite_ufo3/runs/ufo3-gpt-5.5-core200-rerun-20260826/mdcbench_lite_v1/run_01/187_linux_only_300/attempts/attempt_001/config/task.json,/Users/Admin/home/MDC_Benchmark_lite_ufo3/runs/ufo3-gpt-5.5-core200-rerun-20260826/mdcbench_lite_v1/final_merged_status_after_infrastructure_repairs.json
ufo3-gpt-5.5,188,linux_only_251,linux_only,2linux,attempt_001,/Users/Admin/home/MDC_Benchmark_lite_ufo3/runs/ufo3-gpt-5.5-core200-rerun-20260826/mdcbench_lite_v1/run_01/188_linux_only_251/attempts/attempt_001,sha256:06f5e0a8a2a9600e55125d9a04d3eaca00b5b6319ddadefd92e7c243c73545d6,final_merged_selected_attempt,PASS,PASS,lifecycle_valid,1.0,1.0,selected_attempt_evaluator_trace,9,434.888,done,passed,2,linux,linux_0+linux_1,/Users/Admin/home/MDC_Benchmark_lite_ufo3/runs/ufo3-gpt-5.5-core200-rerun-20260826/mdcbench_lite_v1/run_01/188_linux_only_251/attempts/attempt_001/config/task.json,/Users/Admin/home/MDC_Benchmark_lite_ufo3/runs/ufo3-gpt-5.5-core200-rerun-20260826/mdcbench_lite_v1/final_merged_status_after_infrastructure_repairs.json
ufo3-gpt-5.5,189,linux_only_327,linux_only,2linux,attempt_001,/Users/Admin/home/MDC_Benchmark_lite_ufo3/runs/ufo3-gpt-5.5-core200-rerun-20260826/mdcbench_lite_v1/run_01/189_linux_only_327/attempts/attempt_001,sha256:c4eafec0a741c3f78d514851b67bb74292f93a671bdfdc4eb46a8d35ece7e62c,final_merged_selected_attempt,PASS,PASS,lifecycle_valid,1.0,1.0,selected_attempt_evaluator_trace,11,491.302,done,passed,2,linux,linux_0+linux_1,/Users/Admin/home/MDC_Benchmark_lite_ufo3/runs/ufo3-gpt-5.5-core200-rerun-20260826/mdcbench_lite_v1/run_01/189_linux_only_327/attempts/attempt_001/config/task.json,/Users/Admin/home/MDC_Benchmark_lite_ufo3/runs/ufo3-gpt-5.5-core200-rerun-20260826/mdcbench_lite_v1/final_merged_status_after_infrastructure_repairs.json
ufo3-gpt-5.5,190,linux_only_331,linux_only,2linux,attempt_001,/Users/Admin/home/MDC_Benchmark_lite_ufo3/runs/ufo3-gpt-5.5-core200-rerun-20260826/mdcbench_lite_v1/run_01/190_linux_only_331/attempts/attempt_001,sha256:9b2e86c1c9ac7c237cfcb37903684768e9e519f54c49cb6a07e208067526625e,final_merged_selected_attempt,PASS,PASS,lifecycle_valid,1.0,1.0,selected_attempt_evaluator_trace,7,400.742,done,passed,2,linux,linux_0+linux_1,/Users/Admin/home/MDC_Benchmark_lite_ufo3/runs/ufo3-gpt-5.5-core200-rerun-20260826/mdcbench_lite_v1/run_01/190_linux_only_331/attempts/attempt_001/config/task.json,/Users/Admin/home/MDC_Benchmark_lite_ufo3/runs/ufo3-gpt-5.5-core200-rerun-20260826/mdcbench_lite_v1/final_merged_status_after_infrastructure_repairs.json
ufo3-gpt-5.5,191,sh2_implicit_intent_nursery_air_comfort_infeasible_0011,smarthome_generated_scripted,1H,attempt_001,/Users/Admin/home/MDC_Benchmark_lite_ufo3/runs/ufo3-gpt-5.5-core200-rerun-20260826/mdcbench_lite_v1/run_01/191_sh2_implicit_intent_nursery_air_comfort_infeasible_0011/attempts/attempt_001,sha256:afc54b458357cbb148e5b5a9553510e539ebe786338c3152bee653f33bcdbdc2,final_merged_selected_attempt,FAIL,FAIL,lifecycle_valid,0.0,0.0,selected_attempt_evaluator_trace,9,108.445,done,incorrect_completion,1,home,home_0,/Users/Admin/home/MDC_Benchmark_lite_ufo3/runs/ufo3-gpt-5.5-core200-rerun-20260826/mdcbench_lite_v1/run_01/191_sh2_implicit_intent_nursery_air_comfort_infeasible_0011/attempts/attempt_001/config/task.json,/Users/Admin/home/MDC_Benchmark_lite_ufo3/runs/ufo3-gpt-5.5-core200-rerun-20260826/mdcbench_lite_v1/final_merged_status_after_infrastructure_repairs.json
ufo3-gpt-5.5,192,sh3_explicit_control_plain_light_dimming_infeasible_0013,smarthome_generated_scripted,1H,attempt_001,/Users/Admin/home/MDC_Benchmark_lite_ufo3/runs/ufo3-gpt-5.5-core200-rerun-20260826/mdcbench_lite_v1/run_01/192_sh3_explicit_control_plain_light_dimming_infeasible_0013/attempts/attempt_001,sha256:addb7ceb2ddb143fdd82ffa9ee68145e51a7bbbe6d8b874392c6d900d683815a,final_merged_selected_attempt,FAIL,FAIL,lifecycle_valid,0.0,0.0,selected_attempt_evaluator_trace,5,91.546,done,incorrect_completion,1,home,home_0,/Users/Admin/home/MDC_Benchmark_lite_ufo3/runs/ufo3-gpt-5.5-core200-rerun-20260826/mdcbench_lite_v1/run_01/192_sh3_explicit_control_plain_light_dimming_infeasible_0013/attempts/attempt_001/config/task.json,/Users/Admin/home/MDC_Benchmark_lite_ufo3/runs/ufo3-gpt-5.5-core200-rerun-20260826/mdcbench_lite_v1/final_merged_status_after_infrastructure_repairs.json
ufo3-gpt-5.5,193,sh4_time_schedule_study_focus_sequence_feasible_0030,smarthome_generated_scripted,1H,attempt_001,/Users/Admin/home/MDC_Benchmark_lite_ufo3/runs/ufo3-gpt-5.5-core200-rerun-20260826/mdcbench_lite_v1/run_01/193_sh4_time_schedule_study_focus_sequence_feasible_0030/attempts/attempt_001,sha256:93ba3ff41bffdf4a16e85b6e92cfd0e52a13b1d52517e83d4e1cba0bd7932633,final_merged_selected_attempt,PASS,PASS,lifecycle_valid,1.0,1.0,selected_attempt_evaluator_trace,5,40.73,done,passed,1,home,home_0,/Users/Admin/home/MDC_Benchmark_lite_ufo3/runs/ufo3-gpt-5.5-core200-rerun-20260826/mdcbench_lite_v1/run_01/193_sh4_time_schedule_study_focus_sequence_feasible_0030/attempts/attempt_001/config/task.json,/Users/Admin/home/MDC_Benchmark_lite_ufo3/runs/ufo3-gpt-5.5-core200-rerun-20260826/mdcbench_lite_v1/final_merged_status_after_infrastructure_repairs.json
ufo3-gpt-5.5,194,sh1_state_inquiry_bedroom_energy_query_infeasible_0012,smarthome_generated_scripted,1H,attempt_001,/Users/Admin/home/MDC_Benchmark_lite_ufo3/runs/ufo3-gpt-5.5-core200-rerun-20260826/mdcbench_lite_v1/run_01/194_sh1_state_inquiry_bedroom_energy_query_infeasible_0012/attempts/attempt_001,sha256:1b94e374ff3f7f7449c64e5ef6955c67a0f83326c42b414f9778fdb0fa1c5a17,final_merged_selected_attempt,FAIL,FAIL,lifecycle_valid,0.5,0.5,selected_attempt_evaluator_trace,3,66.046,replanner_fail,incorrect_completion,1,home,home_0,/Users/Admin/home/MDC_Benchmark_lite_ufo3/runs/ufo3-gpt-5.5-core200-rerun-20260826/mdcbench_lite_v1/run_01/194_sh1_state_inquiry_bedroom_energy_query_infeasible_0012/attempts/attempt_001/config/task.json,/Users/Admin/home/MDC_Benchmark_lite_ufo3/runs/ufo3-gpt-5.5-core200-rerun-20260826/mdcbench_lite_v1/final_merged_status_after_infrastructure_repairs.json
ufo3-gpt-5.5,195,sh4_time_schedule_missing_balcony_light_infeasible_0014,smarthome_generated_scripted,1H,attempt_001,/Users/Admin/home/MDC_Benchmark_lite_ufo3/runs/ufo3-gpt-5.5-core200-rerun-20260826/mdcbench_lite_v1/run_01/195_sh4_time_schedule_missing_balcony_light_infeasible_0014/attempts/attempt_001,sha256:9c76667c3a761bcb6c296e60d80b207da2ab73eab592f3c69ec176b3f902257e,final_merged_selected_attempt,FAIL,FAIL,lifecycle_valid,0.5,0.5,selected_attempt_evaluator_trace,4,28.1,replanner_fail,incorrect_completion,1,home,home_0,/Users/Admin/home/MDC_Benchmark_lite_ufo3/runs/ufo3-gpt-5.5-core200-rerun-20260826/mdcbench_lite_v1/run_01/195_sh4_time_schedule_missing_balcony_light_infeasible_0014/attempts/attempt_001/config/task.json,/Users/Admin/home/MDC_Benchmark_lite_ufo3/runs/ufo3-gpt-5.5-core200-rerun-20260826/mdcbench_lite_v1/final_merged_status_after_infrastructure_repairs.json
ufo3-gpt-5.5,196,sh3_explicit_control_close_living_curtain_feasible_0001,smarthome_generated_scripted,1H,attempt_001,/Users/Admin/home/MDC_Benchmark_lite_ufo3/runs/ufo3-gpt-5.5-core200-rerun-20260826/mdcbench_lite_v1/run_01/196_sh3_explicit_control_close_living_curtain_feasible_0001/attempts/attempt_001,sha256:d0a4c00a32c5acc0aa9d10bde3ad0f5c357302cf809edb0a96326477ec02ec84,final_merged_selected_attempt,PASS,PASS,lifecycle_valid,1.0,1.0,selected_attempt_evaluator_trace,5,71.57,done,passed,1,home,home_0,/Users/Admin/home/MDC_Benchmark_lite_ufo3/runs/ufo3-gpt-5.5-core200-rerun-20260826/mdcbench_lite_v1/run_01/196_sh3_explicit_control_close_living_curtain_feasible_0001/attempts/attempt_001/config/task.json,/Users/Admin/home/MDC_Benchmark_lite_ufo3/runs/ufo3-gpt-5.5-core200-rerun-20260826/mdcbench_lite_v1/final_merged_status_after_infrastructure_repairs.json
ufo3-gpt-5.5,197,sh4_time_schedule_living_ac_temperature_feasible_0032,smarthome_generated_scripted,1H,attempt_001,/Users/Admin/home/MDC_Benchmark_lite_ufo3/runs/ufo3-gpt-5.5-core200-rerun-20260826/mdcbench_lite_v1/run_01/197_sh4_time_schedule_living_ac_temperature_feasible_0032/attempts/attempt_001,sha256:71bb8dfd62408a52931dbdf76d195ef5056dc77c005e9e058d940cb20e154129,final_merged_selected_attempt,PASS,PASS,lifecycle_valid,1.0,1.0,selected_attempt_evaluator_trace,4,74.295,done,passed,1,home,home_0,/Users/Admin/home/MDC_Benchmark_lite_ufo3/runs/ufo3-gpt-5.5-core200-rerun-20260826/mdcbench_lite_v1/run_01/197_sh4_time_schedule_living_ac_temperature_feasible_0032/attempts/attempt_001/config/task.json,/Users/Admin/home/MDC_Benchmark_lite_ufo3/runs/ufo3-gpt-5.5-core200-rerun-20260826/mdcbench_lite_v1/final_merged_status_after_infrastructure_repairs.json
ufo3-gpt-5.5,198,sh1_state_inquiry_bathroom_humidity_feasible_0001,smarthome_generated_scripted,1H,attempt_001,/Users/Admin/home/MDC_Benchmark_lite_ufo3/runs/ufo3-gpt-5.5-core200-rerun-20260826/mdcbench_lite_v1/run_01/198_sh1_state_inquiry_bathroom_humidity_feasible_0001/attempts/attempt_001,sha256:c2c29cc853cd172597527c4c1afaf417acf24a8bc51886dc079767fb9e6c0c2a,final_merged_selected_attempt,FAIL,FAIL,lifecycle_valid,0.5,0.5,selected_attempt_evaluator_trace,5,26.855,done,incorrect_completion,1,home,home_0,/Users/Admin/home/MDC_Benchmark_lite_ufo3/runs/ufo3-gpt-5.5-core200-rerun-20260826/mdcbench_lite_v1/run_01/198_sh1_state_inquiry_bathroom_humidity_feasible_0001/attempts/attempt_001/config/task.json,/Users/Admin/home/MDC_Benchmark_lite_ufo3/runs/ufo3-gpt-5.5-core200-rerun-20260826/mdcbench_lite_v1/final_merged_status_after_infrastructure_repairs.json
ufo3-gpt-5.5,199,sh5_event_schedule_plain_light_dim_after_dryer_infeasible_0016,smarthome_generated_scripted,1H,attempt_001,/Users/Admin/home/MDC_Benchmark_lite_ufo3/runs/ufo3-gpt-5.5-core200-rerun-20260826/mdcbench_lite_v1/run_01/199_sh5_event_schedule_plain_light_dim_after_dryer_infeasible_0016/attempts/attempt_001,sha256:6e10125d895c3920d4228638b661d69fade7a37875dd6190a6e93fcf2b5db631,final_merged_selected_attempt,FAIL,FAIL,lifecycle_valid,0.5,0.5,selected_attempt_evaluator_trace,6,182.485,replanner_fail,incorrect_completion,1,home,home_0,/Users/Admin/home/MDC_Benchmark_lite_ufo3/runs/ufo3-gpt-5.5-core200-rerun-20260826/mdcbench_lite_v1/run_01/199_sh5_event_schedule_plain_light_dim_after_dryer_infeasible_0016/attempts/attempt_001/config/task.json,/Users/Admin/home/MDC_Benchmark_lite_ufo3/runs/ufo3-gpt-5.5-core200-rerun-20260826/mdcbench_lite_v1/final_merged_status_after_infrastructure_repairs.json
ufo3-gpt-5.5,200,sh6_coordinated_schedule_missing_guest_room_workflow_infeasible_0016,smarthome_generated_scripted,1H,attempt_001,/Users/Admin/home/MDC_Benchmark_lite_ufo3/runs/ufo3-gpt-5.5-core200-rerun-20260826/mdcbench_lite_v1/run_01/200_sh6_coordinated_schedule_missing_guest_room_workflow_infeasible_0016/attempts/attempt_001,sha256:54a682ac870c6a60f6ce15d9112fe667b863812612f3dbdce9e97fa6b1c1bb27,final_merged_selected_attempt,FAIL,FAIL,lifecycle_valid,0.5,0.5,selected_attempt_evaluator_trace,6,46.248,done,incorrect_completion,1,home,home_0,/Users/Admin/home/MDC_Benchmark_lite_ufo3/runs/ufo3-gpt-5.5-core200-rerun-20260826/mdcbench_lite_v1/run_01/200_sh6_coordinated_schedule_missing_guest_room_workflow_infeasible_0016/attempts/attempt_001/config/task.json,/Users/Admin/home/MDC_Benchmark_lite_ufo3/runs/ufo3-gpt-5.5-core200-rerun-20260826/mdcbench_lite_v1/final_merged_status_after_infrastructure_repairs.json
ui-venus-1.5-30b-a3b,1,a2l2_meeting_packet_full,real100,2A+2L,run_01,/Users/Admin/home/MDC_Benchmark_lite_ufo3/worker-worktrees/ui-venus-core200-20260905/runs/ui-venus-1.5-30b-a3b-adapted-direct-core200-delay3s/mdcbench_lite_v1/run_01/001_a2l2_meeting_packet_full,sha256:c3508a07afb9af8d622ff4c06dfb6efbc6dfed8545bc8c5a20aadda94b0b3f8e,final_merged_selected_attempt,FAIL,FAIL,lifecycle_valid,0.0,0.0,selected_attempt_evaluator_trace,50,544.11,max_steps,timeout,4,android+linux,android_0+android_1+linux_0+linux_1,/Users/Admin/home/MDC_Benchmark_lite_ufo3/worker-worktrees/ui-venus-core200-20260905/runs/ui-venus-1.5-30b-a3b-adapted-direct-core200-delay3s/mdcbench_lite_v1/run_01/001_a2l2_meeting_packet_full/config/task.json,/Users/Admin/home/MDC_Benchmark_lite_ufo3/worker-worktrees/ui-venus-core200-20260905/runs/ui-venus-1.5-30b-a3b-adapted-direct-core200-delay3s/mdcbench_lite_v1/final_merged_status_after_infrastructure_repairs.json
ui-venus-1.5-30b-a3b,2,al2_data_transform_sync,real100,1A+2L,run_01,/Users/Admin/home/MDC_Benchmark_lite_ufo3/worker-worktrees/ui-venus-core200-20260905/runs/ui-venus-1.5-30b-a3b-adapted-direct-core200-delay3s/mdcbench_lite_v1/run_01/002_al2_data_transform_sync,sha256:88dfcefb8ca5b9a54091228f38872b4c33952b0c549dc8a0e2affcd93e712488,final_merged_selected_attempt,FAIL,FAIL,lifecycle_valid,0.0,0.0,selected_attempt_evaluator_trace,50,490.796,max_steps,timeout,3,android+linux,android_0+linux_0+linux_1,/Users/Admin/home/MDC_Benchmark_lite_ufo3/worker-worktrees/ui-venus-core200-20260905/runs/ui-venus-1.5-30b-a3b-adapted-direct-core200-delay3s/mdcbench_lite_v1/run_01/002_al2_data_transform_sync/config/task.json,/Users/Admin/home/MDC_Benchmark_lite_ufo3/worker-worktrees/ui-venus-core200-20260905/runs/ui-venus-1.5-30b-a3b-adapted-direct-core200-delay3s/mdcbench_lite_v1/final_merged_status_after_infrastructure_repairs.json
ui-venus-1.5-30b-a3b,3,al_tutorial_screenshot,real100,1A+1L,run_01,/Users/Admin/home/MDC_Benchmark_lite_ufo3/worker-worktrees/ui-venus-core200-20260905/runs/ui-venus-1.5-30b-a3b-adapted-direct-core200-delay3s/mdcbench_lite_v1/run_01/003_al_tutorial_screenshot,sha256:55dcc5d2f5021dd16a0fbb366fc81f78023ca42ef99a554fabf84a234d908ecf,final_merged_selected_attempt,FAIL,FAIL,lifecycle_valid,0.0,0.0,selected_attempt_evaluator_trace,50,399.325,max_steps,timeout,2,android+linux,android_0+linux_0,/Users/Admin/home/MDC_Benchmark_lite_ufo3/worker-worktrees/ui-venus-core200-20260905/runs/ui-venus-1.5-30b-a3b-adapted-direct-core200-delay3s/mdcbench_lite_v1/run_01/003_al_tutorial_screenshot/config/task.json,/Users/Admin/home/MDC_Benchmark_lite_ufo3/worker-worktrees/ui-venus-core200-20260905/runs/ui-venus-1.5-30b-a3b-adapted-direct-core200-delay3s/mdcbench_lite_v1/final_merged_status_after_infrastructure_repairs.json
ui-venus-1.5-30b-a3b,4,al_calendar_schedule_conflict,real100,1A+1L,run_01,/Users/Admin/home/MDC_Benchmark_lite_ufo3/worker-worktrees/ui-venus-core200-20260905/runs/ui-venus-1.5-30b-a3b-adapted-direct-core200-delay3s/mdcbench_lite_v1/run_01/004_al_calendar_schedule_conflict,sha256:255c8d693a01fcbc22e8677f251092963d115cddda6c761cdea9fbdd75ca2941,final_merged_selected_attempt,FAIL,FAIL,lifecycle_valid,0.0,0.0,selected_attempt_evaluator_trace,50,383.405,max_steps,timeout,2,android+linux,android_0+linux_0,/Users/Admin/home/MDC_Benchmark_lite_ufo3/worker-worktrees/ui-venus-core200-20260905/runs/ui-venus-1.5-30b-a3b-adapted-direct-core200-delay3s/mdcbench_lite_v1/run_01/004_al_calendar_schedule_conflict/config/task.json,/Users/Admin/home/MDC_Benchmark_lite_ufo3/worker-worktrees/ui-venus-core200-20260905/runs/ui-venus-1.5-30b-a3b-adapted-direct-core200-delay3s/mdcbench_lite_v1/final_merged_status_after_infrastructure_repairs.json
ui-venus-1.5-30b-a3b,5,a2l_agenda_from_two_phones,real100,2A+1L,run_01,/Users/Admin/home/MDC_Benchmark_lite_ufo3/worker-worktrees/ui-venus-core200-20260905/runs/ui-venus-1.5-30b-a3b-adapted-direct-core200-delay3s/mdcbench_lite_v1/run_01/005_a2l_agenda_from_two_phones,sha256:1c2400387eba733c60e7846771d07b724384fdb8a1406014c9200b3d14b158a9,final_merged_selected_attempt,FAIL,FAIL,lifecycle_valid,0.0,0.0,selected_attempt_evaluator_trace,50,424.507,max_steps,timeout,3,android+linux,android_0+android_1+linux_0,/Users/Admin/home/MDC_Benchmark_lite_ufo3/worker-worktrees/ui-venus-core200-20260905/runs/ui-venus-1.5-30b-a3b-adapted-direct-core200-delay3s/mdcbench_lite_v1/run_01/005_a2l_agenda_from_two_phones/config/task.json,/Users/Admin/home/MDC_Benchmark_lite_ufo3/worker-worktrees/ui-venus-core200-20260905/runs/ui-venus-1.5-30b-a3b-adapted-direct-core200-delay3s/mdcbench_lite_v1/final_merged_status_after_infrastructure_repairs.json
ui-venus-1.5-30b-a3b,6,a2_missing_media_status,real100,2A,run_01,/Users/Admin/home/MDC_Benchmark_lite_ufo3/worker-worktrees/ui-venus-core200-20260905/runs/ui-venus-1.5-30b-a3b-adapted-direct-core200-delay3s/mdcbench_lite_v1/run_01/006_a2_missing_media_status,sha256:98a0660c2582dc927dc31240331308a8d801a7238f355221e74d11cfe47a30c7,final_merged_selected_attempt,FAIL,FAIL,lifecycle_valid,0.0,0.0,selected_attempt_evaluator_trace,50,304.42,max_steps,timeout,2,android,android_0+android_1,/Users/Admin/home/MDC_Benchmark_lite_ufo3/worker-worktrees/ui-venus-core200-20260905/runs/ui-venus-1.5-30b-a3b-adapted-direct-core200-delay3s/mdcbench_lite_v1/run_01/006_a2_missing_media_status/config/task.json,/Users/Admin/home/MDC_Benchmark_lite_ufo3/worker-worktrees/ui-venus-core200-20260905/runs/ui-venus-1.5-30b-a3b-adapted-direct-core200-delay3s/mdcbench_lite_v1/final_merged_status_after_infrastructure_repairs.json
ui-venus-1.5-30b-a3b,7,l2_csv_to_json,real100,2L,run_01,/Users/Admin/home/MDC_Benchmark_lite_ufo3/worker-worktrees/ui-venus-core200-20260905/runs/ui-venus-1.5-30b-a3b-adapted-direct-core200-delay3s/mdcbench_lite_v1/run_01/007_l2_csv_to_json,sha256:91d4433eebbcdda79e4c29c64cbc83424fa890f015d267e43991ca3113c04cfc,final_merged_selected_attempt,FAIL,FAIL,lifecycle_valid,0.0,0.0,selected_attempt_evaluator_trace,50,494.439,max_steps,timeout,2,linux,linux_0+linux_1,/Users/Admin/home/MDC_Benchmark_lite_ufo3/worker-worktrees/ui-venus-core200-20260905/runs/ui-venus-1.5-30b-a3b-adapted-direct-core200-delay3s/mdcbench_lite_v1/run_01/007_l2_csv_to_json/config/task.json,/Users/Admin/home/MDC_Benchmark_lite_ufo3/worker-worktrees/ui-venus-core200-20260905/runs/ui-venus-1.5-30b-a3b-adapted-direct-core200-delay3s/mdcbench_lite_v1/final_merged_status_after_infrastructure_repairs.json
ui-venus-1.5-30b-a3b,8,al_request_audio,real100,1A+1L,run_01,/Users/Admin/home/MDC_Benchmark_lite_ufo3/worker-worktrees/ui-venus-core200-20260905/runs/ui-venus-1.5-30b-a3b-adapted-direct-core200-delay3s/mdcbench_lite_v1/run_01/008_al_request_audio,sha256:6ac7870304522208d9d15b29f664fbc48f2816ae75db4214b6f4fb3bce1a9429,final_merged_selected_attempt,FAIL,FAIL,lifecycle_valid,0.0,0.0,selected_attempt_evaluator_trace,50,250.879,max_steps,timeout,2,android+linux,android_0+linux_0,/Users/Admin/home/MDC_Benchmark_lite_ufo3/worker-worktrees/ui-venus-core200-20260905/runs/ui-venus-1.5-30b-a3b-adapted-direct-core200-delay3s/mdcbench_lite_v1/run_01/008_al_request_audio/config/task.json,/Users/Admin/home/MDC_Benchmark_lite_ufo3/worker-worktrees/ui-venus-core200-20260905/runs/ui-venus-1.5-30b-a3b-adapted-direct-core200-delay3s/mdcbench_lite_v1/final_merged_status_after_infrastructure_repairs.json
ui-venus-1.5-30b-a3b,9,a2l2_training_deck_notify,real200,2A+2L,run_01,/Users/Admin/home/MDC_Benchmark_lite_ufo3/worker-worktrees/ui-venus-core200-20260905/runs/ui-venus-1.5-30b-a3b-adapted-direct-core200-delay3s/mdcbench_lite_v1/run_01/009_a2l2_training_deck_notify,sha256:0e06c7d05c0ef6f816f1704ec04d04e291d1efd8ba861e3cdc17d95a9aed61cc,final_merged_selected_attempt,FAIL,FAIL,lifecycle_valid,0.3333333333333333,0.3333333333333333,selected_attempt_evaluator_trace,50,601.169,max_steps,timeout,4,android+linux,android_0+android_1+linux_0+linux_1,/Users/Admin/home/MDC_Benchmark_lite_ufo3/worker-worktrees/ui-venus-core200-20260905/runs/ui-venus-1.5-30b-a3b-adapted-direct-core200-delay3s/mdcbench_lite_v1/run_01/009_a2l2_training_deck_notify/config/task.json,/Users/Admin/home/MDC_Benchmark_lite_ufo3/worker-worktrees/ui-venus-core200-20260905/runs/ui-venus-1.5-30b-a3b-adapted-direct-core200-delay3s/mdcbench_lite_v1/final_merged_status_after_infrastructure_repairs.json
ui-venus-1.5-30b-a3b,10,a2_route_media_status,real200,2A,run_01,/Users/Admin/home/MDC_Benchmark_lite_ufo3/worker-worktrees/ui-venus-core200-20260905/runs/ui-venus-1.5-30b-a3b-adapted-direct-core200-delay3s/mdcbench_lite_v1/run_01/010_a2_route_media_status,sha256:15800b0650c989769c773a0f0721b2c9161cd01186ff755e60f5cc97de857cfb,final_merged_selected_attempt,FAIL,FAIL,lifecycle_valid,0.0,0.0,selected_attempt_evaluator_trace,50,315.187,max_steps,timeout,2,android,android_0+android_1,/Users/Admin/home/MDC_Benchmark_lite_ufo3/worker-worktrees/ui-venus-core200-20260905/runs/ui-venus-1.5-30b-a3b-adapted-direct-core200-delay3s/mdcbench_lite_v1/run_01/010_a2_route_media_status/config/task.json,/Users/Admin/home/MDC_Benchmark_lite_ufo3/worker-worktrees/ui-venus-core200-20260905/runs/ui-venus-1.5-30b-a3b-adapted-direct-core200-delay3s/mdcbench_lite_v1/final_merged_status_after_infrastructure_repairs.json
ui-venus-1.5-30b-a3b,11,al2_alarm_calc_email,real200,1A+2L,run_01,/Users/Admin/home/MDC_Benchmark_lite_ufo3/worker-worktrees/ui-venus-core200-20260905/runs/ui-venus-1.5-30b-a3b-adapted-direct-core200-delay3s/mdcbench_lite_v1/run_01/011_al2_alarm_calc_email,sha256:a0c80ad6a665bcd578cfa0f67c2c4eb6acf32e3313c51b509700b162c23de8b0,final_merged_selected_attempt,FAIL,FAIL,lifecycle_valid,0.0,0.0,selected_attempt_evaluator_trace,50,515.02,max_steps,timeout,3,android+linux,android_0+linux_0+linux_1,/Users/Admin/home/MDC_Benchmark_lite_ufo3/worker-worktrees/ui-venus-core200-20260905/runs/ui-venus-1.5-30b-a3b-adapted-direct-core200-delay3s/mdcbench_lite_v1/run_01/011_al2_alarm_calc_email/config/task.json,/Users/Admin/home/MDC_Benchmark_lite_ufo3/worker-worktrees/ui-venus-core200-20260905/runs/ui-venus-1.5-30b-a3b-adapted-direct-core200-delay3s/mdcbench_lite_v1/final_merged_status_after_infrastructure_repairs.json
ui-venus-1.5-30b-a3b,12,a2l_contact_otp_web_form,real200,2A+1L,run_01,/Users/Admin/home/MDC_Benchmark_lite_ufo3/worker-worktrees/ui-venus-core200-20260905/runs/ui-venus-1.5-30b-a3b-adapted-direct-core200-delay3s/mdcbench_lite_v1/run_01/012_a2l_contact_otp_web_form,sha256:703f478474ed580001d37009f654a78b773ae48fb8c37fc52173bdf1e5f9f78c,final_merged_selected_attempt,FAIL,FAIL,lifecycle_valid,0.0,0.0,selected_attempt_evaluator_trace,50,515.28,max_steps,timeout,3,android+linux,android_0+android_1+linux_0,/Users/Admin/home/MDC_Benchmark_lite_ufo3/worker-worktrees/ui-venus-core200-20260905/runs/ui-venus-1.5-30b-a3b-adapted-direct-core200-delay3s/mdcbench_lite_v1/run_01/012_a2l_contact_otp_web_form/config/task.json,/Users/Admin/home/MDC_Benchmark_lite_ufo3/worker-worktrees/ui-venus-core200-20260905/runs/ui-venus-1.5-30b-a3b-adapted-direct-core200-delay3s/mdcbench_lite_v1/final_merged_status_after_infrastructure_repairs.json
ui-venus-1.5-30b-a3b,13,al_thunderbird_attachment_to_tasks,real200,1A+1L,run_01,/Users/Admin/home/MDC_Benchmark_lite_ufo3/worker-worktrees/ui-venus-core200-20260905/runs/ui-venus-1.5-30b-a3b-adapted-direct-core200-delay3s/mdcbench_lite_v1/run_01/013_al_thunderbird_attachment_to_tasks,sha256:f0fae2f6dceeeebbac6d71fd04fd1d389e1d7b9fc26f3b2afa27422215fc7d58,final_merged_selected_attempt,FAIL,FAIL,lifecycle_valid,0.0,0.0,selected_attempt_evaluator_trace,50,395.364,max_steps,timeout,2,android+linux,android_0+linux_0,/Users/Admin/home/MDC_Benchmark_lite_ufo3/worker-worktrees/ui-venus-core200-20260905/runs/ui-venus-1.5-30b-a3b-adapted-direct-core200-delay3s/mdcbench_lite_v1/run_01/013_al_thunderbird_attachment_to_tasks/config/task.json,/Users/Admin/home/MDC_Benchmark_lite_ufo3/worker-worktrees/ui-venus-core200-20260905/runs/ui-venus-1.5-30b-a3b-adapted-direct-core200-delay3s/mdcbench_lite_v1/final_merged_status_after_infrastructure_repairs.json
ui-venus-1.5-30b-a3b,14,l2_vscode_settings_update,real200,2L,run_01,/Users/Admin/home/MDC_Benchmark_lite_ufo3/worker-worktrees/ui-venus-core200-20260905/runs/ui-venus-1.5-30b-a3b-adapted-direct-core200-delay3s/mdcbench_lite_v1/run_01/014_l2_vscode_settings_update,sha256:98b04aa99b30ef180b6119d9e6761f958bfd7fad65595bb0a4d932511d4a6b8b,final_merged_selected_attempt,FAIL,FAIL,lifecycle_valid,0.0,0.0,selected_attempt_evaluator_trace,14,268.134,done,model_behavior,2,linux,linux_0+linux_1,/Users/Admin/home/MDC_Benchmark_lite_ufo3/worker-worktrees/ui-venus-core200-20260905/runs/ui-venus-1.5-30b-a3b-adapted-direct-core200-delay3s/mdcbench_lite_v1/run_01/014_l2_vscode_settings_update/config/task.json,/Users/Admin/home/MDC_Benchmark_lite_ufo3/worker-worktrees/ui-venus-core200-20260905/runs/ui-venus-1.5-30b-a3b-adapted-direct-core200-delay3s/mdcbench_lite_v1/final_merged_status_after_infrastructure_repairs.json
ui-venus-1.5-30b-a3b,15,a2l_media_manifest,real200,2A+1L,run_01,/Users/Admin/home/MDC_Benchmark_lite_ufo3/worker-worktrees/ui-venus-core200-20260905/runs/ui-venus-1.5-30b-a3b-adapted-direct-core200-delay3s/mdcbench_lite_v1/run_01/015_a2l_media_manifest,sha256:acc64d3962d305a6ff1e48e4bd34d1590dd70cb883fbc3320b7974c34c367d30,final_merged_selected_attempt,FAIL,FAIL,lifecycle_valid,0.0,0.0,selected_attempt_evaluator_trace,50,474.2,max_steps,timeout,3,android+linux,android_0+android_1+linux_0,/Users/Admin/home/MDC_Benchmark_lite_ufo3/worker-worktrees/ui-venus-core200-20260905/runs/ui-venus-1.5-30b-a3b-adapted-direct-core200-delay3s/mdcbench_lite_v1/run_01/015_a2l_media_manifest/config/task.json,/Users/Admin/home/MDC_Benchmark_lite_ufo3/worker-worktrees/ui-venus-core200-20260905/runs/ui-venus-1.5-30b-a3b-adapted-direct-core200-delay3s/mdcbench_lite_v1/final_merged_status_after_infrastructure_repairs.json
ui-venus-1.5-30b-a3b,16,a2_alarm_conflict_log,real200,2A,repair_01,/Users/Admin/home/MDC_Benchmark_lite_ufo3/worker-worktrees/ui-venus-core200-20260905/runs/ui-venus-1.5-30b-a3b-adapted-direct-core200-delay3s/mdcbench_lite_v1/repair_01/016_a2_alarm_conflict_log,sha256:afd988e3d50d2ebbdfc12ee446e4335c1fbe0a916edf5a765ed8dbf2462c42ee,final_merged_infrastructure_repair:lite_16,INFRASTRUCTURE_INVALID,FAIL,lifecycle_valid,,0.3333333333333333,official_repair_attempt_evaluator_trace,50,308.049,max_steps,timeout,2,android,android_0+android_1,/Users/Admin/home/MDC_Benchmark_lite_ufo3/worker-worktrees/ui-venus-core200-20260905/runs/ui-venus-1.5-30b-a3b-adapted-direct-core200-delay3s/mdcbench_lite_v1/repair_01/016_a2_alarm_conflict_log/config/task.json,/Users/Admin/home/MDC_Benchmark_lite_ufo3/worker-worktrees/ui-venus-core200-20260905/runs/ui-venus-1.5-30b-a3b-adapted-direct-core200-delay3s/mdcbench_lite_v1/final_merged_status_after_infrastructure_repairs.json
ui-venus-1.5-30b-a3b,17,al_writer_from_note_gui,real200,1A+1L,run_01,/Users/Admin/home/MDC_Benchmark_lite_ufo3/worker-worktrees/ui-venus-core200-20260905/runs/ui-venus-1.5-30b-a3b-adapted-direct-core200-delay3s/mdcbench_lite_v1/run_01/017_al_writer_from_note_gui,sha256:2669d09f2f7f0ce72266ef395503ab6fea03c5e69355f7a9301c20538c39427d,final_merged_selected_attempt,FAIL,FAIL,lifecycle_valid,0.0,0.0,selected_attempt_evaluator_trace,50,419.134,max_steps,timeout,2,android+linux,android_0+linux_0,/Users/Admin/home/MDC_Benchmark_lite_ufo3/worker-worktrees/ui-venus-core200-20260905/runs/ui-venus-1.5-30b-a3b-adapted-direct-core200-delay3s/mdcbench_lite_v1/run_01/017_al_writer_from_note_gui/config/task.json,/Users/Admin/home/MDC_Benchmark_lite_ufo3/worker-worktrees/ui-venus-core200-20260905/runs/ui-venus-1.5-30b-a3b-adapted-direct-core200-delay3s/mdcbench_lite_v1/final_merged_status_after_infrastructure_repairs.json
ui-venus-1.5-30b-a3b,18,al_playlist_from_csv,real200,1A+1L,run_01,/Users/Admin/home/MDC_Benchmark_lite_ufo3/worker-worktrees/ui-venus-core200-20260905/runs/ui-venus-1.5-30b-a3b-adapted-direct-core200-delay3s/mdcbench_lite_v1/run_01/018_al_playlist_from_csv,sha256:db437384a8d1984e0272115acaa6dca2f0ad3e1edb8adfbba827526c53f50867,final_merged_selected_attempt,FAIL,FAIL,lifecycle_valid,0.0,0.0,selected_attempt_evaluator_trace,50,396.121,max_steps,timeout,2,android+linux,android_0+linux_0,/Users/Admin/home/MDC_Benchmark_lite_ufo3/worker-worktrees/ui-venus-core200-20260905/runs/ui-venus-1.5-30b-a3b-adapted-direct-core200-delay3s/mdcbench_lite_v1/run_01/018_al_playlist_from_csv/config/task.json,/Users/Admin/home/MDC_Benchmark_lite_ufo3/worker-worktrees/ui-venus-core200-20260905/runs/ui-venus-1.5-30b-a3b-adapted-direct-core200-delay3s/mdcbench_lite_v1/final_merged_status_after_infrastructure_repairs.json
ui-venus-1.5-30b-a3b,19,a2l2_vscode_web_music_final_gate,real300,A+A+L+L,repair_01,/Users/Admin/home/MDC_Benchmark_lite_ufo3/worker-worktrees/ui-venus-core200-20260905/runs/ui-venus-1.5-30b-a3b-adapted-direct-core200-delay3s/mdcbench_lite_v1/repair_01/019_a2l2_vscode_web_music_final_gate,sha256:83b2ff68deb68ee6cfa52d7bbae56b49fc831265caead36c1a094f24587cadb2,final_merged_infrastructure_repair:lite_19,INFRASTRUCTURE_INVALID,FAIL,lifecycle_valid,,0.0,official_repair_attempt_evaluator_trace,50,569.05,max_steps,timeout,4,android+linux,android_0+android_1+linux_0+linux_1,/Users/Admin/home/MDC_Benchmark_lite_ufo3/worker-worktrees/ui-venus-core200-20260905/runs/ui-venus-1.5-30b-a3b-adapted-direct-core200-delay3s/mdcbench_lite_v1/repair_01/019_a2l2_vscode_web_music_final_gate/config/task.json,/Users/Admin/home/MDC_Benchmark_lite_ufo3/worker-worktrees/ui-venus-core200-20260905/runs/ui-venus-1.5-30b-a3b-adapted-direct-core200-delay3s/mdcbench_lite_v1/final_merged_status_after_infrastructure_repairs.json
ui-venus-1.5-30b-a3b,20,al2_mail_calc_alarm_sync,real300,A+L+L,run_01,/Users/Admin/home/MDC_Benchmark_lite_ufo3/worker-worktrees/ui-venus-core200-20260905/runs/ui-venus-1.5-30b-a3b-adapted-direct-core200-delay3s/mdcbench_lite_v1/run_01/020_al2_mail_calc_alarm_sync,sha256:ddaefdfa545a9a4cd551d36f79b6aa33d557ce4916a2e7c797c7cf31b9b7a737,final_merged_selected_attempt,FAIL,FAIL,lifecycle_valid,0.3333333333333333,0.3333333333333333,selected_attempt_evaluator_trace,50,511.843,max_steps,timeout,3,android+linux,android_0+linux_0+linux_1,/Users/Admin/home/MDC_Benchmark_lite_ufo3/worker-worktrees/ui-venus-core200-20260905/runs/ui-venus-1.5-30b-a3b-adapted-direct-core200-delay3s/mdcbench_lite_v1/run_01/020_al2_mail_calc_alarm_sync/config/task.json,/Users/Admin/home/MDC_Benchmark_lite_ufo3/worker-worktrees/ui-venus-core200-20260905/runs/ui-venus-1.5-30b-a3b-adapted-direct-core200-delay3s/mdcbench_lite_v1/final_merged_status_after_infrastructure_repairs.json
ui-venus-1.5-30b-a3b,21,al_map_audio_packet,real300,A+L,run_01,/Users/Admin/home/MDC_Benchmark_lite_ufo3/worker-worktrees/ui-venus-core200-20260905/runs/ui-venus-1.5-30b-a3b-adapted-direct-core200-delay3s/mdcbench_lite_v1/run_01/021_al_map_audio_packet,sha256:406a02c27bd98075d2661f6f29d44d15ff1e6acdcfae8dad3c6912f7ad35bdb6,final_merged_selected_attempt,FAIL,FAIL,lifecycle_valid,0.0,0.0,selected_attempt_evaluator_trace,50,482.183,max_steps,timeout,2,android+linux,android_0+linux_0,/Users/Admin/home/MDC_Benchmark_lite_ufo3/worker-worktrees/ui-venus-core200-20260905/runs/ui-venus-1.5-30b-a3b-adapted-direct-core200-delay3s/mdcbench_lite_v1/run_01/021_al_map_audio_packet/config/task.json,/Users/Admin/home/MDC_Benchmark_lite_ufo3/worker-worktrees/ui-venus-core200-20260905/runs/ui-venus-1.5-30b-a3b-adapted-direct-core200-delay3s/mdcbench_lite_v1/final_merged_status_after_infrastructure_repairs.json
ui-venus-1.5-30b-a3b,22,a2l_audio_thunderbird_draft,real300,A+A+L,run_01,/Users/Admin/home/MDC_Benchmark_lite_ufo3/worker-worktrees/ui-venus-core200-20260905/runs/ui-venus-1.5-30b-a3b-adapted-direct-core200-delay3s/mdcbench_lite_v1/run_01/022_a2l_audio_thunderbird_draft,sha256:fbdb0e8e62eaaf1991423159806191e88304d020ea2e9b4461c3626c6f1fb56e,final_merged_selected_attempt,FAIL,FAIL,lifecycle_valid,0.0,0.0,selected_attempt_evaluator_trace,50,447.695,max_steps,timeout,3,android+linux,android_0+android_1+linux_0,/Users/Admin/home/MDC_Benchmark_lite_ufo3/worker-worktrees/ui-venus-core200-20260905/runs/ui-venus-1.5-30b-a3b-adapted-direct-core200-delay3s/mdcbench_lite_v1/run_01/022_a2l_audio_thunderbird_draft/config/task.json,/Users/Admin/home/MDC_Benchmark_lite_ufo3/worker-worktrees/ui-venus-core200-20260905/runs/ui-venus-1.5-30b-a3b-adapted-direct-core200-delay3s/mdcbench_lite_v1/final_merged_status_after_infrastructure_repairs.json
ui-venus-1.5-30b-a3b,23,al_camera_web_upload_form,real300,A+L,run_01,/Users/Admin/home/MDC_Benchmark_lite_ufo3/worker-worktrees/ui-venus-core200-20260905/runs/ui-venus-1.5-30b-a3b-adapted-direct-core200-delay3s/mdcbench_lite_v1/run_01/023_al_camera_web_upload_form,sha256:624f8f639f1f55fe5bb79cccbb2e4ee176c1b4e4786009fb5e21712ae98c3b3d,final_merged_selected_attempt,FAIL,FAIL,lifecycle_valid,0.0,0.0,selected_attempt_evaluator_trace,50,499.853,max_steps,timeout,2,android+linux,android_0+linux_0,/Users/Admin/home/MDC_Benchmark_lite_ufo3/worker-worktrees/ui-venus-core200-20260905/runs/ui-venus-1.5-30b-a3b-adapted-direct-core200-delay3s/mdcbench_lite_v1/run_01/023_al_camera_web_upload_form/config/task.json,/Users/Admin/home/MDC_Benchmark_lite_ufo3/worker-worktrees/ui-venus-core200-20260905/runs/ui-venus-1.5-30b-a3b-adapted-direct-core200-delay3s/mdcbench_lite_v1/final_merged_status_after_infrastructure_repairs.json
ui-venus-1.5-30b-a3b,24,a2l_osmand_calc_visit,real300,A+A+L,run_01,/Users/Admin/home/MDC_Benchmark_lite_ufo3/worker-worktrees/ui-venus-core200-20260905/runs/ui-venus-1.5-30b-a3b-adapted-direct-core200-delay3s/mdcbench_lite_v1/run_01/024_a2l_osmand_calc_visit,sha256:c97c3d13fef72fcaf64ed18bb4158dfd573fc4b2098f67e03e926212a7587837,final_merged_selected_attempt,FAIL,FAIL,lifecycle_valid,0.0,0.0,selected_attempt_evaluator_trace,50,581.828,max_steps,timeout,3,android+linux,android_0+android_1+linux_0,/Users/Admin/home/MDC_Benchmark_lite_ufo3/worker-worktrees/ui-venus-core200-20260905/runs/ui-venus-1.5-30b-a3b-adapted-direct-core200-delay3s/mdcbench_lite_v1/run_01/024_a2l_osmand_calc_visit/config/task.json,/Users/Admin/home/MDC_Benchmark_lite_ufo3/worker-worktrees/ui-venus-core200-20260905/runs/ui-venus-1.5-30b-a3b-adapted-direct-core200-delay3s/mdcbench_lite_v1/final_merged_status_after_infrastructure_repairs.json
ui-venus-1.5-30b-a3b,25,a2_gallery_cleanup_log,real300,A+A,repair_01,/Users/Admin/home/MDC_Benchmark_lite_ufo3/worker-worktrees/ui-venus-core200-20260905/runs/ui-venus-1.5-30b-a3b-adapted-direct-core200-delay3s/mdcbench_lite_v1/repair_01/025_a2_gallery_cleanup_log,sha256:f6c1f0ee8af13a800138668509f55754a0aa1d3d195903a71f186b63bbe57599,final_merged_infrastructure_repair:lite_25,INFRASTRUCTURE_INVALID,FAIL,lifecycle_valid,,0.0,official_repair_attempt_evaluator_trace,50,373.254,max_steps,timeout,2,android,android_0+android_1,/Users/Admin/home/MDC_Benchmark_lite_ufo3/worker-worktrees/ui-venus-core200-20260905/runs/ui-venus-1.5-30b-a3b-adapted-direct-core200-delay3s/mdcbench_lite_v1/repair_01/025_a2_gallery_cleanup_log/config/task.json,/Users/Admin/home/MDC_Benchmark_lite_ufo3/worker-worktrees/ui-venus-core200-20260905/runs/ui-venus-1.5-30b-a3b-adapted-direct-core200-delay3s/mdcbench_lite_v1/final_merged_status_after_infrastructure_repairs.json
ui-venus-1.5-30b-a3b,26,l2_mail_rule_foldering,real300,L+L,run_01,/Users/Admin/home/MDC_Benchmark_lite_ufo3/worker-worktrees/ui-venus-core200-20260905/runs/ui-venus-1.5-30b-a3b-adapted-direct-core200-delay3s/mdcbench_lite_v1/run_01/026_l2_mail_rule_foldering,sha256:ee50eb532b8c9f8addb05ae89d38a964181d0ba2bc4a82c90184f2144febe336,final_merged_selected_attempt,FAIL,FAIL,lifecycle_valid,0.0,0.0,selected_attempt_evaluator_trace,50,448.607,max_steps,timeout,2,linux,linux_0+linux_1,/Users/Admin/home/MDC_Benchmark_lite_ufo3/worker-worktrees/ui-venus-core200-20260905/runs/ui-venus-1.5-30b-a3b-adapted-direct-core200-delay3s/mdcbench_lite_v1/run_01/026_l2_mail_rule_foldering/config/task.json,/Users/Admin/home/MDC_Benchmark_lite_ufo3/worker-worktrees/ui-venus-core200-20260905/runs/ui-venus-1.5-30b-a3b-adapted-direct-core200-delay3s/mdcbench_lite_v1/final_merged_status_after_infrastructure_repairs.json
ui-venus-1.5-30b-a3b,27,a2l2_training_media_deck_email,real300,A+A+L+L,run_01,/Users/Admin/home/MDC_Benchmark_lite_ufo3/worker-worktrees/ui-venus-core200-20260905/runs/ui-venus-1.5-30b-a3b-adapted-direct-core200-delay3s/mdcbench_lite_v1/run_01/027_a2l2_training_media_deck_email,sha256:b79a5454602c6035e420ea485e1206338784f56f9eb54aacf11df940d0c12309,final_merged_selected_attempt,FAIL,FAIL,lifecycle_valid,0.0,0.0,selected_attempt_evaluator_trace,50,559.894,max_steps,timeout,4,android+linux,android_0+android_1+linux_0+linux_1,/Users/Admin/home/MDC_Benchmark_lite_ufo3/worker-worktrees/ui-venus-core200-20260905/runs/ui-venus-1.5-30b-a3b-adapted-direct-core200-delay3s/mdcbench_lite_v1/run_01/027_a2l2_training_media_deck_email/config/task.json,/Users/Admin/home/MDC_Benchmark_lite_ufo3/worker-worktrees/ui-venus-core200-20260905/runs/ui-venus-1.5-30b-a3b-adapted-direct-core200-delay3s/mdcbench_lite_v1/final_merged_status_after_infrastructure_repairs.json
ui-venus-1.5-30b-a3b,28,a2l_browser_dual_phone_code,real300,A+A+L,run_01,/Users/Admin/home/MDC_Benchmark_lite_ufo3/worker-worktrees/ui-venus-core200-20260905/runs/ui-venus-1.5-30b-a3b-adapted-direct-core200-delay3s/mdcbench_lite_v1/run_01/028_a2l_browser_dual_phone_code,sha256:599b4527aaf87d2b52732fdda5911eda5710858fb1585a782b8cf2945995310c,final_merged_selected_attempt,FAIL,FAIL,lifecycle_valid,0.0,0.0,selected_attempt_evaluator_trace,50,419.913,max_steps,timeout,3,android+linux,android_0+android_1+linux_0,/Users/Admin/home/MDC_Benchmark_lite_ufo3/worker-worktrees/ui-venus-core200-20260905/runs/ui-venus-1.5-30b-a3b-adapted-direct-core200-delay3s/mdcbench_lite_v1/run_01/028_a2l_browser_dual_phone_code/config/task.json,/Users/Admin/home/MDC_Benchmark_lite_ufo3/worker-worktrees/ui-venus-core200-20260905/runs/ui-venus-1.5-30b-a3b-adapted-direct-core200-delay3s/mdcbench_lite_v1/final_merged_status_after_infrastructure_repairs.json
ui-venus-1.5-30b-a3b,29,al_sms_web_download_statement,real300,A+L,run_01,/Users/Admin/home/MDC_Benchmark_lite_ufo3/worker-worktrees/ui-venus-core200-20260905/runs/ui-venus-1.5-30b-a3b-adapted-direct-core200-delay3s/mdcbench_lite_v1/run_01/029_al_sms_web_download_statement,sha256:881c2961a734d529512d9cb016720f6a75aacd06b26d3f80286e05b0dd84858b,final_merged_selected_attempt,FAIL,FAIL,lifecycle_valid,0.0,0.0,selected_attempt_evaluator_trace,50,354.724,max_steps,timeout,2,android+linux,android_0+linux_0,/Users/Admin/home/MDC_Benchmark_lite_ufo3/worker-worktrees/ui-venus-core200-20260905/runs/ui-venus-1.5-30b-a3b-adapted-direct-core200-delay3s/mdcbench_lite_v1/run_01/029_al_sms_web_download_statement/config/task.json,/Users/Admin/home/MDC_Benchmark_lite_ufo3/worker-worktrees/ui-venus-core200-20260905/runs/ui-venus-1.5-30b-a3b-adapted-direct-core200-delay3s/mdcbench_lite_v1/final_merged_status_after_infrastructure_repairs.json
ui-venus-1.5-30b-a3b,30,a2_gallery_album_to_tasks,real300,A+A,run_01,/Users/Admin/home/MDC_Benchmark_lite_ufo3/worker-worktrees/ui-venus-core200-20260905/runs/ui-venus-1.5-30b-a3b-adapted-direct-core200-delay3s/mdcbench_lite_v1/run_01/030_a2_gallery_album_to_tasks,sha256:6b4a379681fea8b6f4a742c9e103a40d3277d0e44f46116f60c8f8d863b7d50b,final_merged_selected_attempt,FAIL,FAIL,lifecycle_valid,0.0,0.0,selected_attempt_evaluator_trace,50,320.983,max_steps,timeout,2,android,android_0+android_1,/Users/Admin/home/MDC_Benchmark_lite_ufo3/worker-worktrees/ui-venus-core200-20260905/runs/ui-venus-1.5-30b-a3b-adapted-direct-core200-delay3s/mdcbench_lite_v1/run_01/030_a2_gallery_album_to_tasks/config/task.json,/Users/Admin/home/MDC_Benchmark_lite_ufo3/worker-worktrees/ui-venus-core200-20260905/runs/ui-venus-1.5-30b-a3b-adapted-direct-core200-delay3s/mdcbench_lite_v1/final_merged_status_after_infrastructure_repairs.json
ui-venus-1.5-30b-a3b,31,linux_android_904,linux_android,android_0+android_1+linux_0+linux_1,run_01,/Users/Admin/home/MDC_Benchmark_lite_ufo3/worker-worktrees/ui-venus-core200-20260905/runs/ui-venus-1.5-30b-a3b-adapted-direct-core200-delay3s/mdcbench_lite_v1/run_01/031_linux_android_904,sha256:d52d0dc17fdc4540525ae29cc61e0e64aea2561172a31aa0d4800e17c1cc03b4,final_merged_selected_attempt,FAIL,FAIL,lifecycle_valid,0.0,0.0,selected_attempt_evaluator_trace,50,570.69,max_steps,timeout,4,android+linux,android_0+android_1+linux_0+linux_1,/Users/Admin/home/MDC_Benchmark_lite_ufo3/worker-worktrees/ui-venus-core200-20260905/runs/ui-venus-1.5-30b-a3b-adapted-direct-core200-delay3s/mdcbench_lite_v1/run_01/031_linux_android_904/config/task.json,/Users/Admin/home/MDC_Benchmark_lite_ufo3/worker-worktrees/ui-venus-core200-20260905/runs/ui-venus-1.5-30b-a3b-adapted-direct-core200-delay3s/mdcbench_lite_v1/final_merged_status_after_infrastructure_repairs.json
ui-venus-1.5-30b-a3b,32,linux_android_1040,linux_android,android_0+android_1+linux_0,run_01,/Users/Admin/home/MDC_Benchmark_lite_ufo3/worker-worktrees/ui-venus-core200-20260905/runs/ui-venus-1.5-30b-a3b-adapted-direct-core200-delay3s/mdcbench_lite_v1/run_01/032_linux_android_1040,sha256:a3048d71fcfbf7e3ca992fb741239a7c8f3be743fd865467b5f69853bff19ca8,final_merged_selected_attempt,FAIL,FAIL,lifecycle_valid,0.0,0.0,selected_attempt_evaluator_trace,50,439.554,max_steps,timeout,3,android+linux,android_0+android_1+linux_0,/Users/Admin/home/MDC_Benchmark_lite_ufo3/worker-worktrees/ui-venus-core200-20260905/runs/ui-venus-1.5-30b-a3b-adapted-direct-core200-delay3s/mdcbench_lite_v1/run_01/032_linux_android_1040/config/task.json,/Users/Admin/home/MDC_Benchmark_lite_ufo3/worker-worktrees/ui-venus-core200-20260905/runs/ui-venus-1.5-30b-a3b-adapted-direct-core200-delay3s/mdcbench_lite_v1/final_merged_status_after_infrastructure_repairs.json
ui-venus-1.5-30b-a3b,33,linux_android_1313,linux_android,2A+2L,run_01,/Users/Admin/home/MDC_Benchmark_lite_ufo3/worker-worktrees/ui-venus-core200-20260905/runs/ui-venus-1.5-30b-a3b-adapted-direct-core200-delay3s/mdcbench_lite_v1/run_01/033_linux_android_1313,sha256:756e657fba6718d02434a4c9e27cadce133f2e69a687cddb00ede8f7294f1179,final_merged_selected_attempt,FAIL,FAIL,lifecycle_valid,0.0,0.0,selected_attempt_evaluator_trace,50,593.479,max_steps,timeout,4,android+linux,linux_0+linux_1+android_0+android_1,/Users/Admin/home/MDC_Benchmark_lite_ufo3/worker-worktrees/ui-venus-core200-20260905/runs/ui-venus-1.5-30b-a3b-adapted-direct-core200-delay3s/mdcbench_lite_v1/run_01/033_linux_android_1313/config/task.json,/Users/Admin/home/MDC_Benchmark_lite_ufo3/worker-worktrees/ui-venus-core200-20260905/runs/ui-venus-1.5-30b-a3b-adapted-direct-core200-delay3s/mdcbench_lite_v1/final_merged_status_after_infrastructure_repairs.json
ui-venus-1.5-30b-a3b,34,linux_android_1798,linux_android,android_0+linux_0+linux_1,run_01,/Users/Admin/home/MDC_Benchmark_lite_ufo3/worker-worktrees/ui-venus-core200-20260905/runs/ui-venus-1.5-30b-a3b-adapted-direct-core200-delay3s/mdcbench_lite_v1/run_01/034_linux_android_1798,sha256:fb8ff580549b0da7045596d9131565116d5b7e67a86cd2f91090e84a40dfa5c2,final_merged_selected_attempt,FAIL,FAIL,lifecycle_valid,0.0,0.0,selected_attempt_evaluator_trace,6,370.533,done,model_behavior,3,android+linux,android_0+linux_0+linux_1,/Users/Admin/home/MDC_Benchmark_lite_ufo3/worker-worktrees/ui-venus-core200-20260905/runs/ui-venus-1.5-30b-a3b-adapted-direct-core200-delay3s/mdcbench_lite_v1/run_01/034_linux_android_1798/config/task.json,/Users/Admin/home/MDC_Benchmark_lite_ufo3/worker-worktrees/ui-venus-core200-20260905/runs/ui-venus-1.5-30b-a3b-adapted-direct-core200-delay3s/mdcbench_lite_v1/final_merged_status_after_infrastructure_repairs.json
ui-venus-1.5-30b-a3b,35,linux_android_1368,linux_android,2A+1L,run_01,/Users/Admin/home/MDC_Benchmark_lite_ufo3/worker-worktrees/ui-venus-core200-20260905/runs/ui-venus-1.5-30b-a3b-adapted-direct-core200-delay3s/mdcbench_lite_v1/run_01/035_linux_android_1368,sha256:917383222ad139278defd5b8b74fd8430a5e1eb2eba3785aca2af51d464da0ba,final_merged_selected_attempt,FAIL,FAIL,lifecycle_valid,0.0,0.0,selected_attempt_evaluator_trace,50,398.233,max_steps,timeout,3,android+linux,linux_0+android_0+android_1,/Users/Admin/home/MDC_Benchmark_lite_ufo3/worker-worktrees/ui-venus-core200-20260905/runs/ui-venus-1.5-30b-a3b-adapted-direct-core200-delay3s/mdcbench_lite_v1/run_01/035_linux_android_1368/config/task.json,/Users/Admin/home/MDC_Benchmark_lite_ufo3/worker-worktrees/ui-venus-core200-20260905/runs/ui-venus-1.5-30b-a3b-adapted-direct-core200-delay3s/mdcbench_lite_v1/final_merged_status_after_infrastructure_repairs.json
ui-venus-1.5-30b-a3b,36,linux_android_1078,linux_android,android_0+linux_0,run_01,/Users/Admin/home/MDC_Benchmark_lite_ufo3/worker-worktrees/ui-venus-core200-20260905/runs/ui-venus-1.5-30b-a3b-adapted-direct-core200-delay3s/mdcbench_lite_v1/run_01/036_linux_android_1078,sha256:84d71201f3ce14f1af22508f171ed513a0d86e837442590085ae9c99c6eed177,final_merged_selected_attempt,FAIL,FAIL,lifecycle_valid,0.5,0.5,selected_attempt_evaluator_trace,50,401.869,max_steps,timeout,2,android+linux,android_0+linux_0,/Users/Admin/home/MDC_Benchmark_lite_ufo3/worker-worktrees/ui-venus-core200-20260905/runs/ui-venus-1.5-30b-a3b-adapted-direct-core200-delay3s/mdcbench_lite_v1/run_01/036_linux_android_1078/config/task.json,/Users/Admin/home/MDC_Benchmark_lite_ufo3/worker-worktrees/ui-venus-core200-20260905/runs/ui-venus-1.5-30b-a3b-adapted-direct-core200-delay3s/mdcbench_lite_v1/final_merged_status_after_infrastructure_repairs.json
ui-venus-1.5-30b-a3b,37,linux_android_1255,linux_android,1A+1L,run_01,/Users/Admin/home/MDC_Benchmark_lite_ufo3/worker-worktrees/ui-venus-core200-20260905/runs/ui-venus-1.5-30b-a3b-adapted-direct-core200-delay3s/mdcbench_lite_v1/run_01/037_linux_android_1255,sha256:2236ec9411ebdc844e22ae768b960b0e00223195ba3c12c6f9f680d4581ed963,final_merged_selected_attempt,FAIL,FAIL,lifecycle_valid,0.3333333333333333,0.3333333333333333,selected_attempt_evaluator_trace,50,408.692,max_steps,timeout,2,android+linux,linux_0+android_0,/Users/Admin/home/MDC_Benchmark_lite_ufo3/worker-worktrees/ui-venus-core200-20260905/runs/ui-venus-1.5-30b-a3b-adapted-direct-core200-delay3s/mdcbench_lite_v1/run_01/037_linux_android_1255/config/task.json,/Users/Admin/home/MDC_Benchmark_lite_ufo3/worker-worktrees/ui-venus-core200-20260905/runs/ui-venus-1.5-30b-a3b-adapted-direct-core200-delay3s/mdcbench_lite_v1/final_merged_status_after_infrastructure_repairs.json
ui-venus-1.5-30b-a3b,38,linux_android_1241,linux_android,1A+2L,run_01,/Users/Admin/home/MDC_Benchmark_lite_ufo3/worker-worktrees/ui-venus-core200-20260905/runs/ui-venus-1.5-30b-a3b-adapted-direct-core200-delay3s/mdcbench_lite_v1/run_01/038_linux_android_1241,sha256:ce6fc88ceadc1a66347d1790d0da509424afc12677da2ed207cae0d1f924b1f1,final_merged_selected_attempt,FAIL,FAIL,lifecycle_valid,0.2,0.2,selected_attempt_evaluator_trace,50,644.865,max_steps,timeout,3,android+linux,linux_0+linux_1+android_0,/Users/Admin/home/MDC_Benchmark_lite_ufo3/worker-worktrees/ui-venus-core200-20260905/runs/ui-venus-1.5-30b-a3b-adapted-direct-core200-delay3s/mdcbench_lite_v1/run_01/038_linux_android_1241/config/task.json,/Users/Admin/home/MDC_Benchmark_lite_ufo3/worker-worktrees/ui-venus-core200-20260905/runs/ui-venus-1.5-30b-a3b-adapted-direct-core200-delay3s/mdcbench_lite_v1/final_merged_status_after_infrastructure_repairs.json
ui-venus-1.5-30b-a3b,39,linux_android_1357,linux_android,2A+1L,run_01,/Users/Admin/home/MDC_Benchmark_lite_ufo3/worker-worktrees/ui-venus-core200-20260905/runs/ui-venus-1.5-30b-a3b-adapted-direct-core200-delay3s/mdcbench_lite_v1/run_01/039_linux_android_1357,sha256:b939bf1b12408878281ddc04e286aca98d60e147cb4b40904f8ecfb0428fd3c9,final_merged_selected_attempt,FAIL,FAIL,lifecycle_valid,0.0,0.0,selected_attempt_evaluator_trace,50,422.229,max_steps,timeout,3,android+linux,linux_0+android_0+android_1,/Users/Admin/home/MDC_Benchmark_lite_ufo3/worker-worktrees/ui-venus-core200-20260905/runs/ui-venus-1.5-30b-a3b-adapted-direct-core200-delay3s/mdcbench_lite_v1/run_01/039_linux_android_1357/config/task.json,/Users/Admin/home/MDC_Benchmark_lite_ufo3/worker-worktrees/ui-venus-core200-20260905/runs/ui-venus-1.5-30b-a3b-adapted-direct-core200-delay3s/mdcbench_lite_v1/final_merged_status_after_infrastructure_repairs.json
ui-venus-1.5-30b-a3b,40,linux_android_1831,linux_android,android_0+linux_0,run_01,/Users/Admin/home/MDC_Benchmark_lite_ufo3/worker-worktrees/ui-venus-core200-20260905/runs/ui-venus-1.5-30b-a3b-adapted-direct-core200-delay3s/mdcbench_lite_v1/run_01/040_linux_android_1831,sha256:3975c19667fb9e7c5e06f0fd15ef02a484f24b36e8e27dd4af69371b7649c3cc,final_merged_selected_attempt,FAIL,FAIL,lifecycle_valid,0.0,0.0,selected_attempt_evaluator_trace,50,357.639,max_steps,timeout,2,android+linux,android_0+linux_0,/Users/Admin/home/MDC_Benchmark_lite_ufo3/worker-worktrees/ui-venus-core200-20260905/runs/ui-venus-1.5-30b-a3b-adapted-direct-core200-delay3s/mdcbench_lite_v1/run_01/040_linux_android_1831/config/task.json,/Users/Admin/home/MDC_Benchmark_lite_ufo3/worker-worktrees/ui-venus-core200-20260905/runs/ui-venus-1.5-30b-a3b-adapted-direct-core200-delay3s/mdcbench_lite_v1/final_merged_status_after_infrastructure_repairs.json
ui-venus-1.5-30b-a3b,41,linux_android_1324,linux_android,2A+1L,run_01,/Users/Admin/home/MDC_Benchmark_lite_ufo3/worker-worktrees/ui-venus-core200-20260905/runs/ui-venus-1.5-30b-a3b-adapted-direct-core200-delay3s/mdcbench_lite_v1/run_01/041_linux_android_1324,sha256:db155344c04413078d40b6fa4fd0556d4adda45fc93ce30678b80b702dc5dea0,final_merged_selected_attempt,FAIL,FAIL,lifecycle_valid,0.3333333333333333,0.3333333333333333,selected_attempt_evaluator_trace,50,479.58,max_steps,timeout,3,android+linux,linux_0+android_0+android_1,/Users/Admin/home/MDC_Benchmark_lite_ufo3/worker-worktrees/ui-venus-core200-20260905/runs/ui-venus-1.5-30b-a3b-adapted-direct-core200-delay3s/mdcbench_lite_v1/run_01/041_linux_android_1324/config/task.json,/Users/Admin/home/MDC_Benchmark_lite_ufo3/worker-worktrees/ui-venus-core200-20260905/runs/ui-venus-1.5-30b-a3b-adapted-direct-core200-delay3s/mdcbench_lite_v1/final_merged_status_after_infrastructure_repairs.json
ui-venus-1.5-30b-a3b,42,linux_android_1215,linux_android,2A+1L,run_01,/Users/Admin/home/MDC_Benchmark_lite_ufo3/worker-worktrees/ui-venus-core200-20260905/runs/ui-venus-1.5-30b-a3b-adapted-direct-core200-delay3s/mdcbench_lite_v1/run_01/042_linux_android_1215,sha256:600bcddf6173279eedf04e1e8470d73ce984f29f196b867db1ac7bf10c1496e6,final_merged_selected_attempt,FAIL,FAIL,lifecycle_valid,0.0,0.0,selected_attempt_evaluator_trace,50,395.952,max_steps,timeout,3,android+linux,linux_0+android_0+android_1,/Users/Admin/home/MDC_Benchmark_lite_ufo3/worker-worktrees/ui-venus-core200-20260905/runs/ui-venus-1.5-30b-a3b-adapted-direct-core200-delay3s/mdcbench_lite_v1/run_01/042_linux_android_1215/config/task.json,/Users/Admin/home/MDC_Benchmark_lite_ufo3/worker-worktrees/ui-venus-core200-20260905/runs/ui-venus-1.5-30b-a3b-adapted-direct-core200-delay3s/mdcbench_lite_v1/final_merged_status_after_infrastructure_repairs.json
ui-venus-1.5-30b-a3b,43,linux_android_1320,linux_android,2A+2L,repair_01,/Users/Admin/home/MDC_Benchmark_lite_ufo3/worker-worktrees/ui-venus-core200-20260905/runs/ui-venus-1.5-30b-a3b-adapted-direct-core200-delay3s/mdcbench_lite_v1/repair_01/043_linux_android_1320,sha256:1bf130f689a94c4785ff53e14a84e0b491cb981865d5cf91893ed94109c05bf8,final_merged_infrastructure_repair:lite_43,INFRASTRUCTURE_INVALID,PASS,lifecycle_valid,,1.0,official_repair_attempt_evaluator_trace,5,285.109,done,passed,4,android+linux,linux_0+linux_1+android_0+android_1,/Users/Admin/home/MDC_Benchmark_lite_ufo3/worker-worktrees/ui-venus-core200-20260905/runs/ui-venus-1.5-30b-a3b-adapted-direct-core200-delay3s/mdcbench_lite_v1/repair_01/043_linux_android_1320/config/task.json,/Users/Admin/home/MDC_Benchmark_lite_ufo3/worker-worktrees/ui-venus-core200-20260905/runs/ui-venus-1.5-30b-a3b-adapted-direct-core200-delay3s/mdcbench_lite_v1/final_merged_status_after_infrastructure_repairs.json
ui-venus-1.5-30b-a3b,44,linux_android_1814,linux_android,android_0+android_1+linux_0,run_01,/Users/Admin/home/MDC_Benchmark_lite_ufo3/worker-worktrees/ui-venus-core200-20260905/runs/ui-venus-1.5-30b-a3b-adapted-direct-core200-delay3s/mdcbench_lite_v1/run_01/044_linux_android_1814,sha256:00a1ff1a7fdc530d12fc1657d7ca0b68b756cf9d8f57cd99ef1d68a0b7a19dd5,final_merged_selected_attempt,FAIL,FAIL,lifecycle_valid,0.0,0.0,selected_attempt_evaluator_trace,50,512.387,max_steps,timeout,3,android+linux,android_0+android_1+linux_0,/Users/Admin/home/MDC_Benchmark_lite_ufo3/worker-worktrees/ui-venus-core200-20260905/runs/ui-venus-1.5-30b-a3b-adapted-direct-core200-delay3s/mdcbench_lite_v1/run_01/044_linux_android_1814/config/task.json,/Users/Admin/home/MDC_Benchmark_lite_ufo3/worker-worktrees/ui-venus-core200-20260905/runs/ui-venus-1.5-30b-a3b-adapted-direct-core200-delay3s/mdcbench_lite_v1/final_merged_status_after_infrastructure_repairs.json
ui-venus-1.5-30b-a3b,45,linux_android_1289,linux_android,1A+1L,run_01,/Users/Admin/home/MDC_Benchmark_lite_ufo3/worker-worktrees/ui-venus-core200-20260905/runs/ui-venus-1.5-30b-a3b-adapted-direct-core200-delay3s/mdcbench_lite_v1/run_01/045_linux_android_1289,sha256:774007b169136e0b8ff0847c33098db9eae82cda272a01a4bb1c881c8000ccd9,final_merged_selected_attempt,FAIL,FAIL,lifecycle_valid,0.5,0.5,selected_attempt_evaluator_trace,50,385.52,max_steps,timeout,2,android+linux,linux_0+android_0,/Users/Admin/home/MDC_Benchmark_lite_ufo3/worker-worktrees/ui-venus-core200-20260905/runs/ui-venus-1.5-30b-a3b-adapted-direct-core200-delay3s/mdcbench_lite_v1/run_01/045_linux_android_1289/config/task.json,/Users/Admin/home/MDC_Benchmark_lite_ufo3/worker-worktrees/ui-venus-core200-20260905/runs/ui-venus-1.5-30b-a3b-adapted-direct-core200-delay3s/mdcbench_lite_v1/final_merged_status_after_infrastructure_repairs.json
ui-venus-1.5-30b-a3b,46,linux_android_1851,linux_android,android_0+linux_0,run_01,/Users/Admin/home/MDC_Benchmark_lite_ufo3/worker-worktrees/ui-venus-core200-20260905/runs/ui-venus-1.5-30b-a3b-adapted-direct-core200-delay3s/mdcbench_lite_v1/run_01/046_linux_android_1851,sha256:96d89be1945a0edc8b956c3995939fa1cdd7d5b748d68886e8607f9da89a26f0,final_merged_selected_attempt,FAIL,FAIL,lifecycle_valid,0.0,0.0,selected_attempt_evaluator_trace,50,384.091,max_steps,timeout,2,android+linux,android_0+linux_0,/Users/Admin/home/MDC_Benchmark_lite_ufo3/worker-worktrees/ui-venus-core200-20260905/runs/ui-venus-1.5-30b-a3b-adapted-direct-core200-delay3s/mdcbench_lite_v1/run_01/046_linux_android_1851/config/task.json,/Users/Admin/home/MDC_Benchmark_lite_ufo3/worker-worktrees/ui-venus-core200-20260905/runs/ui-venus-1.5-30b-a3b-adapted-direct-core200-delay3s/mdcbench_lite_v1/final_merged_status_after_infrastructure_repairs.json
ui-venus-1.5-30b-a3b,47,linux_android_1365,linux_android,2A+1L,run_01,/Users/Admin/home/MDC_Benchmark_lite_ufo3/worker-worktrees/ui-venus-core200-20260905/runs/ui-venus-1.5-30b-a3b-adapted-direct-core200-delay3s/mdcbench_lite_v1/run_01/047_linux_android_1365,sha256:c15fbd6afd887efed7e0ad879810f5930406f3c53cc51172d27c7d8c137b270b,final_merged_selected_attempt,FAIL,FAIL,lifecycle_valid,0.5,0.5,selected_attempt_evaluator_trace,50,441.18,max_steps,timeout,3,android+linux,linux_0+android_0+android_1,/Users/Admin/home/MDC_Benchmark_lite_ufo3/worker-worktrees/ui-venus-core200-20260905/runs/ui-venus-1.5-30b-a3b-adapted-direct-core200-delay3s/mdcbench_lite_v1/run_01/047_linux_android_1365/config/task.json,/Users/Admin/home/MDC_Benchmark_lite_ufo3/worker-worktrees/ui-venus-core200-20260905/runs/ui-venus-1.5-30b-a3b-adapted-direct-core200-delay3s/mdcbench_lite_v1/final_merged_status_after_infrastructure_repairs.json
ui-venus-1.5-30b-a3b,48,linux_android_1853,linux_android,android_0+android_1+linux_0,run_01,/Users/Admin/home/MDC_Benchmark_lite_ufo3/worker-worktrees/ui-venus-core200-20260905/runs/ui-venus-1.5-30b-a3b-adapted-direct-core200-delay3s/mdcbench_lite_v1/run_01/048_linux_android_1853,sha256:62c0e8835c65c50a0796822496a25d78b138381fe337b03b38d467550856b244,final_merged_selected_attempt,FAIL,FAIL,lifecycle_valid,0.5,0.5,selected_attempt_evaluator_trace,50,492.212,max_steps,timeout,3,android+linux,android_0+android_1+linux_0,/Users/Admin/home/MDC_Benchmark_lite_ufo3/worker-worktrees/ui-venus-core200-20260905/runs/ui-venus-1.5-30b-a3b-adapted-direct-core200-delay3s/mdcbench_lite_v1/run_01/048_linux_android_1853/config/task.json,/Users/Admin/home/MDC_Benchmark_lite_ufo3/worker-worktrees/ui-venus-core200-20260905/runs/ui-venus-1.5-30b-a3b-adapted-direct-core200-delay3s/mdcbench_lite_v1/final_merged_status_after_infrastructure_repairs.json
ui-venus-1.5-30b-a3b,49,linux_android_1185,linux_android,2A+2L,run_01,/Users/Admin/home/MDC_Benchmark_lite_ufo3/worker-worktrees/ui-venus-core200-20260905/runs/ui-venus-1.5-30b-a3b-adapted-direct-core200-delay3s/mdcbench_lite_v1/run_01/049_linux_android_1185,sha256:cc0f5449f563307b95bf3733e9276e781b2d6d5db768b6534278049e854b3d83,final_merged_selected_attempt,FAIL,FAIL,lifecycle_valid,0.3333333333333333,0.3333333333333333,selected_attempt_evaluator_trace,50,609.331,max_steps,timeout,4,android+linux,linux_0+linux_1+android_0+android_1,/Users/Admin/home/MDC_Benchmark_lite_ufo3/worker-worktrees/ui-venus-core200-20260905/runs/ui-venus-1.5-30b-a3b-adapted-direct-core200-delay3s/mdcbench_lite_v1/run_01/049_linux_android_1185/config/task.json,/Users/Admin/home/MDC_Benchmark_lite_ufo3/worker-worktrees/ui-venus-core200-20260905/runs/ui-venus-1.5-30b-a3b-adapted-direct-core200-delay3s/mdcbench_lite_v1/final_merged_status_after_infrastructure_repairs.json
ui-venus-1.5-30b-a3b,50,linux_android_1217,linux_android,1A+2L,run_01,/Users/Admin/home/MDC_Benchmark_lite_ufo3/worker-worktrees/ui-venus-core200-20260905/runs/ui-venus-1.5-30b-a3b-adapted-direct-core200-delay3s/mdcbench_lite_v1/run_01/050_linux_android_1217,sha256:9a01ba267939ae4c2b0d343d023295fa58dad540b7501d371339f4eda471179d,final_merged_selected_attempt,FAIL,FAIL,lifecycle_valid,0.0,0.0,selected_attempt_evaluator_trace,50,558.905,max_steps,timeout,3,android+linux,linux_0+linux_1+android_0,/Users/Admin/home/MDC_Benchmark_lite_ufo3/worker-worktrees/ui-venus-core200-20260905/runs/ui-venus-1.5-30b-a3b-adapted-direct-core200-delay3s/mdcbench_lite_v1/run_01/050_linux_android_1217/config/task.json,/Users/Admin/home/MDC_Benchmark_lite_ufo3/worker-worktrees/ui-venus-core200-20260905/runs/ui-venus-1.5-30b-a3b-adapted-direct-core200-delay3s/mdcbench_lite_v1/final_merged_status_after_infrastructure_repairs.json
ui-venus-1.5-30b-a3b,51,linux_android_1858,linux_android,android_0+linux_0+linux_1,run_01,/Users/Admin/home/MDC_Benchmark_lite_ufo3/worker-worktrees/ui-venus-core200-20260905/runs/ui-venus-1.5-30b-a3b-adapted-direct-core200-delay3s/mdcbench_lite_v1/run_01/051_linux_android_1858,sha256:664ea917ced7df68d52f4da68373b24fadd2b5220bb51c1b275366028249b571,final_merged_selected_attempt,FAIL,FAIL,lifecycle_valid,0.6666666666666666,0.6666666666666666,selected_attempt_evaluator_trace,50,482.449,max_steps,timeout,3,android+linux,android_0+linux_0+linux_1,/Users/Admin/home/MDC_Benchmark_lite_ufo3/worker-worktrees/ui-venus-core200-20260905/runs/ui-venus-1.5-30b-a3b-adapted-direct-core200-delay3s/mdcbench_lite_v1/run_01/051_linux_android_1858/config/task.json,/Users/Admin/home/MDC_Benchmark_lite_ufo3/worker-worktrees/ui-venus-core200-20260905/runs/ui-venus-1.5-30b-a3b-adapted-direct-core200-delay3s/mdcbench_lite_v1/final_merged_status_after_infrastructure_repairs.json
ui-venus-1.5-30b-a3b,52,linux_android_1181,linux_android,1A+1L,run_01,/Users/Admin/home/MDC_Benchmark_lite_ufo3/worker-worktrees/ui-venus-core200-20260905/runs/ui-venus-1.5-30b-a3b-adapted-direct-core200-delay3s/mdcbench_lite_v1/run_01/052_linux_android_1181,sha256:f623b5ef250d46d76c293349f5dfc3918bef6159b61db2f4cd7de2261360acf6,final_merged_selected_attempt,FAIL,FAIL,lifecycle_valid,0.0,0.0,selected_attempt_evaluator_trace,50,377.684,max_steps,timeout,2,android+linux,linux_0+android_0,/Users/Admin/home/MDC_Benchmark_lite_ufo3/worker-worktrees/ui-venus-core200-20260905/runs/ui-venus-1.5-30b-a3b-adapted-direct-core200-delay3s/mdcbench_lite_v1/run_01/052_linux_android_1181/config/task.json,/Users/Admin/home/MDC_Benchmark_lite_ufo3/worker-worktrees/ui-venus-core200-20260905/runs/ui-venus-1.5-30b-a3b-adapted-direct-core200-delay3s/mdcbench_lite_v1/final_merged_status_after_infrastructure_repairs.json
ui-venus-1.5-30b-a3b,53,linux_android_1869,linux_android,android_0+android_1+linux_0+linux_1,run_01,/Users/Admin/home/MDC_Benchmark_lite_ufo3/worker-worktrees/ui-venus-core200-20260905/runs/ui-venus-1.5-30b-a3b-adapted-direct-core200-delay3s/mdcbench_lite_v1/run_01/053_linux_android_1869,sha256:ca0af96a1b404bd83a2edebc5f3267c9b43a163cc01dd1822a0662e7d8f86515,final_merged_selected_attempt,FAIL,FAIL,lifecycle_valid,0.5,0.5,selected_attempt_evaluator_trace,50,596.486,max_steps,timeout,4,android+linux,android_0+android_1+linux_0+linux_1,/Users/Admin/home/MDC_Benchmark_lite_ufo3/worker-worktrees/ui-venus-core200-20260905/runs/ui-venus-1.5-30b-a3b-adapted-direct-core200-delay3s/mdcbench_lite_v1/run_01/053_linux_android_1869/config/task.json,/Users/Admin/home/MDC_Benchmark_lite_ufo3/worker-worktrees/ui-venus-core200-20260905/runs/ui-venus-1.5-30b-a3b-adapted-direct-core200-delay3s/mdcbench_lite_v1/final_merged_status_after_infrastructure_repairs.json
ui-venus-1.5-30b-a3b,54,linux_android_943,linux_android,android_0+linux_0,run_01,/Users/Admin/home/MDC_Benchmark_lite_ufo3/worker-worktrees/ui-venus-core200-20260905/runs/ui-venus-1.5-30b-a3b-adapted-direct-core200-delay3s/mdcbench_lite_v1/run_01/054_linux_android_943,sha256:d1722f1b7445758459acd412d161aea5ce578add43a3fa7be0e028bebddcd689,final_merged_selected_attempt,FAIL,FAIL,lifecycle_valid,0.0,0.0,selected_attempt_evaluator_trace,50,341.088,max_steps,timeout,2,android+linux,android_0+linux_0,/Users/Admin/home/MDC_Benchmark_lite_ufo3/worker-worktrees/ui-venus-core200-20260905/runs/ui-venus-1.5-30b-a3b-adapted-direct-core200-delay3s/mdcbench_lite_v1/run_01/054_linux_android_943/config/task.json,/Users/Admin/home/MDC_Benchmark_lite_ufo3/worker-worktrees/ui-venus-core200-20260905/runs/ui-venus-1.5-30b-a3b-adapted-direct-core200-delay3s/mdcbench_lite_v1/final_merged_status_after_infrastructure_repairs.json
ui-venus-1.5-30b-a3b,55,linux_android_1274,linux_android,2A+1L,run_01,/Users/Admin/home/MDC_Benchmark_lite_ufo3/worker-worktrees/ui-venus-core200-20260905/runs/ui-venus-1.5-30b-a3b-adapted-direct-core200-delay3s/mdcbench_lite_v1/run_01/055_linux_android_1274,sha256:289ef6491a7db9df16e74a926ae0d99babdaa21a680017f9c718230a84b79f6e,final_merged_selected_attempt,FAIL,FAIL,lifecycle_valid,0.6666666666666666,0.6666666666666666,selected_attempt_evaluator_trace,50,449.759,max_steps,timeout,3,android+linux,linux_0+android_0+android_1,/Users/Admin/home/MDC_Benchmark_lite_ufo3/worker-worktrees/ui-venus-core200-20260905/runs/ui-venus-1.5-30b-a3b-adapted-direct-core200-delay3s/mdcbench_lite_v1/run_01/055_linux_android_1274/config/task.json,/Users/Admin/home/MDC_Benchmark_lite_ufo3/worker-worktrees/ui-venus-core200-20260905/runs/ui-venus-1.5-30b-a3b-adapted-direct-core200-delay3s/mdcbench_lite_v1/final_merged_status_after_infrastructure_repairs.json
ui-venus-1.5-30b-a3b,56,linux_android_1863,linux_android,android_0+android_1+linux_0+linux_1,run_01,/Users/Admin/home/MDC_Benchmark_lite_ufo3/worker-worktrees/ui-venus-core200-20260905/runs/ui-venus-1.5-30b-a3b-adapted-direct-core200-delay3s/mdcbench_lite_v1/run_01/056_linux_android_1863,sha256:6b9819f51e71ada60ea07cc021783f9cc041ac5515e80a82d2e75547c9cb6557,final_merged_selected_attempt,FAIL,FAIL,lifecycle_valid,0.0,0.0,selected_attempt_evaluator_trace,50,565.623,max_steps,timeout,4,android+linux,android_0+android_1+linux_0+linux_1,/Users/Admin/home/MDC_Benchmark_lite_ufo3/worker-worktrees/ui-venus-core200-20260905/runs/ui-venus-1.5-30b-a3b-adapted-direct-core200-delay3s/mdcbench_lite_v1/run_01/056_linux_android_1863/config/task.json,/Users/Admin/home/MDC_Benchmark_lite_ufo3/worker-worktrees/ui-venus-core200-20260905/runs/ui-venus-1.5-30b-a3b-adapted-direct-core200-delay3s/mdcbench_lite_v1/final_merged_status_after_infrastructure_repairs.json
ui-venus-1.5-30b-a3b,57,linux_android_1866,linux_android,android_0+android_1+linux_0+linux_1,run_01,/Users/Admin/home/MDC_Benchmark_lite_ufo3/worker-worktrees/ui-venus-core200-20260905/runs/ui-venus-1.5-30b-a3b-adapted-direct-core200-delay3s/mdcbench_lite_v1/run_01/057_linux_android_1866,sha256:ee6cad3e0a5029110f4d1ddff32ad8e58fef0be459ed9e4fe336a220ff3307d4,final_merged_selected_attempt,FAIL,FAIL,lifecycle_valid,0.0,0.0,selected_attempt_evaluator_trace,50,548.725,max_steps,timeout,4,android+linux,android_0+android_1+linux_0+linux_1,/Users/Admin/home/MDC_Benchmark_lite_ufo3/worker-worktrees/ui-venus-core200-20260905/runs/ui-venus-1.5-30b-a3b-adapted-direct-core200-delay3s/mdcbench_lite_v1/run_01/057_linux_android_1866/config/task.json,/Users/Admin/home/MDC_Benchmark_lite_ufo3/worker-worktrees/ui-venus-core200-20260905/runs/ui-venus-1.5-30b-a3b-adapted-direct-core200-delay3s/mdcbench_lite_v1/final_merged_status_after_infrastructure_repairs.json
ui-venus-1.5-30b-a3b,58,linux_android_997,linux_android,android_0+android_1+linux_0,repair_01,/Users/Admin/home/MDC_Benchmark_lite_ufo3/worker-worktrees/ui-venus-core200-20260905/runs/ui-venus-1.5-30b-a3b-adapted-direct-core200-delay3s/mdcbench_lite_v1/repair_01/058_linux_android_997,sha256:70a06b8ffa8f3e8fe25bfb9bf4176fc3271290f7781399cba0858cbbeb560b2c,final_merged_infrastructure_repair:lite_58,INFRASTRUCTURE_INVALID,FAIL,lifecycle_valid,,0.0,official_repair_attempt_evaluator_trace,50,478.044,max_steps,timeout,3,android+linux,android_0+android_1+linux_0,/Users/Admin/home/MDC_Benchmark_lite_ufo3/worker-worktrees/ui-venus-core200-20260905/runs/ui-venus-1.5-30b-a3b-adapted-direct-core200-delay3s/mdcbench_lite_v1/repair_01/058_linux_android_997/config/task.json,/Users/Admin/home/MDC_Benchmark_lite_ufo3/worker-worktrees/ui-venus-core200-20260905/runs/ui-venus-1.5-30b-a3b-adapted-direct-core200-delay3s/mdcbench_lite_v1/final_merged_status_after_infrastructure_repairs.json
ui-venus-1.5-30b-a3b,59,linux_android_947,linux_android,android_0+linux_0+linux_1,run_01,/Users/Admin/home/MDC_Benchmark_lite_ufo3/worker-worktrees/ui-venus-core200-20260905/runs/ui-venus-1.5-30b-a3b-adapted-direct-core200-delay3s/mdcbench_lite_v1/run_01/059_linux_android_947,sha256:29c56cb9ba8a561ae1ef79709124f925ecaeeb25e857c01bf2a0aa82fd91c3c8,final_merged_selected_attempt,FAIL,FAIL,lifecycle_valid,0.0,0.0,selected_attempt_evaluator_trace,50,517.198,max_steps,timeout,3,android+linux,android_0+linux_0+linux_1,/Users/Admin/home/MDC_Benchmark_lite_ufo3/worker-worktrees/ui-venus-core200-20260905/runs/ui-venus-1.5-30b-a3b-adapted-direct-core200-delay3s/mdcbench_lite_v1/run_01/059_linux_android_947/config/task.json,/Users/Admin/home/MDC_Benchmark_lite_ufo3/worker-worktrees/ui-venus-core200-20260905/runs/ui-venus-1.5-30b-a3b-adapted-direct-core200-delay3s/mdcbench_lite_v1/final_merged_status_after_infrastructure_repairs.json
ui-venus-1.5-30b-a3b,60,linux_android_1080,linux_android,android_0+android_1+linux_0,run_01,/Users/Admin/home/MDC_Benchmark_lite_ufo3/worker-worktrees/ui-venus-core200-20260905/runs/ui-venus-1.5-30b-a3b-adapted-direct-core200-delay3s/mdcbench_lite_v1/run_01/060_linux_android_1080,sha256:73606179d07e1ac591113081a2299b1c51b206bf47937a4bda9b16e3fbc5d7d9,final_merged_selected_attempt,FAIL,FAIL,lifecycle_valid,0.6666666666666666,0.6666666666666666,selected_attempt_evaluator_trace,50,454.391,max_steps,timeout,3,android+linux,android_0+android_1+linux_0,/Users/Admin/home/MDC_Benchmark_lite_ufo3/worker-worktrees/ui-venus-core200-20260905/runs/ui-venus-1.5-30b-a3b-adapted-direct-core200-delay3s/mdcbench_lite_v1/run_01/060_linux_android_1080/config/task.json,/Users/Admin/home/MDC_Benchmark_lite_ufo3/worker-worktrees/ui-venus-core200-20260905/runs/ui-venus-1.5-30b-a3b-adapted-direct-core200-delay3s/mdcbench_lite_v1/final_merged_status_after_infrastructure_repairs.json
ui-venus-1.5-30b-a3b,61,linux_android_1859,linux_android,android_0+android_1+linux_0+linux_1,repair_01,/Users/Admin/home/MDC_Benchmark_lite_ufo3/worker-worktrees/ui-venus-core200-20260905/runs/ui-venus-1.5-30b-a3b-adapted-direct-core200-delay3s/mdcbench_lite_v1/repair_01/061_linux_android_1859,sha256:cddc74abb1fc8ddc4962c923f33fd4f2ff10aaaf1d6198f0b3bd00803a742265,final_merged_infrastructure_repair:lite_61,INFRASTRUCTURE_INVALID,FAIL,lifecycle_valid,,0.0,official_repair_attempt_evaluator_trace,50,645.255,max_steps,timeout,4,android+linux,android_0+android_1+linux_0+linux_1,/Users/Admin/home/MDC_Benchmark_lite_ufo3/worker-worktrees/ui-venus-core200-20260905/runs/ui-venus-1.5-30b-a3b-adapted-direct-core200-delay3s/mdcbench_lite_v1/repair_01/061_linux_android_1859/config/task.json,/Users/Admin/home/MDC_Benchmark_lite_ufo3/worker-worktrees/ui-venus-core200-20260905/runs/ui-venus-1.5-30b-a3b-adapted-direct-core200-delay3s/mdcbench_lite_v1/final_merged_status_after_infrastructure_repairs.json
ui-venus-1.5-30b-a3b,62,linux_android_905,linux_android,android_0+linux_0+linux_1,run_01,/Users/Admin/home/MDC_Benchmark_lite_ufo3/worker-worktrees/ui-venus-core200-20260905/runs/ui-venus-1.5-30b-a3b-adapted-direct-core200-delay3s/mdcbench_lite_v1/run_01/062_linux_android_905,sha256:241fc089a135766674599a0fe390dc7533443741414dcdb0bf3abc405a6ce2c6,final_merged_selected_attempt,FAIL,FAIL,lifecycle_valid,0.0,0.0,selected_attempt_evaluator_trace,50,503.737,max_steps,timeout,3,android+linux,android_0+linux_0+linux_1,/Users/Admin/home/MDC_Benchmark_lite_ufo3/worker-worktrees/ui-venus-core200-20260905/runs/ui-venus-1.5-30b-a3b-adapted-direct-core200-delay3s/mdcbench_lite_v1/run_01/062_linux_android_905/config/task.json,/Users/Admin/home/MDC_Benchmark_lite_ufo3/worker-worktrees/ui-venus-core200-20260905/runs/ui-venus-1.5-30b-a3b-adapted-direct-core200-delay3s/mdcbench_lite_v1/final_merged_status_after_infrastructure_repairs.json
ui-venus-1.5-30b-a3b,63,linux_android_1264,linux_android,1A+1L,run_01,/Users/Admin/home/MDC_Benchmark_lite_ufo3/worker-worktrees/ui-venus-core200-20260905/runs/ui-venus-1.5-30b-a3b-adapted-direct-core200-delay3s/mdcbench_lite_v1/run_01/063_linux_android_1264,sha256:26e02e6ad457ebe65e2adf894997d037432b9fc884adf8a8836c55f11aace6e1,final_merged_selected_attempt,FAIL,FAIL,lifecycle_valid,0.0,0.0,selected_attempt_evaluator_trace,50,379.64,max_steps,timeout,2,android+linux,linux_0+android_0,/Users/Admin/home/MDC_Benchmark_lite_ufo3/worker-worktrees/ui-venus-core200-20260905/runs/ui-venus-1.5-30b-a3b-adapted-direct-core200-delay3s/mdcbench_lite_v1/run_01/063_linux_android_1264/config/task.json,/Users/Admin/home/MDC_Benchmark_lite_ufo3/worker-worktrees/ui-venus-core200-20260905/runs/ui-venus-1.5-30b-a3b-adapted-direct-core200-delay3s/mdcbench_lite_v1/final_merged_status_after_infrastructure_repairs.json
ui-venus-1.5-30b-a3b,64,linux_android_1037,linux_android,android_0+android_1+linux_0,repair_01,/Users/Admin/home/MDC_Benchmark_lite_ufo3/worker-worktrees/ui-venus-core200-20260905/runs/ui-venus-1.5-30b-a3b-adapted-direct-core200-delay3s/mdcbench_lite_v1/repair_01/064_linux_android_1037,sha256:f321ec852998ef37de4ee1fd61ffbfe32510e8fe42b8e31012da66c215c37136,final_merged_infrastructure_repair:lite_64,INFRASTRUCTURE_INVALID,FAIL,lifecycle_valid,,0.0,official_repair_attempt_evaluator_trace,50,437.102,max_steps,timeout,3,android+linux,android_0+android_1+linux_0,/Users/Admin/home/MDC_Benchmark_lite_ufo3/worker-worktrees/ui-venus-core200-20260905/runs/ui-venus-1.5-30b-a3b-adapted-direct-core200-delay3s/mdcbench_lite_v1/repair_01/064_linux_android_1037/config/task.json,/Users/Admin/home/MDC_Benchmark_lite_ufo3/worker-worktrees/ui-venus-core200-20260905/runs/ui-venus-1.5-30b-a3b-adapted-direct-core200-delay3s/mdcbench_lite_v1/final_merged_status_after_infrastructure_repairs.json
ui-venus-1.5-30b-a3b,65,linux_android_1314,linux_android,1A+1L,run_01,/Users/Admin/home/MDC_Benchmark_lite_ufo3/worker-worktrees/ui-venus-core200-20260905/runs/ui-venus-1.5-30b-a3b-adapted-direct-core200-delay3s/mdcbench_lite_v1/run_01/065_linux_android_1314,sha256:4976748c8e40d5c1b38a743ae93226607d32c1e7936b410f697746853a38ba19,final_merged_selected_attempt,FAIL,FAIL,lifecycle_valid,0.0,0.0,selected_attempt_evaluator_trace,50,393.755,max_steps,timeout,2,android+linux,linux_0+android_0,/Users/Admin/home/MDC_Benchmark_lite_ufo3/worker-worktrees/ui-venus-core200-20260905/runs/ui-venus-1.5-30b-a3b-adapted-direct-core200-delay3s/mdcbench_lite_v1/run_01/065_linux_android_1314/config/task.json,/Users/Admin/home/MDC_Benchmark_lite_ufo3/worker-worktrees/ui-venus-core200-20260905/runs/ui-venus-1.5-30b-a3b-adapted-direct-core200-delay3s/mdcbench_lite_v1/final_merged_status_after_infrastructure_repairs.json
ui-venus-1.5-30b-a3b,66,linux_android_1034,linux_android,android_0+android_1+linux_0+linux_1,run_01,/Users/Admin/home/MDC_Benchmark_lite_ufo3/worker-worktrees/ui-venus-core200-20260905/runs/ui-venus-1.5-30b-a3b-adapted-direct-core200-delay3s/mdcbench_lite_v1/run_01/066_linux_android_1034,sha256:6fcc050ec2c38cd4eea0a1ed84872819893e96d5005bdbc08272b314f3a4660f,final_merged_selected_attempt,FAIL,FAIL,lifecycle_valid,0.25,0.25,selected_attempt_evaluator_trace,50,551.219,max_steps,timeout,4,android+linux,android_0+android_1+linux_0+linux_1,/Users/Admin/home/MDC_Benchmark_lite_ufo3/worker-worktrees/ui-venus-core200-20260905/runs/ui-venus-1.5-30b-a3b-adapted-direct-core200-delay3s/mdcbench_lite_v1/run_01/066_linux_android_1034/config/task.json,/Users/Admin/home/MDC_Benchmark_lite_ufo3/worker-worktrees/ui-venus-core200-20260905/runs/ui-venus-1.5-30b-a3b-adapted-direct-core200-delay3s/mdcbench_lite_v1/final_merged_status_after_infrastructure_repairs.json
ui-venus-1.5-30b-a3b,67,linux_android_1307,linux_android,1A+1L,run_01,/Users/Admin/home/MDC_Benchmark_lite_ufo3/worker-worktrees/ui-venus-core200-20260905/runs/ui-venus-1.5-30b-a3b-adapted-direct-core200-delay3s/mdcbench_lite_v1/run_01/067_linux_android_1307,sha256:ee3e3e4105bbe7a3f1c0972304e212490dc0aa2d0a9c524c9482a4de69fcff64,final_merged_selected_attempt,FAIL,FAIL,lifecycle_valid,0.0,0.0,selected_attempt_evaluator_trace,50,528.965,max_steps,timeout,2,android+linux,linux_0+android_0,/Users/Admin/home/MDC_Benchmark_lite_ufo3/worker-worktrees/ui-venus-core200-20260905/runs/ui-venus-1.5-30b-a3b-adapted-direct-core200-delay3s/mdcbench_lite_v1/run_01/067_linux_android_1307/config/task.json,/Users/Admin/home/MDC_Benchmark_lite_ufo3/worker-worktrees/ui-venus-core200-20260905/runs/ui-venus-1.5-30b-a3b-adapted-direct-core200-delay3s/mdcbench_lite_v1/final_merged_status_after_infrastructure_repairs.json
ui-venus-1.5-30b-a3b,68,linux_android_1252,linux_android,1A+2L,run_01,/Users/Admin/home/MDC_Benchmark_lite_ufo3/worker-worktrees/ui-venus-core200-20260905/runs/ui-venus-1.5-30b-a3b-adapted-direct-core200-delay3s/mdcbench_lite_v1/run_01/068_linux_android_1252,sha256:f0b2c7d3199d1e8327f828885bbd2532b7456002e445fc10bcca9b56ba8eda7f,final_merged_selected_attempt,FAIL,FAIL,lifecycle_valid,0.5,0.5,selected_attempt_evaluator_trace,50,461.446,max_steps,timeout,3,android+linux,linux_0+linux_1+android_0,/Users/Admin/home/MDC_Benchmark_lite_ufo3/worker-worktrees/ui-venus-core200-20260905/runs/ui-venus-1.5-30b-a3b-adapted-direct-core200-delay3s/mdcbench_lite_v1/run_01/068_linux_android_1252/config/task.json,/Users/Admin/home/MDC_Benchmark_lite_ufo3/worker-worktrees/ui-venus-core200-20260905/runs/ui-venus-1.5-30b-a3b-adapted-direct-core200-delay3s/mdcbench_lite_v1/final_merged_status_after_infrastructure_repairs.json
ui-venus-1.5-30b-a3b,69,linux_android_1183,linux_android,1A+1L,run_01,/Users/Admin/home/MDC_Benchmark_lite_ufo3/worker-worktrees/ui-venus-core200-20260905/runs/ui-venus-1.5-30b-a3b-adapted-direct-core200-delay3s/mdcbench_lite_v1/run_01/069_linux_android_1183,sha256:0163150eea65f5e4a1e90c2595c20ca0546575066209fa4d27724afadcea492e,final_merged_selected_attempt,PASS,PASS,lifecycle_valid,1.0,1.0,selected_attempt_evaluator_trace,3,166.662,done,passed,2,android+linux,linux_0+android_0,/Users/Admin/home/MDC_Benchmark_lite_ufo3/worker-worktrees/ui-venus-core200-20260905/runs/ui-venus-1.5-30b-a3b-adapted-direct-core200-delay3s/mdcbench_lite_v1/run_01/069_linux_android_1183/config/task.json,/Users/Admin/home/MDC_Benchmark_lite_ufo3/worker-worktrees/ui-venus-core200-20260905/runs/ui-venus-1.5-30b-a3b-adapted-direct-core200-delay3s/mdcbench_lite_v1/final_merged_status_after_infrastructure_repairs.json
ui-venus-1.5-30b-a3b,70,linux_android_1234,linux_android,1A+1L,run_01,/Users/Admin/home/MDC_Benchmark_lite_ufo3/worker-worktrees/ui-venus-core200-20260905/runs/ui-venus-1.5-30b-a3b-adapted-direct-core200-delay3s/mdcbench_lite_v1/run_01/070_linux_android_1234,sha256:f1a7dbf74739af1c9ad720e19f85d7fcf29ba983411f48f55d1f5543b8ae53fe,final_merged_selected_attempt,FAIL,FAIL,lifecycle_valid,0.0,0.0,selected_attempt_evaluator_trace,50,378.789,max_steps,timeout,2,android+linux,linux_0+android_0,/Users/Admin/home/MDC_Benchmark_lite_ufo3/worker-worktrees/ui-venus-core200-20260905/runs/ui-venus-1.5-30b-a3b-adapted-direct-core200-delay3s/mdcbench_lite_v1/run_01/070_linux_android_1234/config/task.json,/Users/Admin/home/MDC_Benchmark_lite_ufo3/worker-worktrees/ui-venus-core200-20260905/runs/ui-venus-1.5-30b-a3b-adapted-direct-core200-delay3s/mdcbench_lite_v1/final_merged_status_after_infrastructure_repairs.json
ui-venus-1.5-30b-a3b,71,linux_android_1828,linux_android,android_0+linux_0,run_01,/Users/Admin/home/MDC_Benchmark_lite_ufo3/worker-worktrees/ui-venus-core200-20260905/runs/ui-venus-1.5-30b-a3b-adapted-direct-core200-delay3s/mdcbench_lite_v1/run_01/071_linux_android_1828,sha256:cfbece216a427b40e5aded1f3bef539f52354af46b7acb4a183725af58319346,final_merged_selected_attempt,FAIL,FAIL,lifecycle_valid,0.0,0.0,selected_attempt_evaluator_trace,50,425.407,max_steps,timeout,2,android+linux,android_0+linux_0,/Users/Admin/home/MDC_Benchmark_lite_ufo3/worker-worktrees/ui-venus-core200-20260905/runs/ui-venus-1.5-30b-a3b-adapted-direct-core200-delay3s/mdcbench_lite_v1/run_01/071_linux_android_1828/config/task.json,/Users/Admin/home/MDC_Benchmark_lite_ufo3/worker-worktrees/ui-venus-core200-20260905/runs/ui-venus-1.5-30b-a3b-adapted-direct-core200-delay3s/mdcbench_lite_v1/final_merged_status_after_infrastructure_repairs.json
ui-venus-1.5-30b-a3b,72,linux_android_1312,linux_android,1A+1L,run_01,/Users/Admin/home/MDC_Benchmark_lite_ufo3/worker-worktrees/ui-venus-core200-20260905/runs/ui-venus-1.5-30b-a3b-adapted-direct-core200-delay3s/mdcbench_lite_v1/run_01/072_linux_android_1312,sha256:6021bc9a5ee6688118b3a2f26038997c345afca4f38bcbcdc9e9c6c76327b866,final_merged_selected_attempt,FAIL,FAIL,lifecycle_valid,0.0,0.0,selected_attempt_evaluator_trace,50,373.982,max_steps,timeout,2,android+linux,linux_0+android_0,/Users/Admin/home/MDC_Benchmark_lite_ufo3/worker-worktrees/ui-venus-core200-20260905/runs/ui-venus-1.5-30b-a3b-adapted-direct-core200-delay3s/mdcbench_lite_v1/run_01/072_linux_android_1312/config/task.json,/Users/Admin/home/MDC_Benchmark_lite_ufo3/worker-worktrees/ui-venus-core200-20260905/runs/ui-venus-1.5-30b-a3b-adapted-direct-core200-delay3s/mdcbench_lite_v1/final_merged_status_after_infrastructure_repairs.json
ui-venus-1.5-30b-a3b,73,linux_android_1270,linux_android,1A+2L,run_01,/Users/Admin/home/MDC_Benchmark_lite_ufo3/worker-worktrees/ui-venus-core200-20260905/runs/ui-venus-1.5-30b-a3b-adapted-direct-core200-delay3s/mdcbench_lite_v1/run_01/073_linux_android_1270,sha256:9a7a3c2cecbb7295082f7e76f766cda4f8fc629f5db8d2d0b3ce11083701717b,final_merged_selected_attempt,FAIL,FAIL,lifecycle_valid,0.0,0.0,selected_attempt_evaluator_trace,50,349.527,max_steps,timeout,3,android+linux,linux_0+linux_1+android_0,/Users/Admin/home/MDC_Benchmark_lite_ufo3/worker-worktrees/ui-venus-core200-20260905/runs/ui-venus-1.5-30b-a3b-adapted-direct-core200-delay3s/mdcbench_lite_v1/run_01/073_linux_android_1270/config/task.json,/Users/Admin/home/MDC_Benchmark_lite_ufo3/worker-worktrees/ui-venus-core200-20260905/runs/ui-venus-1.5-30b-a3b-adapted-direct-core200-delay3s/mdcbench_lite_v1/final_merged_status_after_infrastructure_repairs.json
ui-venus-1.5-30b-a3b,74,linux_android_1208,linux_android,1A+1L,run_01,/Users/Admin/home/MDC_Benchmark_lite_ufo3/worker-worktrees/ui-venus-core200-20260905/runs/ui-venus-1.5-30b-a3b-adapted-direct-core200-delay3s/mdcbench_lite_v1/run_01/074_linux_android_1208,sha256:3e8be0a5851bca8e525f2629f10abf0fc3170992eaabeff3e9b1d0b117175e9f,final_merged_selected_attempt,FAIL,FAIL,lifecycle_valid,0.0,0.0,selected_attempt_evaluator_trace,50,372.459,max_steps,timeout,2,android+linux,linux_0+android_0,/Users/Admin/home/MDC_Benchmark_lite_ufo3/worker-worktrees/ui-venus-core200-20260905/runs/ui-venus-1.5-30b-a3b-adapted-direct-core200-delay3s/mdcbench_lite_v1/run_01/074_linux_android_1208/config/task.json,/Users/Admin/home/MDC_Benchmark_lite_ufo3/worker-worktrees/ui-venus-core200-20260905/runs/ui-venus-1.5-30b-a3b-adapted-direct-core200-delay3s/mdcbench_lite_v1/final_merged_status_after_infrastructure_repairs.json
ui-venus-1.5-30b-a3b,75,linux_android_1354,linux_android,1A+2L,run_01,/Users/Admin/home/MDC_Benchmark_lite_ufo3/worker-worktrees/ui-venus-core200-20260905/runs/ui-venus-1.5-30b-a3b-adapted-direct-core200-delay3s/mdcbench_lite_v1/run_01/075_linux_android_1354,sha256:6941c698906b2807688c78f3f749de90e1a21f9183aeb3db49dc5d343a319fbb,final_merged_selected_attempt,FAIL,FAIL,lifecycle_valid,0.0,0.0,selected_attempt_evaluator_trace,50,443.394,max_steps,timeout,3,android+linux,linux_0+linux_1+android_0,/Users/Admin/home/MDC_Benchmark_lite_ufo3/worker-worktrees/ui-venus-core200-20260905/runs/ui-venus-1.5-30b-a3b-adapted-direct-core200-delay3s/mdcbench_lite_v1/run_01/075_linux_android_1354/config/task.json,/Users/Admin/home/MDC_Benchmark_lite_ufo3/worker-worktrees/ui-venus-core200-20260905/runs/ui-venus-1.5-30b-a3b-adapted-direct-core200-delay3s/mdcbench_lite_v1/final_merged_status_after_infrastructure_repairs.json
ui-venus-1.5-30b-a3b,76,linux_android_smarthome_474,linux_android_smarthome,2A+1L+1H,repair_01,/Users/Admin/home/MDC_Benchmark_lite_ufo3/worker-worktrees/ui-venus-core200-20260905/runs/ui-venus-1.5-30b-a3b-adapted-direct-core200-delay3s/mdcbench_lite_v1/repair_01/076_linux_android_smarthome_474,sha256:4fa2374d17a41bea71926952116ba5104177a7ed9e2e9267443b6876ea3fb2be,final_merged_infrastructure_repair:lite_76,INFRASTRUCTURE_INVALID,PASS,lifecycle_valid,,1.0,official_repair_attempt_evaluator_trace,3,183.804,done,passed,4,android+home+linux,linux_0+android_0+android_1+home_0,/Users/Admin/home/MDC_Benchmark_lite_ufo3/worker-worktrees/ui-venus-core200-20260905/runs/ui-venus-1.5-30b-a3b-adapted-direct-core200-delay3s/mdcbench_lite_v1/repair_01/076_linux_android_smarthome_474/config/task.json,/Users/Admin/home/MDC_Benchmark_lite_ufo3/worker-worktrees/ui-venus-core200-20260905/runs/ui-venus-1.5-30b-a3b-adapted-direct-core200-delay3s/mdcbench_lite_v1/final_merged_status_after_infrastructure_repairs.json
ui-venus-1.5-30b-a3b,77,linux_android_smarthome_161,linux_android_smarthome,1A+1L+1H,run_01,/Users/Admin/home/MDC_Benchmark_lite_ufo3/worker-worktrees/ui-venus-core200-20260905/runs/ui-venus-1.5-30b-a3b-adapted-direct-core200-delay3s/mdcbench_lite_v1/run_01/077_linux_android_smarthome_161,sha256:0fd2849f43efce251ff96599792a8e9f2e1d62766d5f33917a1f99f920f9d9e5,final_merged_selected_attempt,FAIL,FAIL,lifecycle_valid,0.0,0.0,selected_attempt_evaluator_trace,50,381.847,max_steps,timeout,3,android+home+linux,linux_0+android_0+home_0,/Users/Admin/home/MDC_Benchmark_lite_ufo3/worker-worktrees/ui-venus-core200-20260905/runs/ui-venus-1.5-30b-a3b-adapted-direct-core200-delay3s/mdcbench_lite_v1/run_01/077_linux_android_smarthome_161/config/task.json,/Users/Admin/home/MDC_Benchmark_lite_ufo3/worker-worktrees/ui-venus-core200-20260905/runs/ui-venus-1.5-30b-a3b-adapted-direct-core200-delay3s/mdcbench_lite_v1/final_merged_status_after_infrastructure_repairs.json
ui-venus-1.5-30b-a3b,78,linux_android_smarthome_614,linux_android_smarthome,2A+1L+1H,repair_01,/Users/Admin/home/MDC_Benchmark_lite_ufo3/worker-worktrees/ui-venus-core200-20260905/runs/ui-venus-1.5-30b-a3b-adapted-direct-core200-delay3s/mdcbench_lite_v1/repair_01/078_linux_android_smarthome_614,sha256:db6709107a36351bc03846387fccf8cb87ae40f9890e7a8c9867248a5f7d2c88,final_merged_infrastructure_repair:lite_78,INFRASTRUCTURE_INVALID,FAIL,lifecycle_valid,,0.0,official_repair_attempt_evaluator_trace,50,500.668,max_steps,timeout,4,android+home+linux,linux_0+android_0+android_1+home_0,/Users/Admin/home/MDC_Benchmark_lite_ufo3/worker-worktrees/ui-venus-core200-20260905/runs/ui-venus-1.5-30b-a3b-adapted-direct-core200-delay3s/mdcbench_lite_v1/repair_01/078_linux_android_smarthome_614/config/task.json,/Users/Admin/home/MDC_Benchmark_lite_ufo3/worker-worktrees/ui-venus-core200-20260905/runs/ui-venus-1.5-30b-a3b-adapted-direct-core200-delay3s/mdcbench_lite_v1/final_merged_status_after_infrastructure_repairs.json
ui-venus-1.5-30b-a3b,79,linux_android_smarthome_466,linux_android_smarthome,2A+1L+1H,repair_01,/Users/Admin/home/MDC_Benchmark_lite_ufo3/worker-worktrees/ui-venus-core200-20260905/runs/ui-venus-1.5-30b-a3b-adapted-direct-core200-delay3s/mdcbench_lite_v1/repair_01/079_linux_android_smarthome_466,sha256:0359cd2f0df0e344c06d1af70a03f948857df71fe4cc1b01a54894d76363095f,final_merged_infrastructure_repair:lite_79,INFRASTRUCTURE_INVALID,FAIL,lifecycle_valid,,0.0,official_repair_attempt_evaluator_trace,50,473.455,max_steps,timeout,4,android+home+linux,linux_0+android_0+android_1+home_0,/Users/Admin/home/MDC_Benchmark_lite_ufo3/worker-worktrees/ui-venus-core200-20260905/runs/ui-venus-1.5-30b-a3b-adapted-direct-core200-delay3s/mdcbench_lite_v1/repair_01/079_linux_android_smarthome_466/config/task.json,/Users/Admin/home/MDC_Benchmark_lite_ufo3/worker-worktrees/ui-venus-core200-20260905/runs/ui-venus-1.5-30b-a3b-adapted-direct-core200-delay3s/mdcbench_lite_v1/final_merged_status_after_infrastructure_repairs.json
ui-venus-1.5-30b-a3b,80,linux_android_smarthome_696,linux_android_smarthome,1A+1L+1H,run_01,/Users/Admin/home/MDC_Benchmark_lite_ufo3/worker-worktrees/ui-venus-core200-20260905/runs/ui-venus-1.5-30b-a3b-adapted-direct-core200-delay3s/mdcbench_lite_v1/run_01/080_linux_android_smarthome_696,sha256:dcf252a44ff9fc078282bb6e054d046ebad97ae8a92f7deecf02f33bef62980f,final_merged_selected_attempt,FAIL,FAIL,lifecycle_valid,0.0,0.0,selected_attempt_evaluator_trace,50,395.881,max_steps,timeout,3,android+home+linux,linux_0+android_0+home_0,/Users/Admin/home/MDC_Benchmark_lite_ufo3/worker-worktrees/ui-venus-core200-20260905/runs/ui-venus-1.5-30b-a3b-adapted-direct-core200-delay3s/mdcbench_lite_v1/run_01/080_linux_android_smarthome_696/config/task.json,/Users/Admin/home/MDC_Benchmark_lite_ufo3/worker-worktrees/ui-venus-core200-20260905/runs/ui-venus-1.5-30b-a3b-adapted-direct-core200-delay3s/mdcbench_lite_v1/final_merged_status_after_infrastructure_repairs.json
ui-venus-1.5-30b-a3b,81,linux_android_smarthome_897,linux_android_smarthome,1A+2L+1H,run_01,/Users/Admin/home/MDC_Benchmark_lite_ufo3/worker-worktrees/ui-venus-core200-20260905/runs/ui-venus-1.5-30b-a3b-adapted-direct-core200-delay3s/mdcbench_lite_v1/run_01/081_linux_android_smarthome_897,sha256:e421ecf518aa8c4a2bdf5a0f6281f8e99c08b5fe6dd6cf8dd569ecc3e0414e0b,final_merged_selected_attempt,FAIL,FAIL,lifecycle_valid,0.25,0.25,selected_attempt_evaluator_trace,50,482.771,max_steps,timeout,4,android+home+linux,linux_0+linux_1+android_0+home_0,/Users/Admin/home/MDC_Benchmark_lite_ufo3/worker-worktrees/ui-venus-core200-20260905/runs/ui-venus-1.5-30b-a3b-adapted-direct-core200-delay3s/mdcbench_lite_v1/run_01/081_linux_android_smarthome_897/config/task.json,/Users/Admin/home/MDC_Benchmark_lite_ufo3/worker-worktrees/ui-venus-core200-20260905/runs/ui-venus-1.5-30b-a3b-adapted-direct-core200-delay3s/mdcbench_lite_v1/final_merged_status_after_infrastructure_repairs.json
ui-venus-1.5-30b-a3b,82,linux_android_smarthome_271,linux_android_smarthome,1A+1L+1H,run_01,/Users/Admin/home/MDC_Benchmark_lite_ufo3/worker-worktrees/ui-venus-core200-20260905/runs/ui-venus-1.5-30b-a3b-adapted-direct-core200-delay3s/mdcbench_lite_v1/run_01/082_linux_android_smarthome_271,sha256:90c7433aa3273bfbbbc0746506898c7aad56166535c80af1f71d9080b81f206a,final_merged_selected_attempt,FAIL,FAIL,lifecycle_valid,0.0,0.0,selected_attempt_evaluator_trace,50,405.602,max_steps,timeout,3,android+home+linux,linux_0+android_0+home_0,/Users/Admin/home/MDC_Benchmark_lite_ufo3/worker-worktrees/ui-venus-core200-20260905/runs/ui-venus-1.5-30b-a3b-adapted-direct-core200-delay3s/mdcbench_lite_v1/run_01/082_linux_android_smarthome_271/config/task.json,/Users/Admin/home/MDC_Benchmark_lite_ufo3/worker-worktrees/ui-venus-core200-20260905/runs/ui-venus-1.5-30b-a3b-adapted-direct-core200-delay3s/mdcbench_lite_v1/final_merged_status_after_infrastructure_repairs.json
ui-venus-1.5-30b-a3b,83,linux_android_smarthome_288,linux_android_smarthome,1A+1L+1H,run_01,/Users/Admin/home/MDC_Benchmark_lite_ufo3/worker-worktrees/ui-venus-core200-20260905/runs/ui-venus-1.5-30b-a3b-adapted-direct-core200-delay3s/mdcbench_lite_v1/run_01/083_linux_android_smarthome_288,sha256:69686370543ce9563b42a844f99fca4f6f65f013a9f0f51b5e5cb46f928ed9f6,final_merged_selected_attempt,FAIL,FAIL,lifecycle_valid,0.0,0.0,selected_attempt_evaluator_trace,50,551.344,max_steps,timeout,3,android+home+linux,linux_0+android_0+home_0,/Users/Admin/home/MDC_Benchmark_lite_ufo3/worker-worktrees/ui-venus-core200-20260905/runs/ui-venus-1.5-30b-a3b-adapted-direct-core200-delay3s/mdcbench_lite_v1/run_01/083_linux_android_smarthome_288/config/task.json,/Users/Admin/home/MDC_Benchmark_lite_ufo3/worker-worktrees/ui-venus-core200-20260905/runs/ui-venus-1.5-30b-a3b-adapted-direct-core200-delay3s/mdcbench_lite_v1/final_merged_status_after_infrastructure_repairs.json
ui-venus-1.5-30b-a3b,84,linux_android_smarthome_475,linux_android_smarthome,2A+1L+1H,repair_02,/Users/Admin/home/MDC_Benchmark_lite_ufo3/worker-worktrees/ui-venus-core200-20260905/runs/ui-venus-1.5-30b-a3b-adapted-direct-core200-delay3s/mdcbench_lite_v1/repair_02/084_linux_android_smarthome_475,sha256:7e6c3ac1e13f792829bdb4c1dd432e845bc25d11089c9e056a725c26ffe34301,final_merged_infrastructure_repair:lite_84,INFRASTRUCTURE_INVALID,FAIL,lifecycle_valid,,0.0,official_repair_attempt_evaluator_trace,50,446.348,max_steps,timeout,4,android+home+linux,linux_0+android_0+android_1+home_0,/Users/Admin/home/MDC_Benchmark_lite_ufo3/worker-worktrees/ui-venus-core200-20260905/runs/ui-venus-1.5-30b-a3b-adapted-direct-core200-delay3s/mdcbench_lite_v1/repair_02/084_linux_android_smarthome_475/config/task.json,/Users/Admin/home/MDC_Benchmark_lite_ufo3/worker-worktrees/ui-venus-core200-20260905/runs/ui-venus-1.5-30b-a3b-adapted-direct-core200-delay3s/mdcbench_lite_v1/final_merged_status_after_infrastructure_repairs.json
ui-venus-1.5-30b-a3b,85,linux_android_smarthome_792,linux_android_smarthome,1A+1L+1H,run_01,/Users/Admin/home/MDC_Benchmark_lite_ufo3/worker-worktrees/ui-venus-core200-20260905/runs/ui-venus-1.5-30b-a3b-adapted-direct-core200-delay3s/mdcbench_lite_v1/run_01/085_linux_android_smarthome_792,sha256:7330c3c10d14d163b3d4fb4980a5f3db84a02a358bf9d1883fa1fc1c66b9ac5c,final_merged_selected_attempt,FAIL,FAIL,lifecycle_valid,0.0,0.0,selected_attempt_evaluator_trace,50,400.766,max_steps,timeout,3,android+home+linux,linux_0+android_0+home_0,/Users/Admin/home/MDC_Benchmark_lite_ufo3/worker-worktrees/ui-venus-core200-20260905/runs/ui-venus-1.5-30b-a3b-adapted-direct-core200-delay3s/mdcbench_lite_v1/run_01/085_linux_android_smarthome_792/config/task.json,/Users/Admin/home/MDC_Benchmark_lite_ufo3/worker-worktrees/ui-venus-core200-20260905/runs/ui-venus-1.5-30b-a3b-adapted-direct-core200-delay3s/mdcbench_lite_v1/final_merged_status_after_infrastructure_repairs.json
ui-venus-1.5-30b-a3b,86,linux_android_smarthome_104,linux_android_smarthome,1A+1L+1H,run_01,/Users/Admin/home/MDC_Benchmark_lite_ufo3/worker-worktrees/ui-venus-core200-20260905/runs/ui-venus-1.5-30b-a3b-adapted-direct-core200-delay3s/mdcbench_lite_v1/run_01/086_linux_android_smarthome_104,sha256:63636e27514248ca7bf8f47e9c4b056a8bfdc47b106a6b4d5bd5e0cfdfef83f5,final_merged_selected_attempt,FAIL,FAIL,lifecycle_valid,0.0,0.0,selected_attempt_evaluator_trace,50,419.114,max_steps,timeout,3,android+home+linux,linux_0+android_0+home_0,/Users/Admin/home/MDC_Benchmark_lite_ufo3/worker-worktrees/ui-venus-core200-20260905/runs/ui-venus-1.5-30b-a3b-adapted-direct-core200-delay3s/mdcbench_lite_v1/run_01/086_linux_android_smarthome_104/config/task.json,/Users/Admin/home/MDC_Benchmark_lite_ufo3/worker-worktrees/ui-venus-core200-20260905/runs/ui-venus-1.5-30b-a3b-adapted-direct-core200-delay3s/mdcbench_lite_v1/final_merged_status_after_infrastructure_repairs.json
ui-venus-1.5-30b-a3b,87,linux_android_smarthome_029,linux_android_smarthome,1A+1L+1H,run_01,/Users/Admin/home/MDC_Benchmark_lite_ufo3/worker-worktrees/ui-venus-core200-20260905/runs/ui-venus-1.5-30b-a3b-adapted-direct-core200-delay3s/mdcbench_lite_v1/run_01/087_linux_android_smarthome_029,sha256:0370bc0158cb50c0bb3a07ee266b0c9c353b58b2dde2a5dd19ff040a07dab310,final_merged_selected_attempt,FAIL,FAIL,lifecycle_valid,0.0,0.0,selected_attempt_evaluator_trace,50,397.657,max_steps,timeout,3,android+home+linux,linux_0+android_0+home_0,/Users/Admin/home/MDC_Benchmark_lite_ufo3/worker-worktrees/ui-venus-core200-20260905/runs/ui-venus-1.5-30b-a3b-adapted-direct-core200-delay3s/mdcbench_lite_v1/run_01/087_linux_android_smarthome_029/config/task.json,/Users/Admin/home/MDC_Benchmark_lite_ufo3/worker-worktrees/ui-venus-core200-20260905/runs/ui-venus-1.5-30b-a3b-adapted-direct-core200-delay3s/mdcbench_lite_v1/final_merged_status_after_infrastructure_repairs.json
ui-venus-1.5-30b-a3b,88,linux_android_smarthome_113,linux_android_smarthome,1A+1L+1H,run_01,/Users/Admin/home/MDC_Benchmark_lite_ufo3/worker-worktrees/ui-venus-core200-20260905/runs/ui-venus-1.5-30b-a3b-adapted-direct-core200-delay3s/mdcbench_lite_v1/run_01/088_linux_android_smarthome_113,sha256:86a3eaa8ce00d2737c6b4126ca513c3df1ee279c28e6494e5626c46eb67c0114,final_merged_selected_attempt,FAIL,FAIL,lifecycle_valid,0.0,0.0,selected_attempt_evaluator_trace,50,484.679,max_steps,timeout,3,android+home+linux,linux_0+android_0+home_0,/Users/Admin/home/MDC_Benchmark_lite_ufo3/worker-worktrees/ui-venus-core200-20260905/runs/ui-venus-1.5-30b-a3b-adapted-direct-core200-delay3s/mdcbench_lite_v1/run_01/088_linux_android_smarthome_113/config/task.json,/Users/Admin/home/MDC_Benchmark_lite_ufo3/worker-worktrees/ui-venus-core200-20260905/runs/ui-venus-1.5-30b-a3b-adapted-direct-core200-delay3s/mdcbench_lite_v1/final_merged_status_after_infrastructure_repairs.json
ui-venus-1.5-30b-a3b,89,linux_android_smarthome_025,linux_android_smarthome,1A+1L+1H,run_01,/Users/Admin/home/MDC_Benchmark_lite_ufo3/worker-worktrees/ui-venus-core200-20260905/runs/ui-venus-1.5-30b-a3b-adapted-direct-core200-delay3s/mdcbench_lite_v1/run_01/089_linux_android_smarthome_025,sha256:f5e1c567fbda8ff858dfab550ec4ec2e44b9d60d25a50c944963a40eb31ee000,final_merged_selected_attempt,FAIL,FAIL,lifecycle_valid,0.0,0.0,selected_attempt_evaluator_trace,50,458.19,max_steps,timeout,3,android+home+linux,linux_0+android_0+home_0,/Users/Admin/home/MDC_Benchmark_lite_ufo3/worker-worktrees/ui-venus-core200-20260905/runs/ui-venus-1.5-30b-a3b-adapted-direct-core200-delay3s/mdcbench_lite_v1/run_01/089_linux_android_smarthome_025/config/task.json,/Users/Admin/home/MDC_Benchmark_lite_ufo3/worker-worktrees/ui-venus-core200-20260905/runs/ui-venus-1.5-30b-a3b-adapted-direct-core200-delay3s/mdcbench_lite_v1/final_merged_status_after_infrastructure_repairs.json
ui-venus-1.5-30b-a3b,90,linux_android_smarthome_185,linux_android_smarthome,1A+1L+1H,run_01,/Users/Admin/home/MDC_Benchmark_lite_ufo3/worker-worktrees/ui-venus-core200-20260905/runs/ui-venus-1.5-30b-a3b-adapted-direct-core200-delay3s/mdcbench_lite_v1/run_01/090_linux_android_smarthome_185,sha256:bcbda76075e367524ff174470af69f53041600b2d6cc362eb0be0885c95f9f55,final_merged_selected_attempt,FAIL,FAIL,lifecycle_valid,0.6666666666666666,0.6666666666666666,selected_attempt_evaluator_trace,26,324.689,done,model_behavior,3,android+home+linux,linux_0+android_0+home_0,/Users/Admin/home/MDC_Benchmark_lite_ufo3/worker-worktrees/ui-venus-core200-20260905/runs/ui-venus-1.5-30b-a3b-adapted-direct-core200-delay3s/mdcbench_lite_v1/run_01/090_linux_android_smarthome_185/config/task.json,/Users/Admin/home/MDC_Benchmark_lite_ufo3/worker-worktrees/ui-venus-core200-20260905/runs/ui-venus-1.5-30b-a3b-adapted-direct-core200-delay3s/mdcbench_lite_v1/final_merged_status_after_infrastructure_repairs.json
ui-venus-1.5-30b-a3b,91,linux_android_smarthome_002,linux_android_smarthome,1A+1L+1H,run_01,/Users/Admin/home/MDC_Benchmark_lite_ufo3/worker-worktrees/ui-venus-core200-20260905/runs/ui-venus-1.5-30b-a3b-adapted-direct-core200-delay3s/mdcbench_lite_v1/run_01/091_linux_android_smarthome_002,sha256:494d8d16a9aae2b1ffa86ba63a6fb8f179421bdd99d00cd77cebc65a7831a709,final_merged_selected_attempt,FAIL,FAIL,lifecycle_valid,0.0,0.0,selected_attempt_evaluator_trace,50,367.689,max_steps,timeout,3,android+home+linux,linux_0+android_0+home_0,/Users/Admin/home/MDC_Benchmark_lite_ufo3/worker-worktrees/ui-venus-core200-20260905/runs/ui-venus-1.5-30b-a3b-adapted-direct-core200-delay3s/mdcbench_lite_v1/run_01/091_linux_android_smarthome_002/config/task.json,/Users/Admin/home/MDC_Benchmark_lite_ufo3/worker-worktrees/ui-venus-core200-20260905/runs/ui-venus-1.5-30b-a3b-adapted-direct-core200-delay3s/mdcbench_lite_v1/final_merged_status_after_infrastructure_repairs.json
ui-venus-1.5-30b-a3b,92,linux_android_smarthome_077,linux_android_smarthome,1A+1L+1H,run_01,/Users/Admin/home/MDC_Benchmark_lite_ufo3/worker-worktrees/ui-venus-core200-20260905/runs/ui-venus-1.5-30b-a3b-adapted-direct-core200-delay3s/mdcbench_lite_v1/run_01/092_linux_android_smarthome_077,sha256:8bec191f0b69a853561609a81b25aa7eaa28b0259c329985a5ae329a7bff28ac,final_merged_selected_attempt,FAIL,FAIL,lifecycle_valid,0.0,0.0,selected_attempt_evaluator_trace,50,430.654,max_steps,timeout,3,android+home+linux,linux_0+android_0+home_0,/Users/Admin/home/MDC_Benchmark_lite_ufo3/worker-worktrees/ui-venus-core200-20260905/runs/ui-venus-1.5-30b-a3b-adapted-direct-core200-delay3s/mdcbench_lite_v1/run_01/092_linux_android_smarthome_077/config/task.json,/Users/Admin/home/MDC_Benchmark_lite_ufo3/worker-worktrees/ui-venus-core200-20260905/runs/ui-venus-1.5-30b-a3b-adapted-direct-core200-delay3s/mdcbench_lite_v1/final_merged_status_after_infrastructure_repairs.json
ui-venus-1.5-30b-a3b,93,linux_android_smarthome_338,linux_android_smarthome,2A+1L+1H,repair_01,/Users/Admin/home/MDC_Benchmark_lite_ufo3/worker-worktrees/ui-venus-core200-20260905/runs/ui-venus-1.5-30b-a3b-adapted-direct-core200-delay3s/mdcbench_lite_v1/repair_01/093_linux_android_smarthome_338,sha256:36994d76ea8a01b38b7825f604bc9a83a0671882fd873ada7ec571fb8c4818b8,final_merged_infrastructure_repair:lite_93,INFRASTRUCTURE_INVALID,FAIL,lifecycle_valid,,0.0,official_repair_attempt_evaluator_trace,50,405.966,max_steps,timeout,4,android+home+linux,linux_0+android_0+android_1+home_0,/Users/Admin/home/MDC_Benchmark_lite_ufo3/worker-worktrees/ui-venus-core200-20260905/runs/ui-venus-1.5-30b-a3b-adapted-direct-core200-delay3s/mdcbench_lite_v1/repair_01/093_linux_android_smarthome_338/config/task.json,/Users/Admin/home/MDC_Benchmark_lite_ufo3/worker-worktrees/ui-venus-core200-20260905/runs/ui-venus-1.5-30b-a3b-adapted-direct-core200-delay3s/mdcbench_lite_v1/final_merged_status_after_infrastructure_repairs.json
ui-venus-1.5-30b-a3b,94,linux_android_smarthome_423,linux_android_smarthome,2A+1L+1H,repair_01,/Users/Admin/home/MDC_Benchmark_lite_ufo3/worker-worktrees/ui-venus-core200-20260905/runs/ui-venus-1.5-30b-a3b-adapted-direct-core200-delay3s/mdcbench_lite_v1/repair_01/094_linux_android_smarthome_423,sha256:869b8c487e965f5635f58866dbe83be32eba77fd1727b7c24fbaa065c78d6317,final_merged_infrastructure_repair:lite_94,INFRASTRUCTURE_INVALID,FAIL,lifecycle_valid,,0.0,official_repair_attempt_evaluator_trace,50,474.325,max_steps,timeout,4,android+home+linux,linux_0+android_0+android_1+home_0,/Users/Admin/home/MDC_Benchmark_lite_ufo3/worker-worktrees/ui-venus-core200-20260905/runs/ui-venus-1.5-30b-a3b-adapted-direct-core200-delay3s/mdcbench_lite_v1/repair_01/094_linux_android_smarthome_423/config/task.json,/Users/Admin/home/MDC_Benchmark_lite_ufo3/worker-worktrees/ui-venus-core200-20260905/runs/ui-venus-1.5-30b-a3b-adapted-direct-core200-delay3s/mdcbench_lite_v1/final_merged_status_after_infrastructure_repairs.json
ui-venus-1.5-30b-a3b,95,linux_android_smarthome_005,linux_android_smarthome,1A+1L+1H,run_01,/Users/Admin/home/MDC_Benchmark_lite_ufo3/worker-worktrees/ui-venus-core200-20260905/runs/ui-venus-1.5-30b-a3b-adapted-direct-core200-delay3s/mdcbench_lite_v1/run_01/095_linux_android_smarthome_005,sha256:88a444272e98cb44647627428c3cd0c757f8e06ef54ef64a4a83802e90f4a8b9,final_merged_selected_attempt,FAIL,FAIL,lifecycle_valid,0.25,0.25,selected_attempt_evaluator_trace,50,426.168,max_steps,timeout,3,android+home+linux,linux_0+android_0+home_0,/Users/Admin/home/MDC_Benchmark_lite_ufo3/worker-worktrees/ui-venus-core200-20260905/runs/ui-venus-1.5-30b-a3b-adapted-direct-core200-delay3s/mdcbench_lite_v1/run_01/095_linux_android_smarthome_005/config/task.json,/Users/Admin/home/MDC_Benchmark_lite_ufo3/worker-worktrees/ui-venus-core200-20260905/runs/ui-venus-1.5-30b-a3b-adapted-direct-core200-delay3s/mdcbench_lite_v1/final_merged_status_after_infrastructure_repairs.json
ui-venus-1.5-30b-a3b,96,linux_android_smarthome_422,linux_android_smarthome,2A+1L+1H,repair_01,/Users/Admin/home/MDC_Benchmark_lite_ufo3/worker-worktrees/ui-venus-core200-20260905/runs/ui-venus-1.5-30b-a3b-adapted-direct-core200-delay3s/mdcbench_lite_v1/repair_01/096_linux_android_smarthome_422,sha256:657a444954a19c73db2b86e82ca12c9dc964639af868a04f17d481d7233cfcf5,final_merged_infrastructure_repair:lite_96,INFRASTRUCTURE_INVALID,FAIL,lifecycle_valid,,0.0,official_repair_attempt_evaluator_trace,50,581.248,max_steps,timeout,4,android+home+linux,linux_0+android_0+android_1+home_0,/Users/Admin/home/MDC_Benchmark_lite_ufo3/worker-worktrees/ui-venus-core200-20260905/runs/ui-venus-1.5-30b-a3b-adapted-direct-core200-delay3s/mdcbench_lite_v1/repair_01/096_linux_android_smarthome_422/config/task.json,/Users/Admin/home/MDC_Benchmark_lite_ufo3/worker-worktrees/ui-venus-core200-20260905/runs/ui-venus-1.5-30b-a3b-adapted-direct-core200-delay3s/mdcbench_lite_v1/final_merged_status_after_infrastructure_repairs.json
ui-venus-1.5-30b-a3b,97,linux_android_smarthome_439,linux_android_smarthome,2A+1L+1H,repair_01,/Users/Admin/home/MDC_Benchmark_lite_ufo3/worker-worktrees/ui-venus-core200-20260905/runs/ui-venus-1.5-30b-a3b-adapted-direct-core200-delay3s/mdcbench_lite_v1/repair_01/097_linux_android_smarthome_439,sha256:c4c8c201fbf476e5e1f31a6d4391c91cfe9f7bc1ccecada7388300173daf42c6,final_merged_infrastructure_repair:lite_97,INFRASTRUCTURE_INVALID,FAIL,lifecycle_valid,,0.0,official_repair_attempt_evaluator_trace,50,417.432,max_steps,timeout,4,android+home+linux,linux_0+android_0+android_1+home_0,/Users/Admin/home/MDC_Benchmark_lite_ufo3/worker-worktrees/ui-venus-core200-20260905/runs/ui-venus-1.5-30b-a3b-adapted-direct-core200-delay3s/mdcbench_lite_v1/repair_01/097_linux_android_smarthome_439/config/task.json,/Users/Admin/home/MDC_Benchmark_lite_ufo3/worker-worktrees/ui-venus-core200-20260905/runs/ui-venus-1.5-30b-a3b-adapted-direct-core200-delay3s/mdcbench_lite_v1/final_merged_status_after_infrastructure_repairs.json
ui-venus-1.5-30b-a3b,98,linux_android_smarthome_457,linux_android_smarthome,2A+1L+1H,repair_01,/Users/Admin/home/MDC_Benchmark_lite_ufo3/worker-worktrees/ui-venus-core200-20260905/runs/ui-venus-1.5-30b-a3b-adapted-direct-core200-delay3s/mdcbench_lite_v1/repair_01/098_linux_android_smarthome_457,sha256:b0983f2430e3a98147386d27a27c5666ac7b5b263a5ba5b80ffd187fd38e99e0,final_merged_infrastructure_repair:lite_98,INFRASTRUCTURE_INVALID,FAIL,lifecycle_valid,,0.0,official_repair_attempt_evaluator_trace,50,480.199,max_steps,timeout,4,android+home+linux,linux_0+android_0+android_1+home_0,/Users/Admin/home/MDC_Benchmark_lite_ufo3/worker-worktrees/ui-venus-core200-20260905/runs/ui-venus-1.5-30b-a3b-adapted-direct-core200-delay3s/mdcbench_lite_v1/repair_01/098_linux_android_smarthome_457/config/task.json,/Users/Admin/home/MDC_Benchmark_lite_ufo3/worker-worktrees/ui-venus-core200-20260905/runs/ui-venus-1.5-30b-a3b-adapted-direct-core200-delay3s/mdcbench_lite_v1/final_merged_status_after_infrastructure_repairs.json
ui-venus-1.5-30b-a3b,99,linux_android_smarthome_609,linux_android_smarthome,2A+1L+1H,repair_01,/Users/Admin/home/MDC_Benchmark_lite_ufo3/worker-worktrees/ui-venus-core200-20260905/runs/ui-venus-1.5-30b-a3b-adapted-direct-core200-delay3s/mdcbench_lite_v1/repair_01/099_linux_android_smarthome_609,sha256:fb18c703a4b51d85ad3edbf8c9d0df02b53f73d4d2ba44b0e5e10c2420bb97df,final_merged_infrastructure_repair:lite_99,INFRASTRUCTURE_INVALID,FAIL,lifecycle_valid,,0.0,official_repair_attempt_evaluator_trace,50,488.581,max_steps,timeout,4,android+home+linux,linux_0+android_0+android_1+home_0,/Users/Admin/home/MDC_Benchmark_lite_ufo3/worker-worktrees/ui-venus-core200-20260905/runs/ui-venus-1.5-30b-a3b-adapted-direct-core200-delay3s/mdcbench_lite_v1/repair_01/099_linux_android_smarthome_609/config/task.json,/Users/Admin/home/MDC_Benchmark_lite_ufo3/worker-worktrees/ui-venus-core200-20260905/runs/ui-venus-1.5-30b-a3b-adapted-direct-core200-delay3s/mdcbench_lite_v1/final_merged_status_after_infrastructure_repairs.json
ui-venus-1.5-30b-a3b,100,linux_android_smarthome_877,linux_android_smarthome,1A+2L+1H,run_01,/Users/Admin/home/MDC_Benchmark_lite_ufo3/worker-worktrees/ui-venus-core200-20260905/runs/ui-venus-1.5-30b-a3b-adapted-direct-core200-delay3s/mdcbench_lite_v1/run_01/100_linux_android_smarthome_877,sha256:7f01b1d673419d0f407e1f037f48e00ad64c8caa410c7901bc575f7650cb687f,final_merged_selected_attempt,FAIL,FAIL,lifecycle_valid,0.0,0.0,selected_attempt_evaluator_trace,50,475.286,max_steps,timeout,4,android+home+linux,linux_0+linux_1+android_0+home_0,/Users/Admin/home/MDC_Benchmark_lite_ufo3/worker-worktrees/ui-venus-core200-20260905/runs/ui-venus-1.5-30b-a3b-adapted-direct-core200-delay3s/mdcbench_lite_v1/run_01/100_linux_android_smarthome_877/config/task.json,/Users/Admin/home/MDC_Benchmark_lite_ufo3/worker-worktrees/ui-venus-core200-20260905/runs/ui-venus-1.5-30b-a3b-adapted-direct-core200-delay3s/mdcbench_lite_v1/final_merged_status_after_infrastructure_repairs.json
ui-venus-1.5-30b-a3b,101,linux_android_smarthome_472,linux_android_smarthome,2A+1L+1H,repair_01,/Users/Admin/home/MDC_Benchmark_lite_ufo3/worker-worktrees/ui-venus-core200-20260905/runs/ui-venus-1.5-30b-a3b-adapted-direct-core200-delay3s/mdcbench_lite_v1/repair_01/101_linux_android_smarthome_472,sha256:41c89281281b00ca4cce82a29e5acb94f13f72cc7887a8605f8640b14840913a,final_merged_infrastructure_repair:lite_101,INFRASTRUCTURE_INVALID,FAIL,lifecycle_valid,,0.0,official_repair_attempt_evaluator_trace,50,501.588,max_steps,timeout,4,android+home+linux,linux_0+android_0+android_1+home_0,/Users/Admin/home/MDC_Benchmark_lite_ufo3/worker-worktrees/ui-venus-core200-20260905/runs/ui-venus-1.5-30b-a3b-adapted-direct-core200-delay3s/mdcbench_lite_v1/repair_01/101_linux_android_smarthome_472/config/task.json,/Users/Admin/home/MDC_Benchmark_lite_ufo3/worker-worktrees/ui-venus-core200-20260905/runs/ui-venus-1.5-30b-a3b-adapted-direct-core200-delay3s/mdcbench_lite_v1/final_merged_status_after_infrastructure_repairs.json
ui-venus-1.5-30b-a3b,102,linux_android_smarthome_909,linux_android_smarthome,1A+2L+1H,run_01,/Users/Admin/home/MDC_Benchmark_lite_ufo3/worker-worktrees/ui-venus-core200-20260905/runs/ui-venus-1.5-30b-a3b-adapted-direct-core200-delay3s/mdcbench_lite_v1/run_01/102_linux_android_smarthome_909,sha256:0c8da5f90a6c6cc0aed46ae98ae3d2d2e5df00be66f5ad76e9eee13cb88ad9e9,final_merged_selected_attempt,FAIL,FAIL,lifecycle_valid,0.3333333333333333,0.3333333333333333,selected_attempt_evaluator_trace,50,552.099,max_steps,timeout,4,android+home+linux,linux_0+linux_1+android_0+home_0,/Users/Admin/home/MDC_Benchmark_lite_ufo3/worker-worktrees/ui-venus-core200-20260905/runs/ui-venus-1.5-30b-a3b-adapted-direct-core200-delay3s/mdcbench_lite_v1/run_01/102_linux_android_smarthome_909/config/task.json,/Users/Admin/home/MDC_Benchmark_lite_ufo3/worker-worktrees/ui-venus-core200-20260905/runs/ui-venus-1.5-30b-a3b-adapted-direct-core200-delay3s/mdcbench_lite_v1/final_merged_status_after_infrastructure_repairs.json
ui-venus-1.5-30b-a3b,103,linux_android_smarthome_287,linux_android_smarthome,1A+1L+1H,run_01,/Users/Admin/home/MDC_Benchmark_lite_ufo3/worker-worktrees/ui-venus-core200-20260905/runs/ui-venus-1.5-30b-a3b-adapted-direct-core200-delay3s/mdcbench_lite_v1/run_01/103_linux_android_smarthome_287,sha256:3d66b5fb56c4e1eb02c031e3552423a08d2d0bba9b0e1278d46039e076f3f1df,final_merged_selected_attempt,FAIL,FAIL,lifecycle_valid,0.5,0.5,selected_attempt_evaluator_trace,50,398.85,max_steps,timeout,3,android+home+linux,linux_0+android_0+home_0,/Users/Admin/home/MDC_Benchmark_lite_ufo3/worker-worktrees/ui-venus-core200-20260905/runs/ui-venus-1.5-30b-a3b-adapted-direct-core200-delay3s/mdcbench_lite_v1/run_01/103_linux_android_smarthome_287/config/task.json,/Users/Admin/home/MDC_Benchmark_lite_ufo3/worker-worktrees/ui-venus-core200-20260905/runs/ui-venus-1.5-30b-a3b-adapted-direct-core200-delay3s/mdcbench_lite_v1/final_merged_status_after_infrastructure_repairs.json
ui-venus-1.5-30b-a3b,104,linux_android_smarthome_470,linux_android_smarthome,2A+1L+1H,repair_01,/Users/Admin/home/MDC_Benchmark_lite_ufo3/worker-worktrees/ui-venus-core200-20260905/runs/ui-venus-1.5-30b-a3b-adapted-direct-core200-delay3s/mdcbench_lite_v1/repair_01/104_linux_android_smarthome_470,sha256:651361d67253c4c2eb972f95b1630cbc6c0ccff7d69dc9e8e8da78c3af660863,final_merged_infrastructure_repair:lite_104,INFRASTRUCTURE_INVALID,FAIL,lifecycle_valid,,0.0,official_repair_attempt_evaluator_trace,50,533.374,max_steps,timeout,4,android+home+linux,linux_0+android_0+android_1+home_0,/Users/Admin/home/MDC_Benchmark_lite_ufo3/worker-worktrees/ui-venus-core200-20260905/runs/ui-venus-1.5-30b-a3b-adapted-direct-core200-delay3s/mdcbench_lite_v1/repair_01/104_linux_android_smarthome_470/config/task.json,/Users/Admin/home/MDC_Benchmark_lite_ufo3/worker-worktrees/ui-venus-core200-20260905/runs/ui-venus-1.5-30b-a3b-adapted-direct-core200-delay3s/mdcbench_lite_v1/final_merged_status_after_infrastructure_repairs.json
ui-venus-1.5-30b-a3b,105,linux_android_smarthome_941,linux_android_smarthome,1A+2L+1H,run_01,/Users/Admin/home/MDC_Benchmark_lite_ufo3/worker-worktrees/ui-venus-core200-20260905/runs/ui-venus-1.5-30b-a3b-adapted-direct-core200-delay3s/mdcbench_lite_v1/run_01/105_linux_android_smarthome_941,sha256:a8ada48bdeece6aee4377b8ee1425408bc35650b79e5a075a0dbf74e07cc5f28,final_merged_selected_attempt,FAIL,FAIL,lifecycle_valid,0.3333333333333333,0.3333333333333333,selected_attempt_evaluator_trace,50,466.72,max_steps,timeout,4,android+home+linux,linux_0+linux_1+android_0+home_0,/Users/Admin/home/MDC_Benchmark_lite_ufo3/worker-worktrees/ui-venus-core200-20260905/runs/ui-venus-1.5-30b-a3b-adapted-direct-core200-delay3s/mdcbench_lite_v1/run_01/105_linux_android_smarthome_941/config/task.json,/Users/Admin/home/MDC_Benchmark_lite_ufo3/worker-worktrees/ui-venus-core200-20260905/runs/ui-venus-1.5-30b-a3b-adapted-direct-core200-delay3s/mdcbench_lite_v1/final_merged_status_after_infrastructure_repairs.json
ui-venus-1.5-30b-a3b,106,linux_smarthome_454,linux_smarthome,linux_smarthome,run_01,/Users/Admin/home/MDC_Benchmark_lite_ufo3/worker-worktrees/ui-venus-core200-20260905/runs/ui-venus-1.5-30b-a3b-adapted-direct-core200-delay3s/mdcbench_lite_v1/run_01/106_linux_smarthome_454,sha256:85baa80d326f4806bd87cfeae7861b771e432786dc451254338ce7fa02615d4d,final_merged_selected_attempt,FAIL,FAIL,lifecycle_valid,0.0,0.0,selected_attempt_evaluator_trace,50,309.276,max_steps,timeout,2,home+linux,linux_0+home_0,/Users/Admin/home/MDC_Benchmark_lite_ufo3/worker-worktrees/ui-venus-core200-20260905/runs/ui-venus-1.5-30b-a3b-adapted-direct-core200-delay3s/mdcbench_lite_v1/run_01/106_linux_smarthome_454/config/task.json,/Users/Admin/home/MDC_Benchmark_lite_ufo3/worker-worktrees/ui-venus-core200-20260905/runs/ui-venus-1.5-30b-a3b-adapted-direct-core200-delay3s/mdcbench_lite_v1/final_merged_status_after_infrastructure_repairs.json
ui-venus-1.5-30b-a3b,107,linux_smarthome_350,linux_smarthome,linux_smarthome,run_01,/Users/Admin/home/MDC_Benchmark_lite_ufo3/worker-worktrees/ui-venus-core200-20260905/runs/ui-venus-1.5-30b-a3b-adapted-direct-core200-delay3s/mdcbench_lite_v1/run_01/107_linux_smarthome_350,sha256:29f5fd77384253f2606ac0132eeab914893feb0e98808cba43be198070a6c842,final_merged_selected_attempt,FAIL,FAIL,lifecycle_valid,0.5,0.5,selected_attempt_evaluator_trace,50,244.586,max_steps,timeout,2,home+linux,linux_0+home_0,/Users/Admin/home/MDC_Benchmark_lite_ufo3/worker-worktrees/ui-venus-core200-20260905/runs/ui-venus-1.5-30b-a3b-adapted-direct-core200-delay3s/mdcbench_lite_v1/run_01/107_linux_smarthome_350/config/task.json,/Users/Admin/home/MDC_Benchmark_lite_ufo3/worker-worktrees/ui-venus-core200-20260905/runs/ui-venus-1.5-30b-a3b-adapted-direct-core200-delay3s/mdcbench_lite_v1/final_merged_status_after_infrastructure_repairs.json
ui-venus-1.5-30b-a3b,108,linux_smarthome_520,linux_smarthome,2linux_smarthome,run_01,/Users/Admin/home/MDC_Benchmark_lite_ufo3/worker-worktrees/ui-venus-core200-20260905/runs/ui-venus-1.5-30b-a3b-adapted-direct-core200-delay3s/mdcbench_lite_v1/run_01/108_linux_smarthome_520,sha256:f75a130de7ffa4aeecb9d4e13db8795b4f203dcd8910d0431b991f076cbbbb02,final_merged_selected_attempt,FAIL,FAIL,lifecycle_valid,0.0,0.0,selected_attempt_evaluator_trace,30,334.434,done,model_behavior,3,home+linux,linux_0+linux_1+home_0,/Users/Admin/home/MDC_Benchmark_lite_ufo3/worker-worktrees/ui-venus-core200-20260905/runs/ui-venus-1.5-30b-a3b-adapted-direct-core200-delay3s/mdcbench_lite_v1/run_01/108_linux_smarthome_520/config/task.json,/Users/Admin/home/MDC_Benchmark_lite_ufo3/worker-worktrees/ui-venus-core200-20260905/runs/ui-venus-1.5-30b-a3b-adapted-direct-core200-delay3s/mdcbench_lite_v1/final_merged_status_after_infrastructure_repairs.json
ui-venus-1.5-30b-a3b,109,linux_smarthome_098,linux_smarthome,linux_smarthome,run_01,/Users/Admin/home/MDC_Benchmark_lite_ufo3/worker-worktrees/ui-venus-core200-20260905/runs/ui-venus-1.5-30b-a3b-adapted-direct-core200-delay3s/mdcbench_lite_v1/run_01/109_linux_smarthome_098,sha256:f61c6eb87ff9f364b7b536275bb64dc86e59b66337ea7a3eee71c4fc9907ffeb,final_merged_selected_attempt,PASS,PASS,lifecycle_valid,1.0,1.0,selected_attempt_evaluator_trace,4,113.513,done,passed,2,home+linux,linux_0+home_0,/Users/Admin/home/MDC_Benchmark_lite_ufo3/worker-worktrees/ui-venus-core200-20260905/runs/ui-venus-1.5-30b-a3b-adapted-direct-core200-delay3s/mdcbench_lite_v1/run_01/109_linux_smarthome_098/config/task.json,/Users/Admin/home/MDC_Benchmark_lite_ufo3/worker-worktrees/ui-venus-core200-20260905/runs/ui-venus-1.5-30b-a3b-adapted-direct-core200-delay3s/mdcbench_lite_v1/final_merged_status_after_infrastructure_repairs.json
ui-venus-1.5-30b-a3b,110,linux_smarthome_387,linux_smarthome,linux_smarthome,run_01,/Users/Admin/home/MDC_Benchmark_lite_ufo3/worker-worktrees/ui-venus-core200-20260905/runs/ui-venus-1.5-30b-a3b-adapted-direct-core200-delay3s/mdcbench_lite_v1/run_01/110_linux_smarthome_387,sha256:4e201f981496161844c548de9462155eecbcc5922b8a1ebeedacc2d146ebaf75,final_merged_selected_attempt,FAIL,FAIL,lifecycle_valid,0.0,0.0,selected_attempt_evaluator_trace,50,326.523,max_steps,timeout,2,home+linux,linux_0+home_0,/Users/Admin/home/MDC_Benchmark_lite_ufo3/worker-worktrees/ui-venus-core200-20260905/runs/ui-venus-1.5-30b-a3b-adapted-direct-core200-delay3s/mdcbench_lite_v1/run_01/110_linux_smarthome_387/config/task.json,/Users/Admin/home/MDC_Benchmark_lite_ufo3/worker-worktrees/ui-venus-core200-20260905/runs/ui-venus-1.5-30b-a3b-adapted-direct-core200-delay3s/mdcbench_lite_v1/final_merged_status_after_infrastructure_repairs.json
ui-venus-1.5-30b-a3b,111,linux_smarthome_606,linux_smarthome,2linux_smarthome,run_01,/Users/Admin/home/MDC_Benchmark_lite_ufo3/worker-worktrees/ui-venus-core200-20260905/runs/ui-venus-1.5-30b-a3b-adapted-direct-core200-delay3s/mdcbench_lite_v1/run_01/111_linux_smarthome_606,sha256:20eb16fd3eee87490399b5ab9d30afa8b484a8d4bec0ea8e4194827494212932,final_merged_selected_attempt,FAIL,FAIL,lifecycle_valid,0.0,0.0,selected_attempt_evaluator_trace,50,502.405,max_steps,timeout,3,home+linux,linux_0+linux_1+home_0,/Users/Admin/home/MDC_Benchmark_lite_ufo3/worker-worktrees/ui-venus-core200-20260905/runs/ui-venus-1.5-30b-a3b-adapted-direct-core200-delay3s/mdcbench_lite_v1/run_01/111_linux_smarthome_606/config/task.json,/Users/Admin/home/MDC_Benchmark_lite_ufo3/worker-worktrees/ui-venus-core200-20260905/runs/ui-venus-1.5-30b-a3b-adapted-direct-core200-delay3s/mdcbench_lite_v1/final_merged_status_after_infrastructure_repairs.json
ui-venus-1.5-30b-a3b,112,linux_smarthome_378,linux_smarthome,linux_smarthome,run_01,/Users/Admin/home/MDC_Benchmark_lite_ufo3/worker-worktrees/ui-venus-core200-20260905/runs/ui-venus-1.5-30b-a3b-adapted-direct-core200-delay3s/mdcbench_lite_v1/run_01/112_linux_smarthome_378,sha256:b4cf51219af3c34240220021d0cc85e9048d89b2e108b2f914fc8b0193e818cf,final_merged_selected_attempt,FAIL,FAIL,lifecycle_valid,0.0,0.0,selected_attempt_evaluator_trace,50,292.238,max_steps,timeout,2,home+linux,linux_0+home_0,/Users/Admin/home/MDC_Benchmark_lite_ufo3/worker-worktrees/ui-venus-core200-20260905/runs/ui-venus-1.5-30b-a3b-adapted-direct-core200-delay3s/mdcbench_lite_v1/run_01/112_linux_smarthome_378/config/task.json,/Users/Admin/home/MDC_Benchmark_lite_ufo3/worker-worktrees/ui-venus-core200-20260905/runs/ui-venus-1.5-30b-a3b-adapted-direct-core200-delay3s/mdcbench_lite_v1/final_merged_status_after_infrastructure_repairs.json
ui-venus-1.5-30b-a3b,113,linux_smarthome_063,linux_smarthome,linux_smarthome,run_01,/Users/Admin/home/MDC_Benchmark_lite_ufo3/worker-worktrees/ui-venus-core200-20260905/runs/ui-venus-1.5-30b-a3b-adapted-direct-core200-delay3s/mdcbench_lite_v1/run_01/113_linux_smarthome_063,sha256:4781a8da9bd0f81035c02bb8208d68a0f4c2423992825d5842f820a220f026c7,final_merged_selected_attempt,PASS,PASS,lifecycle_valid,1.0,1.0,selected_attempt_evaluator_trace,4,110.734,done,passed,2,home+linux,linux_0+home_0,/Users/Admin/home/MDC_Benchmark_lite_ufo3/worker-worktrees/ui-venus-core200-20260905/runs/ui-venus-1.5-30b-a3b-adapted-direct-core200-delay3s/mdcbench_lite_v1/run_01/113_linux_smarthome_063/config/task.json,/Users/Admin/home/MDC_Benchmark_lite_ufo3/worker-worktrees/ui-venus-core200-20260905/runs/ui-venus-1.5-30b-a3b-adapted-direct-core200-delay3s/mdcbench_lite_v1/final_merged_status_after_infrastructure_repairs.json
ui-venus-1.5-30b-a3b,114,linux_smarthome_851,linux_smarthome,2linux_smarthome,run_01,/Users/Admin/home/MDC_Benchmark_lite_ufo3/worker-worktrees/ui-venus-core200-20260905/runs/ui-venus-1.5-30b-a3b-adapted-direct-core200-delay3s/mdcbench_lite_v1/run_01/114_linux_smarthome_851,sha256:b1a6b9a1453f5dae2342fe2059b839603b8e686c47b8bb3a3ad36d389c579d78,final_merged_selected_attempt,FAIL,FAIL,lifecycle_valid,0.0,0.0,selected_attempt_evaluator_trace,50,464.792,max_steps,timeout,3,home+linux,linux_0+linux_1+home_0,/Users/Admin/home/MDC_Benchmark_lite_ufo3/worker-worktrees/ui-venus-core200-20260905/runs/ui-venus-1.5-30b-a3b-adapted-direct-core200-delay3s/mdcbench_lite_v1/run_01/114_linux_smarthome_851/config/task.json,/Users/Admin/home/MDC_Benchmark_lite_ufo3/worker-worktrees/ui-venus-core200-20260905/runs/ui-venus-1.5-30b-a3b-adapted-direct-core200-delay3s/mdcbench_lite_v1/final_merged_status_after_infrastructure_repairs.json
ui-venus-1.5-30b-a3b,115,linux_smarthome_433,linux_smarthome,linux_smarthome,run_01,/Users/Admin/home/MDC_Benchmark_lite_ufo3/worker-worktrees/ui-venus-core200-20260905/runs/ui-venus-1.5-30b-a3b-adapted-direct-core200-delay3s/mdcbench_lite_v1/run_01/115_linux_smarthome_433,sha256:a1545d8223c2d8483cafe7371b16fcfdd4257cb29327273e42b9882a65230d7f,final_merged_selected_attempt,FAIL,FAIL,lifecycle_valid,0.4,0.4,selected_attempt_evaluator_trace,50,323.967,max_steps,timeout,2,home+linux,linux_0+home_0,/Users/Admin/home/MDC_Benchmark_lite_ufo3/worker-worktrees/ui-venus-core200-20260905/runs/ui-venus-1.5-30b-a3b-adapted-direct-core200-delay3s/mdcbench_lite_v1/run_01/115_linux_smarthome_433/config/task.json,/Users/Admin/home/MDC_Benchmark_lite_ufo3/worker-worktrees/ui-venus-core200-20260905/runs/ui-venus-1.5-30b-a3b-adapted-direct-core200-delay3s/mdcbench_lite_v1/final_merged_status_after_infrastructure_repairs.json
ui-venus-1.5-30b-a3b,116,linux_smarthome_1000,linux_smarthome,2linux_smarthome,run_01,/Users/Admin/home/MDC_Benchmark_lite_ufo3/worker-worktrees/ui-venus-core200-20260905/runs/ui-venus-1.5-30b-a3b-adapted-direct-core200-delay3s/mdcbench_lite_v1/run_01/116_linux_smarthome_1000,sha256:f36c85fec822162628a757eff1ff250b89d54d1dded63557723570722fd33b3a,final_merged_selected_attempt,FAIL,FAIL,lifecycle_valid,0.0,0.0,selected_attempt_evaluator_trace,50,528.89,max_steps,timeout,3,home+linux,linux_0+linux_1+home_0,/Users/Admin/home/MDC_Benchmark_lite_ufo3/worker-worktrees/ui-venus-core200-20260905/runs/ui-venus-1.5-30b-a3b-adapted-direct-core200-delay3s/mdcbench_lite_v1/run_01/116_linux_smarthome_1000/config/task.json,/Users/Admin/home/MDC_Benchmark_lite_ufo3/worker-worktrees/ui-venus-core200-20260905/runs/ui-venus-1.5-30b-a3b-adapted-direct-core200-delay3s/mdcbench_lite_v1/final_merged_status_after_infrastructure_repairs.json
ui-venus-1.5-30b-a3b,117,linux_smarthome_796,linux_smarthome,2linux_smarthome,run_01,/Users/Admin/home/MDC_Benchmark_lite_ufo3/worker-worktrees/ui-venus-core200-20260905/runs/ui-venus-1.5-30b-a3b-adapted-direct-core200-delay3s/mdcbench_lite_v1/run_01/117_linux_smarthome_796,sha256:37e9884119b4ded5bed758a17c4e99eb100548efddd23eb5c37cc5552dd2742f,final_merged_selected_attempt,FAIL,FAIL,lifecycle_valid,0.5,0.5,selected_attempt_evaluator_trace,5,223.824,done,model_behavior,3,home+linux,linux_0+linux_1+home_0,/Users/Admin/home/MDC_Benchmark_lite_ufo3/worker-worktrees/ui-venus-core200-20260905/runs/ui-venus-1.5-30b-a3b-adapted-direct-core200-delay3s/mdcbench_lite_v1/run_01/117_linux_smarthome_796/config/task.json,/Users/Admin/home/MDC_Benchmark_lite_ufo3/worker-worktrees/ui-venus-core200-20260905/runs/ui-venus-1.5-30b-a3b-adapted-direct-core200-delay3s/mdcbench_lite_v1/final_merged_status_after_infrastructure_repairs.json
ui-venus-1.5-30b-a3b,118,linux_smarthome_576,linux_smarthome,linux_smarthome,run_01,/Users/Admin/home/MDC_Benchmark_lite_ufo3/worker-worktrees/ui-venus-core200-20260905/runs/ui-venus-1.5-30b-a3b-adapted-direct-core200-delay3s/mdcbench_lite_v1/run_01/118_linux_smarthome_576,sha256:1487c7de3f83c17fbb31790581c9b425623c8d22bdf29baca5914b39a7458742,final_merged_selected_attempt,FAIL,FAIL,lifecycle_valid,0.0,0.0,selected_attempt_evaluator_trace,50,331.528,max_steps,timeout,2,home+linux,linux_0+home_0,/Users/Admin/home/MDC_Benchmark_lite_ufo3/worker-worktrees/ui-venus-core200-20260905/runs/ui-venus-1.5-30b-a3b-adapted-direct-core200-delay3s/mdcbench_lite_v1/run_01/118_linux_smarthome_576/config/task.json,/Users/Admin/home/MDC_Benchmark_lite_ufo3/worker-worktrees/ui-venus-core200-20260905/runs/ui-venus-1.5-30b-a3b-adapted-direct-core200-delay3s/mdcbench_lite_v1/final_merged_status_after_infrastructure_repairs.json
ui-venus-1.5-30b-a3b,119,linux_smarthome_932,linux_smarthome,2linux_smarthome,run_01,/Users/Admin/home/MDC_Benchmark_lite_ufo3/worker-worktrees/ui-venus-core200-20260905/runs/ui-venus-1.5-30b-a3b-adapted-direct-core200-delay3s/mdcbench_lite_v1/run_01/119_linux_smarthome_932,sha256:4ab8c07662b610fd780acf183393fbf91e6e9a70910d4ea932f0eef236e090ed,final_merged_selected_attempt,FAIL,FAIL,lifecycle_valid,0.5,0.5,selected_attempt_evaluator_trace,50,510.441,max_steps,timeout,3,home+linux,linux_0+linux_1+home_0,/Users/Admin/home/MDC_Benchmark_lite_ufo3/worker-worktrees/ui-venus-core200-20260905/runs/ui-venus-1.5-30b-a3b-adapted-direct-core200-delay3s/mdcbench_lite_v1/run_01/119_linux_smarthome_932/config/task.json,/Users/Admin/home/MDC_Benchmark_lite_ufo3/worker-worktrees/ui-venus-core200-20260905/runs/ui-venus-1.5-30b-a3b-adapted-direct-core200-delay3s/mdcbench_lite_v1/final_merged_status_after_infrastructure_repairs.json
ui-venus-1.5-30b-a3b,120,linux_smarthome_062,linux_smarthome,linux_smarthome,run_01,/Users/Admin/home/MDC_Benchmark_lite_ufo3/worker-worktrees/ui-venus-core200-20260905/runs/ui-venus-1.5-30b-a3b-adapted-direct-core200-delay3s/mdcbench_lite_v1/run_01/120_linux_smarthome_062,sha256:330009032ee93f9c0c75d35a02b140d99e6fd5131b8e9f77dee140bf0198708f,final_merged_selected_attempt,FAIL,FAIL,lifecycle_valid,0.0,0.0,selected_attempt_evaluator_trace,50,307.491,max_steps,timeout,2,home+linux,linux_0+home_0,/Users/Admin/home/MDC_Benchmark_lite_ufo3/worker-worktrees/ui-venus-core200-20260905/runs/ui-venus-1.5-30b-a3b-adapted-direct-core200-delay3s/mdcbench_lite_v1/run_01/120_linux_smarthome_062/config/task.json,/Users/Admin/home/MDC_Benchmark_lite_ufo3/worker-worktrees/ui-venus-core200-20260905/runs/ui-venus-1.5-30b-a3b-adapted-direct-core200-delay3s/mdcbench_lite_v1/final_merged_status_after_infrastructure_repairs.json
ui-venus-1.5-30b-a3b,121,linux_smarthome_983,linux_smarthome,2linux_smarthome,run_01,/Users/Admin/home/MDC_Benchmark_lite_ufo3/worker-worktrees/ui-venus-core200-20260905/runs/ui-venus-1.5-30b-a3b-adapted-direct-core200-delay3s/mdcbench_lite_v1/run_01/121_linux_smarthome_983,sha256:01a7676cb9a34868824ef305af1863cf3aad26063d2f2b968ba486d06e02ab26,final_merged_selected_attempt,FAIL,FAIL,lifecycle_valid,0.0,0.0,selected_attempt_evaluator_trace,50,973.62,max_steps,timeout,3,home+linux,linux_0+linux_1+home_0,/Users/Admin/home/MDC_Benchmark_lite_ufo3/worker-worktrees/ui-venus-core200-20260905/runs/ui-venus-1.5-30b-a3b-adapted-direct-core200-delay3s/mdcbench_lite_v1/run_01/121_linux_smarthome_983/config/task.json,/Users/Admin/home/MDC_Benchmark_lite_ufo3/worker-worktrees/ui-venus-core200-20260905/runs/ui-venus-1.5-30b-a3b-adapted-direct-core200-delay3s/mdcbench_lite_v1/final_merged_status_after_infrastructure_repairs.json
ui-venus-1.5-30b-a3b,122,linux_smarthome_656,linux_smarthome,linux_smarthome,run_01,/Users/Admin/home/MDC_Benchmark_lite_ufo3/worker-worktrees/ui-venus-core200-20260905/runs/ui-venus-1.5-30b-a3b-adapted-direct-core200-delay3s/mdcbench_lite_v1/run_01/122_linux_smarthome_656,sha256:54661e7cd5f2e72f983732b7d40c2f77e49eefae665f0040ea2de51ed1fde88c,final_merged_selected_attempt,FAIL,FAIL,lifecycle_valid,0.0,0.0,selected_attempt_evaluator_trace,50,341.254,max_steps,timeout,2,home+linux,linux_0+home_0,/Users/Admin/home/MDC_Benchmark_lite_ufo3/worker-worktrees/ui-venus-core200-20260905/runs/ui-venus-1.5-30b-a3b-adapted-direct-core200-delay3s/mdcbench_lite_v1/run_01/122_linux_smarthome_656/config/task.json,/Users/Admin/home/MDC_Benchmark_lite_ufo3/worker-worktrees/ui-venus-core200-20260905/runs/ui-venus-1.5-30b-a3b-adapted-direct-core200-delay3s/mdcbench_lite_v1/final_merged_status_after_infrastructure_repairs.json
ui-venus-1.5-30b-a3b,123,linux_smarthome_982,linux_smarthome,2linux_smarthome,run_01,/Users/Admin/home/MDC_Benchmark_lite_ufo3/worker-worktrees/ui-venus-core200-20260905/runs/ui-venus-1.5-30b-a3b-adapted-direct-core200-delay3s/mdcbench_lite_v1/run_01/123_linux_smarthome_982,sha256:93d37f3655190f0e80b4dbcf1ae5b994bd4ebf8a4ab645eb519211df924ecd14,final_merged_selected_attempt,FAIL,FAIL,lifecycle_valid,0.0,0.0,selected_attempt_evaluator_trace,50,408.128,max_steps,timeout,3,home+linux,linux_0+linux_1+home_0,/Users/Admin/home/MDC_Benchmark_lite_ufo3/worker-worktrees/ui-venus-core200-20260905/runs/ui-venus-1.5-30b-a3b-adapted-direct-core200-delay3s/mdcbench_lite_v1/run_01/123_linux_smarthome_982/config/task.json,/Users/Admin/home/MDC_Benchmark_lite_ufo3/worker-worktrees/ui-venus-core200-20260905/runs/ui-venus-1.5-30b-a3b-adapted-direct-core200-delay3s/mdcbench_lite_v1/final_merged_status_after_infrastructure_repairs.json
ui-venus-1.5-30b-a3b,124,linux_smarthome_348,linux_smarthome,linux_smarthome,run_01,/Users/Admin/home/MDC_Benchmark_lite_ufo3/worker-worktrees/ui-venus-core200-20260905/runs/ui-venus-1.5-30b-a3b-adapted-direct-core200-delay3s/mdcbench_lite_v1/run_01/124_linux_smarthome_348,sha256:0c6aced5687e50388af5cca411ebcf4f09826613798a1422c60556dad9c4ba83,final_merged_selected_attempt,FAIL,FAIL,lifecycle_valid,0.5,0.5,selected_attempt_evaluator_trace,16,218.822,done,model_behavior,2,home+linux,linux_0+home_0,/Users/Admin/home/MDC_Benchmark_lite_ufo3/worker-worktrees/ui-venus-core200-20260905/runs/ui-venus-1.5-30b-a3b-adapted-direct-core200-delay3s/mdcbench_lite_v1/run_01/124_linux_smarthome_348/config/task.json,/Users/Admin/home/MDC_Benchmark_lite_ufo3/worker-worktrees/ui-venus-core200-20260905/runs/ui-venus-1.5-30b-a3b-adapted-direct-core200-delay3s/mdcbench_lite_v1/final_merged_status_after_infrastructure_repairs.json
ui-venus-1.5-30b-a3b,125,linux_smarthome_567,linux_smarthome,2linux_smarthome,run_01,/Users/Admin/home/MDC_Benchmark_lite_ufo3/worker-worktrees/ui-venus-core200-20260905/runs/ui-venus-1.5-30b-a3b-adapted-direct-core200-delay3s/mdcbench_lite_v1/run_01/125_linux_smarthome_567,sha256:de7bae552b6acb5216406d070aed7cc502bbbc76b97b7a8429c2ce0dfd5a535d,final_merged_selected_attempt,FAIL,FAIL,lifecycle_valid,0.0,0.0,selected_attempt_evaluator_trace,50,672.358,max_steps,timeout,3,home+linux,linux_0+linux_1+home_0,/Users/Admin/home/MDC_Benchmark_lite_ufo3/worker-worktrees/ui-venus-core200-20260905/runs/ui-venus-1.5-30b-a3b-adapted-direct-core200-delay3s/mdcbench_lite_v1/run_01/125_linux_smarthome_567/config/task.json,/Users/Admin/home/MDC_Benchmark_lite_ufo3/worker-worktrees/ui-venus-core200-20260905/runs/ui-venus-1.5-30b-a3b-adapted-direct-core200-delay3s/mdcbench_lite_v1/final_merged_status_after_infrastructure_repairs.json
ui-venus-1.5-30b-a3b,126,linux_smarthome_670,linux_smarthome,2linux_smarthome,run_01,/Users/Admin/home/MDC_Benchmark_lite_ufo3/worker-worktrees/ui-venus-core200-20260905/runs/ui-venus-1.5-30b-a3b-adapted-direct-core200-delay3s/mdcbench_lite_v1/run_01/126_linux_smarthome_670,sha256:5955c6bb58359aa67439675a53430c4223aa0fdc8df3946cdaadecfb29a6c181,final_merged_selected_attempt,FAIL,FAIL,lifecycle_valid,0.5,0.5,selected_attempt_evaluator_trace,50,428.876,max_steps,timeout,3,home+linux,linux_0+linux_1+home_0,/Users/Admin/home/MDC_Benchmark_lite_ufo3/worker-worktrees/ui-venus-core200-20260905/runs/ui-venus-1.5-30b-a3b-adapted-direct-core200-delay3s/mdcbench_lite_v1/run_01/126_linux_smarthome_670/config/task.json,/Users/Admin/home/MDC_Benchmark_lite_ufo3/worker-worktrees/ui-venus-core200-20260905/runs/ui-venus-1.5-30b-a3b-adapted-direct-core200-delay3s/mdcbench_lite_v1/final_merged_status_after_infrastructure_repairs.json
ui-venus-1.5-30b-a3b,127,linux_smarthome_359,linux_smarthome,linux_smarthome,run_01,/Users/Admin/home/MDC_Benchmark_lite_ufo3/worker-worktrees/ui-venus-core200-20260905/runs/ui-venus-1.5-30b-a3b-adapted-direct-core200-delay3s/mdcbench_lite_v1/run_01/127_linux_smarthome_359,sha256:676e9c66d44fa2d4d1f6e1a79f5ddfc5e39d154387d84bf89f7ed4858c64b2d7,final_merged_selected_attempt,FAIL,FAIL,lifecycle_valid,0.0,0.0,selected_attempt_evaluator_trace,50,317.88,max_steps,timeout,2,home+linux,linux_0+home_0,/Users/Admin/home/MDC_Benchmark_lite_ufo3/worker-worktrees/ui-venus-core200-20260905/runs/ui-venus-1.5-30b-a3b-adapted-direct-core200-delay3s/mdcbench_lite_v1/run_01/127_linux_smarthome_359/config/task.json,/Users/Admin/home/MDC_Benchmark_lite_ufo3/worker-worktrees/ui-venus-core200-20260905/runs/ui-venus-1.5-30b-a3b-adapted-direct-core200-delay3s/mdcbench_lite_v1/final_merged_status_after_infrastructure_repairs.json
ui-venus-1.5-30b-a3b,128,linux_smarthome_373,linux_smarthome,linux_smarthome,run_01,/Users/Admin/home/MDC_Benchmark_lite_ufo3/worker-worktrees/ui-venus-core200-20260905/runs/ui-venus-1.5-30b-a3b-adapted-direct-core200-delay3s/mdcbench_lite_v1/run_01/128_linux_smarthome_373,sha256:9e59090fe0473b12abcda9a6790cf9dd5ede83ba0d4ff6555d880505e0f3f6db,final_merged_selected_attempt,FAIL,FAIL,lifecycle_valid,0.5,0.5,selected_attempt_evaluator_trace,9,143.145,done,model_behavior,2,home+linux,linux_0+home_0,/Users/Admin/home/MDC_Benchmark_lite_ufo3/worker-worktrees/ui-venus-core200-20260905/runs/ui-venus-1.5-30b-a3b-adapted-direct-core200-delay3s/mdcbench_lite_v1/run_01/128_linux_smarthome_373/config/task.json,/Users/Admin/home/MDC_Benchmark_lite_ufo3/worker-worktrees/ui-venus-core200-20260905/runs/ui-venus-1.5-30b-a3b-adapted-direct-core200-delay3s/mdcbench_lite_v1/final_merged_status_after_infrastructure_repairs.json
ui-venus-1.5-30b-a3b,129,linux_smarthome_065,linux_smarthome,linux_smarthome,run_01,/Users/Admin/home/MDC_Benchmark_lite_ufo3/worker-worktrees/ui-venus-core200-20260905/runs/ui-venus-1.5-30b-a3b-adapted-direct-core200-delay3s/mdcbench_lite_v1/run_01/129_linux_smarthome_065,sha256:ad1489fd381dc6f96c3217838f63dd1c0d6ec5060970793393de20cc6df43264,final_merged_selected_attempt,FAIL,FAIL,lifecycle_valid,0.0,0.0,selected_attempt_evaluator_trace,50,310.316,max_steps,timeout,2,home+linux,linux_0+home_0,/Users/Admin/home/MDC_Benchmark_lite_ufo3/worker-worktrees/ui-venus-core200-20260905/runs/ui-venus-1.5-30b-a3b-adapted-direct-core200-delay3s/mdcbench_lite_v1/run_01/129_linux_smarthome_065/config/task.json,/Users/Admin/home/MDC_Benchmark_lite_ufo3/worker-worktrees/ui-venus-core200-20260905/runs/ui-venus-1.5-30b-a3b-adapted-direct-core200-delay3s/mdcbench_lite_v1/final_merged_status_after_infrastructure_repairs.json
ui-venus-1.5-30b-a3b,130,linux_smarthome_370,linux_smarthome,linux_smarthome,run_01,/Users/Admin/home/MDC_Benchmark_lite_ufo3/worker-worktrees/ui-venus-core200-20260905/runs/ui-venus-1.5-30b-a3b-adapted-direct-core200-delay3s/mdcbench_lite_v1/run_01/130_linux_smarthome_370,sha256:11932d197ca8a167bbd2894f3af3617574920a0e52a8c8c85f1b5c4d47731c63,final_merged_selected_attempt,PASS,PASS,lifecycle_valid,1.0,1.0,selected_attempt_evaluator_trace,13,198.153,done,passed,2,home+linux,linux_0+home_0,/Users/Admin/home/MDC_Benchmark_lite_ufo3/worker-worktrees/ui-venus-core200-20260905/runs/ui-venus-1.5-30b-a3b-adapted-direct-core200-delay3s/mdcbench_lite_v1/run_01/130_linux_smarthome_370/config/task.json,/Users/Admin/home/MDC_Benchmark_lite_ufo3/worker-worktrees/ui-venus-core200-20260905/runs/ui-venus-1.5-30b-a3b-adapted-direct-core200-delay3s/mdcbench_lite_v1/final_merged_status_after_infrastructure_repairs.json
ui-venus-1.5-30b-a3b,131,linux_smarthome_372,linux_smarthome,linux_smarthome,run_01,/Users/Admin/home/MDC_Benchmark_lite_ufo3/worker-worktrees/ui-venus-core200-20260905/runs/ui-venus-1.5-30b-a3b-adapted-direct-core200-delay3s/mdcbench_lite_v1/run_01/131_linux_smarthome_372,sha256:fe6ee1fd3d35a9ab7517ac1663d6bc4964e483975b74cd90d76e8edd90703060,final_merged_selected_attempt,FAIL,FAIL,lifecycle_valid,0.0,0.0,selected_attempt_evaluator_trace,50,321.114,max_steps,timeout,2,home+linux,linux_0+home_0,/Users/Admin/home/MDC_Benchmark_lite_ufo3/worker-worktrees/ui-venus-core200-20260905/runs/ui-venus-1.5-30b-a3b-adapted-direct-core200-delay3s/mdcbench_lite_v1/run_01/131_linux_smarthome_372/config/task.json,/Users/Admin/home/MDC_Benchmark_lite_ufo3/worker-worktrees/ui-venus-core200-20260905/runs/ui-venus-1.5-30b-a3b-adapted-direct-core200-delay3s/mdcbench_lite_v1/final_merged_status_after_infrastructure_repairs.json
ui-venus-1.5-30b-a3b,132,linux_smarthome_028,linux_smarthome,linux_smarthome,run_01,/Users/Admin/home/MDC_Benchmark_lite_ufo3/worker-worktrees/ui-venus-core200-20260905/runs/ui-venus-1.5-30b-a3b-adapted-direct-core200-delay3s/mdcbench_lite_v1/run_01/132_linux_smarthome_028,sha256:57b55e0931fef2e9d634ccec3b3e5f18af1c7ebb032c51d635528065da9f0bf2,final_merged_selected_attempt,PASS,PASS,lifecycle_valid,1.0,1.0,selected_attempt_evaluator_trace,14,156.25,done,passed,2,home+linux,linux_0+home_0,/Users/Admin/home/MDC_Benchmark_lite_ufo3/worker-worktrees/ui-venus-core200-20260905/runs/ui-venus-1.5-30b-a3b-adapted-direct-core200-delay3s/mdcbench_lite_v1/run_01/132_linux_smarthome_028/config/task.json,/Users/Admin/home/MDC_Benchmark_lite_ufo3/worker-worktrees/ui-venus-core200-20260905/runs/ui-venus-1.5-30b-a3b-adapted-direct-core200-delay3s/mdcbench_lite_v1/final_merged_status_after_infrastructure_repairs.json
ui-venus-1.5-30b-a3b,133,linux_smarthome_999,linux_smarthome,2linux_smarthome,run_01,/Users/Admin/home/MDC_Benchmark_lite_ufo3/worker-worktrees/ui-venus-core200-20260905/runs/ui-venus-1.5-30b-a3b-adapted-direct-core200-delay3s/mdcbench_lite_v1/run_01/133_linux_smarthome_999,sha256:6edb3811c19b8fb12b03ee659ffcc45b21e0898f73c8b808a2a6884d7f4c9ad7,final_merged_selected_attempt,FAIL,FAIL,lifecycle_valid,0.5,0.5,selected_attempt_evaluator_trace,21,306.257,done,model_behavior,3,home+linux,linux_0+linux_1+home_0,/Users/Admin/home/MDC_Benchmark_lite_ufo3/worker-worktrees/ui-venus-core200-20260905/runs/ui-venus-1.5-30b-a3b-adapted-direct-core200-delay3s/mdcbench_lite_v1/run_01/133_linux_smarthome_999/config/task.json,/Users/Admin/home/MDC_Benchmark_lite_ufo3/worker-worktrees/ui-venus-core200-20260905/runs/ui-venus-1.5-30b-a3b-adapted-direct-core200-delay3s/mdcbench_lite_v1/final_merged_status_after_infrastructure_repairs.json
ui-venus-1.5-30b-a3b,134,linux_smarthome_361,linux_smarthome,linux_smarthome,run_01,/Users/Admin/home/MDC_Benchmark_lite_ufo3/worker-worktrees/ui-venus-core200-20260905/runs/ui-venus-1.5-30b-a3b-adapted-direct-core200-delay3s/mdcbench_lite_v1/run_01/134_linux_smarthome_361,sha256:add30f2e4012440c18c231cad47b08daa17d7128b3be76c6440ac56301d211f9,final_merged_selected_attempt,FAIL,FAIL,lifecycle_valid,0.5,0.5,selected_attempt_evaluator_trace,50,322.277,max_steps,timeout,2,home+linux,linux_0+home_0,/Users/Admin/home/MDC_Benchmark_lite_ufo3/worker-worktrees/ui-venus-core200-20260905/runs/ui-venus-1.5-30b-a3b-adapted-direct-core200-delay3s/mdcbench_lite_v1/run_01/134_linux_smarthome_361/config/task.json,/Users/Admin/home/MDC_Benchmark_lite_ufo3/worker-worktrees/ui-venus-core200-20260905/runs/ui-venus-1.5-30b-a3b-adapted-direct-core200-delay3s/mdcbench_lite_v1/final_merged_status_after_infrastructure_repairs.json
ui-venus-1.5-30b-a3b,135,linux_smarthome_981,linux_smarthome,2linux_smarthome,run_01,/Users/Admin/home/MDC_Benchmark_lite_ufo3/worker-worktrees/ui-venus-core200-20260905/runs/ui-venus-1.5-30b-a3b-adapted-direct-core200-delay3s/mdcbench_lite_v1/run_01/135_linux_smarthome_981,sha256:11eb234269f092b42c9572e9622cddd2d5a50041668d419e4bb23f94c0d4cb93,final_merged_selected_attempt,FAIL,FAIL,lifecycle_valid,0.0,0.0,selected_attempt_evaluator_trace,50,440.138,max_steps,timeout,3,home+linux,linux_0+linux_1+home_0,/Users/Admin/home/MDC_Benchmark_lite_ufo3/worker-worktrees/ui-venus-core200-20260905/runs/ui-venus-1.5-30b-a3b-adapted-direct-core200-delay3s/mdcbench_lite_v1/run_01/135_linux_smarthome_981/config/task.json,/Users/Admin/home/MDC_Benchmark_lite_ufo3/worker-worktrees/ui-venus-core200-20260905/runs/ui-venus-1.5-30b-a3b-adapted-direct-core200-delay3s/mdcbench_lite_v1/final_merged_status_after_infrastructure_repairs.json
ui-venus-1.5-30b-a3b,136,android_smarthome_357,android_smarthome,2android_smarthome,repair_01,/Users/Admin/home/MDC_Benchmark_lite_ufo3/worker-worktrees/ui-venus-core200-20260905/runs/ui-venus-1.5-30b-a3b-adapted-direct-core200-delay3s/mdcbench_lite_v1/repair_01/136_android_smarthome_357,sha256:7ca5bbd4f11998621ae726a60b76dded31b2ac932e86375228b5e58979bad667,final_merged_infrastructure_repair:lite_136,INFRASTRUCTURE_INVALID,FAIL,lifecycle_valid,,0.0,official_repair_attempt_evaluator_trace,50,384.538,max_steps,timeout,3,android+home,android_0+android_1+home_0,/Users/Admin/home/MDC_Benchmark_lite_ufo3/worker-worktrees/ui-venus-core200-20260905/runs/ui-venus-1.5-30b-a3b-adapted-direct-core200-delay3s/mdcbench_lite_v1/repair_01/136_android_smarthome_357/config/task.json,/Users/Admin/home/MDC_Benchmark_lite_ufo3/worker-worktrees/ui-venus-core200-20260905/runs/ui-venus-1.5-30b-a3b-adapted-direct-core200-delay3s/mdcbench_lite_v1/final_merged_status_after_infrastructure_repairs.json
ui-venus-1.5-30b-a3b,137,android_smarthome_409,android_smarthome,android_smarthome,run_01,/Users/Admin/home/MDC_Benchmark_lite_ufo3/worker-worktrees/ui-venus-core200-20260905/runs/ui-venus-1.5-30b-a3b-adapted-direct-core200-delay3s/mdcbench_lite_v1/run_01/137_android_smarthome_409,sha256:259e008b24c65381760c6b31db421398f2d209ab9b931670c4d7dc261892f7ac,final_merged_selected_attempt,FAIL,FAIL,lifecycle_valid,0.25,0.25,selected_attempt_evaluator_trace,50,282.934,max_steps,timeout,2,android+home,android_0+home_0,/Users/Admin/home/MDC_Benchmark_lite_ufo3/worker-worktrees/ui-venus-core200-20260905/runs/ui-venus-1.5-30b-a3b-adapted-direct-core200-delay3s/mdcbench_lite_v1/run_01/137_android_smarthome_409/config/task.json,/Users/Admin/home/MDC_Benchmark_lite_ufo3/worker-worktrees/ui-venus-core200-20260905/runs/ui-venus-1.5-30b-a3b-adapted-direct-core200-delay3s/mdcbench_lite_v1/final_merged_status_after_infrastructure_repairs.json
ui-venus-1.5-30b-a3b,138,android_smarthome_854,android_smarthome,android_smarthome,run_01,/Users/Admin/home/MDC_Benchmark_lite_ufo3/worker-worktrees/ui-venus-core200-20260905/runs/ui-venus-1.5-30b-a3b-adapted-direct-core200-delay3s/mdcbench_lite_v1/run_01/138_android_smarthome_854,sha256:536f3217c9e67baac177f66cc08231f50498681d473528a3626d69ae1c8536aa,final_merged_selected_attempt,FAIL,FAIL,lifecycle_valid,0.75,0.75,selected_attempt_evaluator_trace,50,273.415,max_steps,timeout,2,android+home,android_0+home_0,/Users/Admin/home/MDC_Benchmark_lite_ufo3/worker-worktrees/ui-venus-core200-20260905/runs/ui-venus-1.5-30b-a3b-adapted-direct-core200-delay3s/mdcbench_lite_v1/run_01/138_android_smarthome_854/config/task.json,/Users/Admin/home/MDC_Benchmark_lite_ufo3/worker-worktrees/ui-venus-core200-20260905/runs/ui-venus-1.5-30b-a3b-adapted-direct-core200-delay3s/mdcbench_lite_v1/final_merged_status_after_infrastructure_repairs.json
ui-venus-1.5-30b-a3b,139,android_smarthome_026,android_smarthome,android_smarthome,run_01,/Users/Admin/home/MDC_Benchmark_lite_ufo3/worker-worktrees/ui-venus-core200-20260905/runs/ui-venus-1.5-30b-a3b-adapted-direct-core200-delay3s/mdcbench_lite_v1/run_01/139_android_smarthome_026,sha256:fe92f0c8839a5e6f3004c27c87846f6ce41ce88e7be030505fba04d7fe4d1cf1,final_merged_selected_attempt,FAIL,FAIL,lifecycle_valid,0.0,0.0,selected_attempt_evaluator_trace,50,267.862,max_steps,timeout,2,android+home,android_0+home_0,/Users/Admin/home/MDC_Benchmark_lite_ufo3/worker-worktrees/ui-venus-core200-20260905/runs/ui-venus-1.5-30b-a3b-adapted-direct-core200-delay3s/mdcbench_lite_v1/run_01/139_android_smarthome_026/config/task.json,/Users/Admin/home/MDC_Benchmark_lite_ufo3/worker-worktrees/ui-venus-core200-20260905/runs/ui-venus-1.5-30b-a3b-adapted-direct-core200-delay3s/mdcbench_lite_v1/final_merged_status_after_infrastructure_repairs.json
ui-venus-1.5-30b-a3b,140,android_smarthome_407,android_smarthome,android_smarthome,run_01,/Users/Admin/home/MDC_Benchmark_lite_ufo3/worker-worktrees/ui-venus-core200-20260905/runs/ui-venus-1.5-30b-a3b-adapted-direct-core200-delay3s/mdcbench_lite_v1/run_01/140_android_smarthome_407,sha256:fdd1ac6c21d8fb0fb61dd16b1e124a9a094e25bc06ed7682fa141fc8b137b69e,final_merged_selected_attempt,FAIL,FAIL,lifecycle_valid,0.5,0.5,selected_attempt_evaluator_trace,50,331.733,max_steps,timeout,2,android+home,android_0+home_0,/Users/Admin/home/MDC_Benchmark_lite_ufo3/worker-worktrees/ui-venus-core200-20260905/runs/ui-venus-1.5-30b-a3b-adapted-direct-core200-delay3s/mdcbench_lite_v1/run_01/140_android_smarthome_407/config/task.json,/Users/Admin/home/MDC_Benchmark_lite_ufo3/worker-worktrees/ui-venus-core200-20260905/runs/ui-venus-1.5-30b-a3b-adapted-direct-core200-delay3s/mdcbench_lite_v1/final_merged_status_after_infrastructure_repairs.json
ui-venus-1.5-30b-a3b,141,android_smarthome_149,android_smarthome,2android_smarthome,repair_01,/Users/Admin/home/MDC_Benchmark_lite_ufo3/worker-worktrees/ui-venus-core200-20260905/runs/ui-venus-1.5-30b-a3b-adapted-direct-core200-delay3s/mdcbench_lite_v1/repair_01/141_android_smarthome_149,sha256:5913d7f31586b4e3b850e19e353be8fee6b73f69b84a3c6d1fd6c7edce097b6c,final_merged_infrastructure_repair:lite_141,INFRASTRUCTURE_INVALID,FAIL,lifecycle_valid,,0.0,official_repair_attempt_evaluator_trace,50,320.468,max_steps,timeout,3,android+home,android_0+android_1+home_0,/Users/Admin/home/MDC_Benchmark_lite_ufo3/worker-worktrees/ui-venus-core200-20260905/runs/ui-venus-1.5-30b-a3b-adapted-direct-core200-delay3s/mdcbench_lite_v1/repair_01/141_android_smarthome_149/config/task.json,/Users/Admin/home/MDC_Benchmark_lite_ufo3/worker-worktrees/ui-venus-core200-20260905/runs/ui-venus-1.5-30b-a3b-adapted-direct-core200-delay3s/mdcbench_lite_v1/final_merged_status_after_infrastructure_repairs.json
ui-venus-1.5-30b-a3b,142,android_smarthome_336,android_smarthome,android_smarthome,run_01,/Users/Admin/home/MDC_Benchmark_lite_ufo3/worker-worktrees/ui-venus-core200-20260905/runs/ui-venus-1.5-30b-a3b-adapted-direct-core200-delay3s/mdcbench_lite_v1/run_01/142_android_smarthome_336,sha256:425a2099cd986d8660262098845f4a0a22b9a4d15be24ee920ea1a5cb1da2a21,final_merged_selected_attempt,FAIL,FAIL,lifecycle_valid,0.75,0.75,selected_attempt_evaluator_trace,50,237.123,max_steps,timeout,2,android+home,android_0+home_0,/Users/Admin/home/MDC_Benchmark_lite_ufo3/worker-worktrees/ui-venus-core200-20260905/runs/ui-venus-1.5-30b-a3b-adapted-direct-core200-delay3s/mdcbench_lite_v1/run_01/142_android_smarthome_336/config/task.json,/Users/Admin/home/MDC_Benchmark_lite_ufo3/worker-worktrees/ui-venus-core200-20260905/runs/ui-venus-1.5-30b-a3b-adapted-direct-core200-delay3s/mdcbench_lite_v1/final_merged_status_after_infrastructure_repairs.json
ui-venus-1.5-30b-a3b,143,android_smarthome_844,android_smarthome,2android_smarthome,repair_01,/Users/Admin/home/MDC_Benchmark_lite_ufo3/worker-worktrees/ui-venus-core200-20260905/runs/ui-venus-1.5-30b-a3b-adapted-direct-core200-delay3s/mdcbench_lite_v1/repair_01/143_android_smarthome_844,sha256:d124a9416f287521985f0a9255cbb9a34e9cb48c4a3234a878f391c4a701dc9c,final_merged_infrastructure_repair:lite_143,INFRASTRUCTURE_INVALID,FAIL,lifecycle_valid,,0.0,official_repair_attempt_evaluator_trace,50,307.64,max_steps,timeout,3,android+home,android_0+android_1+home_0,/Users/Admin/home/MDC_Benchmark_lite_ufo3/worker-worktrees/ui-venus-core200-20260905/runs/ui-venus-1.5-30b-a3b-adapted-direct-core200-delay3s/mdcbench_lite_v1/repair_01/143_android_smarthome_844/config/task.json,/Users/Admin/home/MDC_Benchmark_lite_ufo3/worker-worktrees/ui-venus-core200-20260905/runs/ui-venus-1.5-30b-a3b-adapted-direct-core200-delay3s/mdcbench_lite_v1/final_merged_status_after_infrastructure_repairs.json
ui-venus-1.5-30b-a3b,144,android_smarthome_144,android_smarthome,2android_smarthome,run_01,/Users/Admin/home/MDC_Benchmark_lite_ufo3/worker-worktrees/ui-venus-core200-20260905/runs/ui-venus-1.5-30b-a3b-adapted-direct-core200-delay3s/mdcbench_lite_v1/run_01/144_android_smarthome_144,sha256:0a1d663c6bcdb8554270251ccefa62550c0e326870019ad680b1b59f64e16a88,final_merged_selected_attempt,FAIL,FAIL,lifecycle_valid,0.0,0.0,selected_attempt_evaluator_trace,50,407.073,max_steps,timeout,3,android+home,android_0+android_1+home_0,/Users/Admin/home/MDC_Benchmark_lite_ufo3/worker-worktrees/ui-venus-core200-20260905/runs/ui-venus-1.5-30b-a3b-adapted-direct-core200-delay3s/mdcbench_lite_v1/run_01/144_android_smarthome_144/config/task.json,/Users/Admin/home/MDC_Benchmark_lite_ufo3/worker-worktrees/ui-venus-core200-20260905/runs/ui-venus-1.5-30b-a3b-adapted-direct-core200-delay3s/mdcbench_lite_v1/final_merged_status_after_infrastructure_repairs.json
ui-venus-1.5-30b-a3b,145,android_smarthome_241,android_smarthome,2android_smarthome,run_01,/Users/Admin/home/MDC_Benchmark_lite_ufo3/worker-worktrees/ui-venus-core200-20260905/runs/ui-venus-1.5-30b-a3b-adapted-direct-core200-delay3s/mdcbench_lite_v1/run_01/145_android_smarthome_241,sha256:0491501c3ab055732d85e76689da8b00c0a4cc637fd8ab48be9dea973ebb2d3c,final_merged_selected_attempt,FAIL,FAIL,lifecycle_valid,0.6666666666666666,0.6666666666666666,selected_attempt_evaluator_trace,50,322.489,max_steps,timeout,3,android+home,android_0+android_1+home_0,/Users/Admin/home/MDC_Benchmark_lite_ufo3/worker-worktrees/ui-venus-core200-20260905/runs/ui-venus-1.5-30b-a3b-adapted-direct-core200-delay3s/mdcbench_lite_v1/run_01/145_android_smarthome_241/config/task.json,/Users/Admin/home/MDC_Benchmark_lite_ufo3/worker-worktrees/ui-venus-core200-20260905/runs/ui-venus-1.5-30b-a3b-adapted-direct-core200-delay3s/mdcbench_lite_v1/final_merged_status_after_infrastructure_repairs.json
ui-venus-1.5-30b-a3b,146,android_smarthome_251,android_smarthome,android_smarthome,run_01,/Users/Admin/home/MDC_Benchmark_lite_ufo3/worker-worktrees/ui-venus-core200-20260905/runs/ui-venus-1.5-30b-a3b-adapted-direct-core200-delay3s/mdcbench_lite_v1/run_01/146_android_smarthome_251,sha256:b4381cdefb0c47431e6fd1ea545b080690b09e4a91cbd6f73d48daafd69e9d6f,final_merged_selected_attempt,FAIL,FAIL,lifecycle_valid,0.0,0.0,selected_attempt_evaluator_trace,50,292.094,max_steps,timeout,2,android+home,android_0+home_0,/Users/Admin/home/MDC_Benchmark_lite_ufo3/worker-worktrees/ui-venus-core200-20260905/runs/ui-venus-1.5-30b-a3b-adapted-direct-core200-delay3s/mdcbench_lite_v1/run_01/146_android_smarthome_251/config/task.json,/Users/Admin/home/MDC_Benchmark_lite_ufo3/worker-worktrees/ui-venus-core200-20260905/runs/ui-venus-1.5-30b-a3b-adapted-direct-core200-delay3s/mdcbench_lite_v1/final_merged_status_after_infrastructure_repairs.json
ui-venus-1.5-30b-a3b,147,android_smarthome_265,android_smarthome,android_smarthome,run_01,/Users/Admin/home/MDC_Benchmark_lite_ufo3/worker-worktrees/ui-venus-core200-20260905/runs/ui-venus-1.5-30b-a3b-adapted-direct-core200-delay3s/mdcbench_lite_v1/run_01/147_android_smarthome_265,sha256:514388ca80a1c95b23f3e87734551b7b97012772197a4dafc343f7e7f967b42d,final_merged_selected_attempt,FAIL,FAIL,lifecycle_valid,0.0,0.0,selected_attempt_evaluator_trace,50,270.132,max_steps,timeout,2,android+home,android_0+home_0,/Users/Admin/home/MDC_Benchmark_lite_ufo3/worker-worktrees/ui-venus-core200-20260905/runs/ui-venus-1.5-30b-a3b-adapted-direct-core200-delay3s/mdcbench_lite_v1/run_01/147_android_smarthome_265/config/task.json,/Users/Admin/home/MDC_Benchmark_lite_ufo3/worker-worktrees/ui-venus-core200-20260905/runs/ui-venus-1.5-30b-a3b-adapted-direct-core200-delay3s/mdcbench_lite_v1/final_merged_status_after_infrastructure_repairs.json
ui-venus-1.5-30b-a3b,148,android_smarthome_877,android_smarthome,android_smarthome,run_01,/Users/Admin/home/MDC_Benchmark_lite_ufo3/worker-worktrees/ui-venus-core200-20260905/runs/ui-venus-1.5-30b-a3b-adapted-direct-core200-delay3s/mdcbench_lite_v1/run_01/148_android_smarthome_877,sha256:8de942d111dde0c9d32567ad785e6b8c3ef30f5961571c476687dbbd23593974,final_merged_selected_attempt,FAIL,FAIL,lifecycle_valid,0.0,0.0,selected_attempt_evaluator_trace,50,296.27,max_steps,timeout,2,android+home,android_0+home_0,/Users/Admin/home/MDC_Benchmark_lite_ufo3/worker-worktrees/ui-venus-core200-20260905/runs/ui-venus-1.5-30b-a3b-adapted-direct-core200-delay3s/mdcbench_lite_v1/run_01/148_android_smarthome_877/config/task.json,/Users/Admin/home/MDC_Benchmark_lite_ufo3/worker-worktrees/ui-venus-core200-20260905/runs/ui-venus-1.5-30b-a3b-adapted-direct-core200-delay3s/mdcbench_lite_v1/final_merged_status_after_infrastructure_repairs.json
ui-venus-1.5-30b-a3b,149,android_smarthome_846,android_smarthome,2android_smarthome,run_01,/Users/Admin/home/MDC_Benchmark_lite_ufo3/worker-worktrees/ui-venus-core200-20260905/runs/ui-venus-1.5-30b-a3b-adapted-direct-core200-delay3s/mdcbench_lite_v1/run_01/149_android_smarthome_846,sha256:48e8ef30cc0471e2c38e55f676468a94898e9a634e6fe548a363804d5fb9e1d3,final_merged_selected_attempt,FAIL,FAIL,lifecycle_valid,0.3333333333333333,0.3333333333333333,selected_attempt_evaluator_trace,50,321.414,max_steps,timeout,3,android+home,android_0+android_1+home_0,/Users/Admin/home/MDC_Benchmark_lite_ufo3/worker-worktrees/ui-venus-core200-20260905/runs/ui-venus-1.5-30b-a3b-adapted-direct-core200-delay3s/mdcbench_lite_v1/run_01/149_android_smarthome_846/config/task.json,/Users/Admin/home/MDC_Benchmark_lite_ufo3/worker-worktrees/ui-venus-core200-20260905/runs/ui-venus-1.5-30b-a3b-adapted-direct-core200-delay3s/mdcbench_lite_v1/final_merged_status_after_infrastructure_repairs.json
ui-venus-1.5-30b-a3b,150,android_smarthome_807,android_smarthome,android_smarthome,run_01,/Users/Admin/home/MDC_Benchmark_lite_ufo3/worker-worktrees/ui-venus-core200-20260905/runs/ui-venus-1.5-30b-a3b-adapted-direct-core200-delay3s/mdcbench_lite_v1/run_01/150_android_smarthome_807,sha256:91659c32b5013b3f1c52b64a21e161ecbd74f70c9cb9529abdfabeba073212e4,final_merged_selected_attempt,FAIL,FAIL,lifecycle_valid,0.25,0.25,selected_attempt_evaluator_trace,50,266.857,max_steps,timeout,2,android+home,android_0+home_0,/Users/Admin/home/MDC_Benchmark_lite_ufo3/worker-worktrees/ui-venus-core200-20260905/runs/ui-venus-1.5-30b-a3b-adapted-direct-core200-delay3s/mdcbench_lite_v1/run_01/150_android_smarthome_807/config/task.json,/Users/Admin/home/MDC_Benchmark_lite_ufo3/worker-worktrees/ui-venus-core200-20260905/runs/ui-venus-1.5-30b-a3b-adapted-direct-core200-delay3s/mdcbench_lite_v1/final_merged_status_after_infrastructure_repairs.json
ui-venus-1.5-30b-a3b,151,android_smarthome_464,android_smarthome,2android_smarthome,run_01,/Users/Admin/home/MDC_Benchmark_lite_ufo3/worker-worktrees/ui-venus-core200-20260905/runs/ui-venus-1.5-30b-a3b-adapted-direct-core200-delay3s/mdcbench_lite_v1/run_01/151_android_smarthome_464,sha256:f74a8a0049cb41ee984c143e94beda1d96612434679c4afdf40a8b928c6d9753,final_merged_selected_attempt,FAIL,FAIL,lifecycle_valid,0.0,0.0,selected_attempt_evaluator_trace,50,398.543,max_steps,timeout,3,android+home,android_0+android_1+home_0,/Users/Admin/home/MDC_Benchmark_lite_ufo3/worker-worktrees/ui-venus-core200-20260905/runs/ui-venus-1.5-30b-a3b-adapted-direct-core200-delay3s/mdcbench_lite_v1/run_01/151_android_smarthome_464/config/task.json,/Users/Admin/home/MDC_Benchmark_lite_ufo3/worker-worktrees/ui-venus-core200-20260905/runs/ui-venus-1.5-30b-a3b-adapted-direct-core200-delay3s/mdcbench_lite_v1/final_merged_status_after_infrastructure_repairs.json
ui-venus-1.5-30b-a3b,152,android_smarthome_875,android_smarthome,android_smarthome,run_01,/Users/Admin/home/MDC_Benchmark_lite_ufo3/worker-worktrees/ui-venus-core200-20260905/runs/ui-venus-1.5-30b-a3b-adapted-direct-core200-delay3s/mdcbench_lite_v1/run_01/152_android_smarthome_875,sha256:859a043600bf7a733cf8068d3177ba48ccacbb48d30290abadeaef6c59c3758f,final_merged_selected_attempt,FAIL,FAIL,lifecycle_valid,0.0,0.0,selected_attempt_evaluator_trace,50,256.807,max_steps,timeout,2,android+home,android_0+home_0,/Users/Admin/home/MDC_Benchmark_lite_ufo3/worker-worktrees/ui-venus-core200-20260905/runs/ui-venus-1.5-30b-a3b-adapted-direct-core200-delay3s/mdcbench_lite_v1/run_01/152_android_smarthome_875/config/task.json,/Users/Admin/home/MDC_Benchmark_lite_ufo3/worker-worktrees/ui-venus-core200-20260905/runs/ui-venus-1.5-30b-a3b-adapted-direct-core200-delay3s/mdcbench_lite_v1/final_merged_status_after_infrastructure_repairs.json
ui-venus-1.5-30b-a3b,153,android_smarthome_888,android_smarthome,2android_smarthome,run_01,/Users/Admin/home/MDC_Benchmark_lite_ufo3/worker-worktrees/ui-venus-core200-20260905/runs/ui-venus-1.5-30b-a3b-adapted-direct-core200-delay3s/mdcbench_lite_v1/run_01/153_android_smarthome_888,sha256:2b7e5af0b56ccd65d5b22449fd2bbe79903820a5327209fab0ee24d6ba937cda,final_merged_selected_attempt,FAIL,FAIL,lifecycle_valid,0.0,0.0,selected_attempt_evaluator_trace,50,279.55,max_steps,timeout,3,android+home,android_0+android_1+home_0,/Users/Admin/home/MDC_Benchmark_lite_ufo3/worker-worktrees/ui-venus-core200-20260905/runs/ui-venus-1.5-30b-a3b-adapted-direct-core200-delay3s/mdcbench_lite_v1/run_01/153_android_smarthome_888/config/task.json,/Users/Admin/home/MDC_Benchmark_lite_ufo3/worker-worktrees/ui-venus-core200-20260905/runs/ui-venus-1.5-30b-a3b-adapted-direct-core200-delay3s/mdcbench_lite_v1/final_merged_status_after_infrastructure_repairs.json
ui-venus-1.5-30b-a3b,154,android_smarthome_766,android_smarthome,2android_smarthome,run_01,/Users/Admin/home/MDC_Benchmark_lite_ufo3/worker-worktrees/ui-venus-core200-20260905/runs/ui-venus-1.5-30b-a3b-adapted-direct-core200-delay3s/mdcbench_lite_v1/run_01/154_android_smarthome_766,sha256:054ab5e65b2ab12ea1a0ad60e818731f95f930fc3fbf435ca87ee1984af34c17,final_merged_selected_attempt,FAIL,FAIL,lifecycle_valid,0.3333333333333333,0.3333333333333333,selected_attempt_evaluator_trace,50,312.764,max_steps,timeout,3,android+home,android_0+android_1+home_0,/Users/Admin/home/MDC_Benchmark_lite_ufo3/worker-worktrees/ui-venus-core200-20260905/runs/ui-venus-1.5-30b-a3b-adapted-direct-core200-delay3s/mdcbench_lite_v1/run_01/154_android_smarthome_766/config/task.json,/Users/Admin/home/MDC_Benchmark_lite_ufo3/worker-worktrees/ui-venus-core200-20260905/runs/ui-venus-1.5-30b-a3b-adapted-direct-core200-delay3s/mdcbench_lite_v1/final_merged_status_after_infrastructure_repairs.json
ui-venus-1.5-30b-a3b,155,android_smarthome_231,android_smarthome,android_smarthome,run_01,/Users/Admin/home/MDC_Benchmark_lite_ufo3/worker-worktrees/ui-venus-core200-20260905/runs/ui-venus-1.5-30b-a3b-adapted-direct-core200-delay3s/mdcbench_lite_v1/run_01/155_android_smarthome_231,sha256:1e6f6622a49afb4d04b66b81614fd665bda424003f3e971c48d3342aa4a2a359,final_merged_selected_attempt,FAIL,FAIL,lifecycle_valid,0.5,0.5,selected_attempt_evaluator_trace,50,246.222,max_steps,timeout,2,android+home,android_0+home_0,/Users/Admin/home/MDC_Benchmark_lite_ufo3/worker-worktrees/ui-venus-core200-20260905/runs/ui-venus-1.5-30b-a3b-adapted-direct-core200-delay3s/mdcbench_lite_v1/run_01/155_android_smarthome_231/config/task.json,/Users/Admin/home/MDC_Benchmark_lite_ufo3/worker-worktrees/ui-venus-core200-20260905/runs/ui-venus-1.5-30b-a3b-adapted-direct-core200-delay3s/mdcbench_lite_v1/final_merged_status_after_infrastructure_repairs.json
ui-venus-1.5-30b-a3b,156,android_smarthome_016,android_smarthome,android_smarthome,run_01,/Users/Admin/home/MDC_Benchmark_lite_ufo3/worker-worktrees/ui-venus-core200-20260905/runs/ui-venus-1.5-30b-a3b-adapted-direct-core200-delay3s/mdcbench_lite_v1/run_01/156_android_smarthome_016,sha256:1f00447cf0462ed24f050cbae06ca694346b8d2b9a98f1ffa28f8ac61e2f15bd,final_merged_selected_attempt,FAIL,FAIL,lifecycle_valid,0.5,0.5,selected_attempt_evaluator_trace,50,270.1,max_steps,timeout,2,android+home,android_0+home_0,/Users/Admin/home/MDC_Benchmark_lite_ufo3/worker-worktrees/ui-venus-core200-20260905/runs/ui-venus-1.5-30b-a3b-adapted-direct-core200-delay3s/mdcbench_lite_v1/run_01/156_android_smarthome_016/config/task.json,/Users/Admin/home/MDC_Benchmark_lite_ufo3/worker-worktrees/ui-venus-core200-20260905/runs/ui-venus-1.5-30b-a3b-adapted-direct-core200-delay3s/mdcbench_lite_v1/final_merged_status_after_infrastructure_repairs.json
ui-venus-1.5-30b-a3b,157,android_smarthome_202,android_smarthome,android_smarthome,run_01,/Users/Admin/home/MDC_Benchmark_lite_ufo3/worker-worktrees/ui-venus-core200-20260905/runs/ui-venus-1.5-30b-a3b-adapted-direct-core200-delay3s/mdcbench_lite_v1/run_01/157_android_smarthome_202,sha256:8ef6502d1bc1d8d52ad3a10238ec9dd075b74e90596f5bb3234314083794f82c,final_merged_selected_attempt,FAIL,FAIL,lifecycle_valid,0.0,0.0,selected_attempt_evaluator_trace,3,33.619,done,model_behavior,2,android+home,android_0+home_0,/Users/Admin/home/MDC_Benchmark_lite_ufo3/worker-worktrees/ui-venus-core200-20260905/runs/ui-venus-1.5-30b-a3b-adapted-direct-core200-delay3s/mdcbench_lite_v1/run_01/157_android_smarthome_202/config/task.json,/Users/Admin/home/MDC_Benchmark_lite_ufo3/worker-worktrees/ui-venus-core200-20260905/runs/ui-venus-1.5-30b-a3b-adapted-direct-core200-delay3s/mdcbench_lite_v1/final_merged_status_after_infrastructure_repairs.json
ui-venus-1.5-30b-a3b,158,android_smarthome_219,android_smarthome,android_smarthome,run_01,/Users/Admin/home/MDC_Benchmark_lite_ufo3/worker-worktrees/ui-venus-core200-20260905/runs/ui-venus-1.5-30b-a3b-adapted-direct-core200-delay3s/mdcbench_lite_v1/run_01/158_android_smarthome_219,sha256:6a4db415cd1fef6325a0f12ebd8df5891a0f9eef29db0c3620459d42d08f5d55,final_merged_selected_attempt,FAIL,FAIL,lifecycle_valid,0.5,0.5,selected_attempt_evaluator_trace,3,30.956,done,model_behavior,2,android+home,android_0+home_0,/Users/Admin/home/MDC_Benchmark_lite_ufo3/worker-worktrees/ui-venus-core200-20260905/runs/ui-venus-1.5-30b-a3b-adapted-direct-core200-delay3s/mdcbench_lite_v1/run_01/158_android_smarthome_219/config/task.json,/Users/Admin/home/MDC_Benchmark_lite_ufo3/worker-worktrees/ui-venus-core200-20260905/runs/ui-venus-1.5-30b-a3b-adapted-direct-core200-delay3s/mdcbench_lite_v1/final_merged_status_after_infrastructure_repairs.json
ui-venus-1.5-30b-a3b,159,android_smarthome_233,android_smarthome,android_smarthome,run_01,/Users/Admin/home/MDC_Benchmark_lite_ufo3/worker-worktrees/ui-venus-core200-20260905/runs/ui-venus-1.5-30b-a3b-adapted-direct-core200-delay3s/mdcbench_lite_v1/run_01/159_android_smarthome_233,sha256:7f653031bc027a7eb0037c3480eb2899bad48b42e66ca0ba8f77e067d79046b1,final_merged_selected_attempt,FAIL,FAIL,lifecycle_valid,0.6666666666666666,0.6666666666666666,selected_attempt_evaluator_trace,50,265.884,max_steps,timeout,2,android+home,android_0+home_0,/Users/Admin/home/MDC_Benchmark_lite_ufo3/worker-worktrees/ui-venus-core200-20260905/runs/ui-venus-1.5-30b-a3b-adapted-direct-core200-delay3s/mdcbench_lite_v1/run_01/159_android_smarthome_233/config/task.json,/Users/Admin/home/MDC_Benchmark_lite_ufo3/worker-worktrees/ui-venus-core200-20260905/runs/ui-venus-1.5-30b-a3b-adapted-direct-core200-delay3s/mdcbench_lite_v1/final_merged_status_after_infrastructure_repairs.json
ui-venus-1.5-30b-a3b,160,android_smarthome_147,android_smarthome,2android_smarthome,run_01,/Users/Admin/home/MDC_Benchmark_lite_ufo3/worker-worktrees/ui-venus-core200-20260905/runs/ui-venus-1.5-30b-a3b-adapted-direct-core200-delay3s/mdcbench_lite_v1/run_01/160_android_smarthome_147,sha256:8426e7a7d1221e864b53bab31121975a46b88679941ffa8e37c1152ab1faa8e4,final_merged_selected_attempt,FAIL,FAIL,lifecycle_valid,0.25,0.25,selected_attempt_evaluator_trace,50,321.69,max_steps,timeout,3,android+home,android_0+android_1+home_0,/Users/Admin/home/MDC_Benchmark_lite_ufo3/worker-worktrees/ui-venus-core200-20260905/runs/ui-venus-1.5-30b-a3b-adapted-direct-core200-delay3s/mdcbench_lite_v1/run_01/160_android_smarthome_147/config/task.json,/Users/Admin/home/MDC_Benchmark_lite_ufo3/worker-worktrees/ui-venus-core200-20260905/runs/ui-venus-1.5-30b-a3b-adapted-direct-core200-delay3s/mdcbench_lite_v1/final_merged_status_after_infrastructure_repairs.json
ui-venus-1.5-30b-a3b,161,android_only_267,android_only,2android,run_01,/Users/Admin/home/MDC_Benchmark_lite_ufo3/worker-worktrees/ui-venus-core200-20260905/runs/ui-venus-1.5-30b-a3b-adapted-direct-core200-delay3s/mdcbench_lite_v1/run_01/161_android_only_267,sha256:d2b6d921547ab84caa1c06fbc594e195b8faca55e7128c779024ddc7455f0c05,final_merged_selected_attempt,FAIL,FAIL,lifecycle_valid,0.0,0.0,selected_attempt_evaluator_trace,50,327.857,max_steps,timeout,2,android,android_0+android_1,/Users/Admin/home/MDC_Benchmark_lite_ufo3/worker-worktrees/ui-venus-core200-20260905/runs/ui-venus-1.5-30b-a3b-adapted-direct-core200-delay3s/mdcbench_lite_v1/run_01/161_android_only_267/config/task.json,/Users/Admin/home/MDC_Benchmark_lite_ufo3/worker-worktrees/ui-venus-core200-20260905/runs/ui-venus-1.5-30b-a3b-adapted-direct-core200-delay3s/mdcbench_lite_v1/final_merged_status_after_infrastructure_repairs.json
ui-venus-1.5-30b-a3b,162,android_only_234,android_only,2android,run_01,/Users/Admin/home/MDC_Benchmark_lite_ufo3/worker-worktrees/ui-venus-core200-20260905/runs/ui-venus-1.5-30b-a3b-adapted-direct-core200-delay3s/mdcbench_lite_v1/run_01/162_android_only_234,sha256:2a28d85f7f51cd21b1504b5f8d8cc6dc58a67748b0bdc8ab482ab13c1a6f91c1,final_merged_selected_attempt,FAIL,FAIL,lifecycle_valid,0.5,0.5,selected_attempt_evaluator_trace,50,306.688,max_steps,timeout,2,android,android_0+android_1,/Users/Admin/home/MDC_Benchmark_lite_ufo3/worker-worktrees/ui-venus-core200-20260905/runs/ui-venus-1.5-30b-a3b-adapted-direct-core200-delay3s/mdcbench_lite_v1/run_01/162_android_only_234/config/task.json,/Users/Admin/home/MDC_Benchmark_lite_ufo3/worker-worktrees/ui-venus-core200-20260905/runs/ui-venus-1.5-30b-a3b-adapted-direct-core200-delay3s/mdcbench_lite_v1/final_merged_status_after_infrastructure_repairs.json
ui-venus-1.5-30b-a3b,163,android_only_214,android_only,2android,run_01,/Users/Admin/home/MDC_Benchmark_lite_ufo3/worker-worktrees/ui-venus-core200-20260905/runs/ui-venus-1.5-30b-a3b-adapted-direct-core200-delay3s/mdcbench_lite_v1/run_01/163_android_only_214,sha256:952d75ecb4c77b0693190534e262b390617ec65e9d4977508cc6ef607c6ffadd,final_merged_selected_attempt,FAIL,FAIL,lifecycle_valid,0.0,0.0,selected_attempt_evaluator_trace,50,338.437,max_steps,timeout,2,android,android_0+android_1,/Users/Admin/home/MDC_Benchmark_lite_ufo3/worker-worktrees/ui-venus-core200-20260905/runs/ui-venus-1.5-30b-a3b-adapted-direct-core200-delay3s/mdcbench_lite_v1/run_01/163_android_only_214/config/task.json,/Users/Admin/home/MDC_Benchmark_lite_ufo3/worker-worktrees/ui-venus-core200-20260905/runs/ui-venus-1.5-30b-a3b-adapted-direct-core200-delay3s/mdcbench_lite_v1/final_merged_status_after_infrastructure_repairs.json
ui-venus-1.5-30b-a3b,164,android_only_305,android_only,2android,run_01,/Users/Admin/home/MDC_Benchmark_lite_ufo3/worker-worktrees/ui-venus-core200-20260905/runs/ui-venus-1.5-30b-a3b-adapted-direct-core200-delay3s/mdcbench_lite_v1/run_01/164_android_only_305,sha256:be29e0c187cf24e8397b414cd8924c779185422b8c358a822ef8121c4a292057,final_merged_selected_attempt,FAIL,FAIL,lifecycle_valid,0.5,0.5,selected_attempt_evaluator_trace,50,326.603,max_steps,timeout,2,android,android_0+android_1,/Users/Admin/home/MDC_Benchmark_lite_ufo3/worker-worktrees/ui-venus-core200-20260905/runs/ui-venus-1.5-30b-a3b-adapted-direct-core200-delay3s/mdcbench_lite_v1/run_01/164_android_only_305/config/task.json,/Users/Admin/home/MDC_Benchmark_lite_ufo3/worker-worktrees/ui-venus-core200-20260905/runs/ui-venus-1.5-30b-a3b-adapted-direct-core200-delay3s/mdcbench_lite_v1/final_merged_status_after_infrastructure_repairs.json
ui-venus-1.5-30b-a3b,165,android_only_264,android_only,2android,run_01,/Users/Admin/home/MDC_Benchmark_lite_ufo3/worker-worktrees/ui-venus-core200-20260905/runs/ui-venus-1.5-30b-a3b-adapted-direct-core200-delay3s/mdcbench_lite_v1/run_01/165_android_only_264,sha256:d1dcc44115159aef589de6b8146fb85a3c0ba2485158bc2c74b0f064051a3a8d,final_merged_selected_attempt,FAIL,FAIL,lifecycle_valid,0.0,0.0,selected_attempt_evaluator_trace,50,342.785,max_steps,timeout,2,android,android_0+android_1,/Users/Admin/home/MDC_Benchmark_lite_ufo3/worker-worktrees/ui-venus-core200-20260905/runs/ui-venus-1.5-30b-a3b-adapted-direct-core200-delay3s/mdcbench_lite_v1/run_01/165_android_only_264/config/task.json,/Users/Admin/home/MDC_Benchmark_lite_ufo3/worker-worktrees/ui-venus-core200-20260905/runs/ui-venus-1.5-30b-a3b-adapted-direct-core200-delay3s/mdcbench_lite_v1/final_merged_status_after_infrastructure_repairs.json
ui-venus-1.5-30b-a3b,166,android_only_236,android_only,2android,run_01,/Users/Admin/home/MDC_Benchmark_lite_ufo3/worker-worktrees/ui-venus-core200-20260905/runs/ui-venus-1.5-30b-a3b-adapted-direct-core200-delay3s/mdcbench_lite_v1/run_01/166_android_only_236,sha256:f1e527c49a7680a7c931b4fbdafce5b76fbc758d65442342eddd54f8c774e4f6,final_merged_selected_attempt,FAIL,FAIL,lifecycle_valid,0.75,0.75,selected_attempt_evaluator_trace,50,390.72,max_steps,timeout,2,android,android_0+android_1,/Users/Admin/home/MDC_Benchmark_lite_ufo3/worker-worktrees/ui-venus-core200-20260905/runs/ui-venus-1.5-30b-a3b-adapted-direct-core200-delay3s/mdcbench_lite_v1/run_01/166_android_only_236/config/task.json,/Users/Admin/home/MDC_Benchmark_lite_ufo3/worker-worktrees/ui-venus-core200-20260905/runs/ui-venus-1.5-30b-a3b-adapted-direct-core200-delay3s/mdcbench_lite_v1/final_merged_status_after_infrastructure_repairs.json
ui-venus-1.5-30b-a3b,167,android_only_254,android_only,2android,run_01,/Users/Admin/home/MDC_Benchmark_lite_ufo3/worker-worktrees/ui-venus-core200-20260905/runs/ui-venus-1.5-30b-a3b-adapted-direct-core200-delay3s/mdcbench_lite_v1/run_01/167_android_only_254,sha256:eae4b01b5847fe9b7f2118ed979685b1461240a9d927fc8b3b8007b6d473a885,final_merged_selected_attempt,FAIL,FAIL,lifecycle_valid,0.0,0.0,selected_attempt_evaluator_trace,50,338.0,max_steps,timeout,2,android,android_0+android_1,/Users/Admin/home/MDC_Benchmark_lite_ufo3/worker-worktrees/ui-venus-core200-20260905/runs/ui-venus-1.5-30b-a3b-adapted-direct-core200-delay3s/mdcbench_lite_v1/run_01/167_android_only_254/config/task.json,/Users/Admin/home/MDC_Benchmark_lite_ufo3/worker-worktrees/ui-venus-core200-20260905/runs/ui-venus-1.5-30b-a3b-adapted-direct-core200-delay3s/mdcbench_lite_v1/final_merged_status_after_infrastructure_repairs.json
ui-venus-1.5-30b-a3b,168,android_only_218,android_only,2android,run_01,/Users/Admin/home/MDC_Benchmark_lite_ufo3/worker-worktrees/ui-venus-core200-20260905/runs/ui-venus-1.5-30b-a3b-adapted-direct-core200-delay3s/mdcbench_lite_v1/run_01/168_android_only_218,sha256:838bc0c7fdf6ebbdc31987724ae498ffd72bc20b81274741095657551d36e69d,final_merged_selected_attempt,FAIL,FAIL,lifecycle_valid,0.0,0.0,selected_attempt_evaluator_trace,50,294.931,max_steps,timeout,2,android,android_0+android_1,/Users/Admin/home/MDC_Benchmark_lite_ufo3/worker-worktrees/ui-venus-core200-20260905/runs/ui-venus-1.5-30b-a3b-adapted-direct-core200-delay3s/mdcbench_lite_v1/run_01/168_android_only_218/config/task.json,/Users/Admin/home/MDC_Benchmark_lite_ufo3/worker-worktrees/ui-venus-core200-20260905/runs/ui-venus-1.5-30b-a3b-adapted-direct-core200-delay3s/mdcbench_lite_v1/final_merged_status_after_infrastructure_repairs.json
ui-venus-1.5-30b-a3b,169,android_only_260,android_only,2android,run_01,/Users/Admin/home/MDC_Benchmark_lite_ufo3/worker-worktrees/ui-venus-core200-20260905/runs/ui-venus-1.5-30b-a3b-adapted-direct-core200-delay3s/mdcbench_lite_v1/run_01/169_android_only_260,sha256:a0ec0cdb8a8e34b67d38e159186a78f04b7b9616c1f2b21305d3b28ea1edbe5d,final_merged_selected_attempt,FAIL,FAIL,lifecycle_valid,0.0,0.0,selected_attempt_evaluator_trace,50,280.912,max_steps,timeout,2,android,android_0+android_1,/Users/Admin/home/MDC_Benchmark_lite_ufo3/worker-worktrees/ui-venus-core200-20260905/runs/ui-venus-1.5-30b-a3b-adapted-direct-core200-delay3s/mdcbench_lite_v1/run_01/169_android_only_260/config/task.json,/Users/Admin/home/MDC_Benchmark_lite_ufo3/worker-worktrees/ui-venus-core200-20260905/runs/ui-venus-1.5-30b-a3b-adapted-direct-core200-delay3s/mdcbench_lite_v1/final_merged_status_after_infrastructure_repairs.json
ui-venus-1.5-30b-a3b,170,android_only_285,android_only,2android,run_01,/Users/Admin/home/MDC_Benchmark_lite_ufo3/worker-worktrees/ui-venus-core200-20260905/runs/ui-venus-1.5-30b-a3b-adapted-direct-core200-delay3s/mdcbench_lite_v1/run_01/170_android_only_285,sha256:3d83dd3b5bf5ea3e9ffbb1ca9448b1a5b7a35afe38de5210a362ac16df9b2273,final_merged_selected_attempt,FAIL,FAIL,lifecycle_valid,0.5,0.5,selected_attempt_evaluator_trace,50,326.49,max_steps,timeout,2,android,android_0+android_1,/Users/Admin/home/MDC_Benchmark_lite_ufo3/worker-worktrees/ui-venus-core200-20260905/runs/ui-venus-1.5-30b-a3b-adapted-direct-core200-delay3s/mdcbench_lite_v1/run_01/170_android_only_285/config/task.json,/Users/Admin/home/MDC_Benchmark_lite_ufo3/worker-worktrees/ui-venus-core200-20260905/runs/ui-venus-1.5-30b-a3b-adapted-direct-core200-delay3s/mdcbench_lite_v1/final_merged_status_after_infrastructure_repairs.json
ui-venus-1.5-30b-a3b,171,android_only_210,android_only,2android,run_01,/Users/Admin/home/MDC_Benchmark_lite_ufo3/worker-worktrees/ui-venus-core200-20260905/runs/ui-venus-1.5-30b-a3b-adapted-direct-core200-delay3s/mdcbench_lite_v1/run_01/171_android_only_210,sha256:9c8530e829afe89fdf7ce18ee78c412a6a9161635ea94f3ed4677fa816ff8459,final_merged_selected_attempt,FAIL,FAIL,lifecycle_valid,0.0,0.0,selected_attempt_evaluator_trace,50,292.741,max_steps,timeout,2,android,android_0+android_1,/Users/Admin/home/MDC_Benchmark_lite_ufo3/worker-worktrees/ui-venus-core200-20260905/runs/ui-venus-1.5-30b-a3b-adapted-direct-core200-delay3s/mdcbench_lite_v1/run_01/171_android_only_210/config/task.json,/Users/Admin/home/MDC_Benchmark_lite_ufo3/worker-worktrees/ui-venus-core200-20260905/runs/ui-venus-1.5-30b-a3b-adapted-direct-core200-delay3s/mdcbench_lite_v1/final_merged_status_after_infrastructure_repairs.json
ui-venus-1.5-30b-a3b,172,android_only_274,android_only,2android,run_01,/Users/Admin/home/MDC_Benchmark_lite_ufo3/worker-worktrees/ui-venus-core200-20260905/runs/ui-venus-1.5-30b-a3b-adapted-direct-core200-delay3s/mdcbench_lite_v1/run_01/172_android_only_274,sha256:555702447d9f445987ad69f1cc261fe47b93a40ccd2fcefcbfd17c40d70af25a,final_merged_selected_attempt,FAIL,FAIL,lifecycle_valid,0.0,0.0,selected_attempt_evaluator_trace,50,312.944,max_steps,timeout,2,android,android_0+android_1,/Users/Admin/home/MDC_Benchmark_lite_ufo3/worker-worktrees/ui-venus-core200-20260905/runs/ui-venus-1.5-30b-a3b-adapted-direct-core200-delay3s/mdcbench_lite_v1/run_01/172_android_only_274/config/task.json,/Users/Admin/home/MDC_Benchmark_lite_ufo3/worker-worktrees/ui-venus-core200-20260905/runs/ui-venus-1.5-30b-a3b-adapted-direct-core200-delay3s/mdcbench_lite_v1/final_merged_status_after_infrastructure_repairs.json
ui-venus-1.5-30b-a3b,173,android_only_223,android_only,2android,run_01,/Users/Admin/home/MDC_Benchmark_lite_ufo3/worker-worktrees/ui-venus-core200-20260905/runs/ui-venus-1.5-30b-a3b-adapted-direct-core200-delay3s/mdcbench_lite_v1/run_01/173_android_only_223,sha256:2d081fea377e589d518d0dc4f78adececa85d2b1e4e3d727450889f805a4aaee,final_merged_selected_attempt,FAIL,FAIL,lifecycle_valid,0.0,0.0,selected_attempt_evaluator_trace,50,285.832,max_steps,timeout,2,android,android_0+android_1,/Users/Admin/home/MDC_Benchmark_lite_ufo3/worker-worktrees/ui-venus-core200-20260905/runs/ui-venus-1.5-30b-a3b-adapted-direct-core200-delay3s/mdcbench_lite_v1/run_01/173_android_only_223/config/task.json,/Users/Admin/home/MDC_Benchmark_lite_ufo3/worker-worktrees/ui-venus-core200-20260905/runs/ui-venus-1.5-30b-a3b-adapted-direct-core200-delay3s/mdcbench_lite_v1/final_merged_status_after_infrastructure_repairs.json
ui-venus-1.5-30b-a3b,174,android_only_247,android_only,2android,run_01,/Users/Admin/home/MDC_Benchmark_lite_ufo3/worker-worktrees/ui-venus-core200-20260905/runs/ui-venus-1.5-30b-a3b-adapted-direct-core200-delay3s/mdcbench_lite_v1/run_01/174_android_only_247,sha256:52c0b8c5805e4da3eef52e7d8ab260e12d5ed45b9f0a74db5f7a435d206c881c,final_merged_selected_attempt,FAIL,FAIL,lifecycle_valid,0.5,0.5,selected_attempt_evaluator_trace,50,373.627,max_steps,timeout,2,android,android_0+android_1,/Users/Admin/home/MDC_Benchmark_lite_ufo3/worker-worktrees/ui-venus-core200-20260905/runs/ui-venus-1.5-30b-a3b-adapted-direct-core200-delay3s/mdcbench_lite_v1/run_01/174_android_only_247/config/task.json,/Users/Admin/home/MDC_Benchmark_lite_ufo3/worker-worktrees/ui-venus-core200-20260905/runs/ui-venus-1.5-30b-a3b-adapted-direct-core200-delay3s/mdcbench_lite_v1/final_merged_status_after_infrastructure_repairs.json
ui-venus-1.5-30b-a3b,175,android_only_270,android_only,2android,run_01,/Users/Admin/home/MDC_Benchmark_lite_ufo3/worker-worktrees/ui-venus-core200-20260905/runs/ui-venus-1.5-30b-a3b-adapted-direct-core200-delay3s/mdcbench_lite_v1/run_01/175_android_only_270,sha256:8b12f7f31273477052ba95d260da9d00eadd685ce68461901308dc633aee654a,final_merged_selected_attempt,FAIL,FAIL,lifecycle_valid,0.0,0.0,selected_attempt_evaluator_trace,50,494.019,max_steps,timeout,2,android,android_0+android_1,/Users/Admin/home/MDC_Benchmark_lite_ufo3/worker-worktrees/ui-venus-core200-20260905/runs/ui-venus-1.5-30b-a3b-adapted-direct-core200-delay3s/mdcbench_lite_v1/run_01/175_android_only_270/config/task.json,/Users/Admin/home/MDC_Benchmark_lite_ufo3/worker-worktrees/ui-venus-core200-20260905/runs/ui-venus-1.5-30b-a3b-adapted-direct-core200-delay3s/mdcbench_lite_v1/final_merged_status_after_infrastructure_repairs.json
ui-venus-1.5-30b-a3b,176,linux_only_279,linux_only,2linux,run_01,/Users/Admin/home/MDC_Benchmark_lite_ufo3/worker-worktrees/ui-venus-core200-20260905/runs/ui-venus-1.5-30b-a3b-adapted-direct-core200-delay3s/mdcbench_lite_v1/run_01/176_linux_only_279,sha256:3ceda44d35e9b7f27e035489cac8998c97a3fef7a858ee561722eb65b0e49bf2,final_merged_selected_attempt,FAIL,FAIL,lifecycle_valid,0.0,0.0,selected_attempt_evaluator_trace,6,251.868,done,model_behavior,2,linux,linux_0+linux_1,/Users/Admin/home/MDC_Benchmark_lite_ufo3/worker-worktrees/ui-venus-core200-20260905/runs/ui-venus-1.5-30b-a3b-adapted-direct-core200-delay3s/mdcbench_lite_v1/run_01/176_linux_only_279/config/task.json,/Users/Admin/home/MDC_Benchmark_lite_ufo3/worker-worktrees/ui-venus-core200-20260905/runs/ui-venus-1.5-30b-a3b-adapted-direct-core200-delay3s/mdcbench_lite_v1/final_merged_status_after_infrastructure_repairs.json
ui-venus-1.5-30b-a3b,177,linux_only_305,linux_only,2linux,run_01,/Users/Admin/home/MDC_Benchmark_lite_ufo3/worker-worktrees/ui-venus-core200-20260905/runs/ui-venus-1.5-30b-a3b-adapted-direct-core200-delay3s/mdcbench_lite_v1/run_01/177_linux_only_305,sha256:465084497eec95ea8730efc1de86032d7ccfff8d9419af0693280959d346d7cc,final_merged_selected_attempt,FAIL,FAIL,lifecycle_valid,0.0,0.0,selected_attempt_evaluator_trace,50,461.352,max_steps,timeout,2,linux,linux_0+linux_1,/Users/Admin/home/MDC_Benchmark_lite_ufo3/worker-worktrees/ui-venus-core200-20260905/runs/ui-venus-1.5-30b-a3b-adapted-direct-core200-delay3s/mdcbench_lite_v1/run_01/177_linux_only_305/config/task.json,/Users/Admin/home/MDC_Benchmark_lite_ufo3/worker-worktrees/ui-venus-core200-20260905/runs/ui-venus-1.5-30b-a3b-adapted-direct-core200-delay3s/mdcbench_lite_v1/final_merged_status_after_infrastructure_repairs.json
ui-venus-1.5-30b-a3b,178,linux_only_249,linux_only,2linux,run_01,/Users/Admin/home/MDC_Benchmark_lite_ufo3/worker-worktrees/ui-venus-core200-20260905/runs/ui-venus-1.5-30b-a3b-adapted-direct-core200-delay3s/mdcbench_lite_v1/run_01/178_linux_only_249,sha256:34eb7ad8d2944acbcb42b4a4a1ce6cab19fb447ed648e70d7154294077c4d51b,final_merged_selected_attempt,FAIL,FAIL,lifecycle_valid,0.0,0.0,selected_attempt_evaluator_trace,50,508.874,max_steps,timeout,2,linux,linux_0+linux_1,/Users/Admin/home/MDC_Benchmark_lite_ufo3/worker-worktrees/ui-venus-core200-20260905/runs/ui-venus-1.5-30b-a3b-adapted-direct-core200-delay3s/mdcbench_lite_v1/run_01/178_linux_only_249/config/task.json,/Users/Admin/home/MDC_Benchmark_lite_ufo3/worker-worktrees/ui-venus-core200-20260905/runs/ui-venus-1.5-30b-a3b-adapted-direct-core200-delay3s/mdcbench_lite_v1/final_merged_status_after_infrastructure_repairs.json
ui-venus-1.5-30b-a3b,179,linux_only_224,linux_only,2linux,run_01,/Users/Admin/home/MDC_Benchmark_lite_ufo3/worker-worktrees/ui-venus-core200-20260905/runs/ui-venus-1.5-30b-a3b-adapted-direct-core200-delay3s/mdcbench_lite_v1/run_01/179_linux_only_224,sha256:07d8a15cf3b0a0a3f4b36176eed41d0d1b6595d2f9d371a69de50014368abf63,final_merged_selected_attempt,FAIL,FAIL,lifecycle_valid,0.0,0.0,selected_attempt_evaluator_trace,50,460.983,max_steps,timeout,2,linux,linux_0+linux_1,/Users/Admin/home/MDC_Benchmark_lite_ufo3/worker-worktrees/ui-venus-core200-20260905/runs/ui-venus-1.5-30b-a3b-adapted-direct-core200-delay3s/mdcbench_lite_v1/run_01/179_linux_only_224/config/task.json,/Users/Admin/home/MDC_Benchmark_lite_ufo3/worker-worktrees/ui-venus-core200-20260905/runs/ui-venus-1.5-30b-a3b-adapted-direct-core200-delay3s/mdcbench_lite_v1/final_merged_status_after_infrastructure_repairs.json
ui-venus-1.5-30b-a3b,180,linux_only_298,linux_only,2linux,run_01,/Users/Admin/home/MDC_Benchmark_lite_ufo3/worker-worktrees/ui-venus-core200-20260905/runs/ui-venus-1.5-30b-a3b-adapted-direct-core200-delay3s/mdcbench_lite_v1/run_01/180_linux_only_298,sha256:d12ee81353bd92bae548a81eaf40309d8acadb6e06c36c7d7473edd1b1018f77,final_merged_selected_attempt,PASS,PASS,lifecycle_valid,1.0,1.0,selected_attempt_evaluator_trace,6,224.496,done,passed,2,linux,linux_0+linux_1,/Users/Admin/home/MDC_Benchmark_lite_ufo3/worker-worktrees/ui-venus-core200-20260905/runs/ui-venus-1.5-30b-a3b-adapted-direct-core200-delay3s/mdcbench_lite_v1/run_01/180_linux_only_298/config/task.json,/Users/Admin/home/MDC_Benchmark_lite_ufo3/worker-worktrees/ui-venus-core200-20260905/runs/ui-venus-1.5-30b-a3b-adapted-direct-core200-delay3s/mdcbench_lite_v1/final_merged_status_after_infrastructure_repairs.json
ui-venus-1.5-30b-a3b,181,linux_only_218,linux_only,2linux,run_01,/Users/Admin/home/MDC_Benchmark_lite_ufo3/worker-worktrees/ui-venus-core200-20260905/runs/ui-venus-1.5-30b-a3b-adapted-direct-core200-delay3s/mdcbench_lite_v1/run_01/181_linux_only_218,sha256:2d4ad0f53fba414465847378211b8b34418f4d17fb045ebf4312da3c336349c2,final_merged_selected_attempt,FAIL,FAIL,lifecycle_valid,0.0,0.0,selected_attempt_evaluator_trace,50,440.996,max_steps,timeout,2,linux,linux_0+linux_1,/Users/Admin/home/MDC_Benchmark_lite_ufo3/worker-worktrees/ui-venus-core200-20260905/runs/ui-venus-1.5-30b-a3b-adapted-direct-core200-delay3s/mdcbench_lite_v1/run_01/181_linux_only_218/config/task.json,/Users/Admin/home/MDC_Benchmark_lite_ufo3/worker-worktrees/ui-venus-core200-20260905/runs/ui-venus-1.5-30b-a3b-adapted-direct-core200-delay3s/mdcbench_lite_v1/final_merged_status_after_infrastructure_repairs.json
ui-venus-1.5-30b-a3b,182,linux_only_259,linux_only,2linux,run_01,/Users/Admin/home/MDC_Benchmark_lite_ufo3/worker-worktrees/ui-venus-core200-20260905/runs/ui-venus-1.5-30b-a3b-adapted-direct-core200-delay3s/mdcbench_lite_v1/run_01/182_linux_only_259,sha256:cc15139696ac072ebe59d173857f1a0eedf4986719bda52a6d11e8f0891f58dd,final_merged_selected_attempt,FAIL,FAIL,lifecycle_valid,0.0,0.0,selected_attempt_evaluator_trace,50,536.446,max_steps,timeout,2,linux,linux_0+linux_1,/Users/Admin/home/MDC_Benchmark_lite_ufo3/worker-worktrees/ui-venus-core200-20260905/runs/ui-venus-1.5-30b-a3b-adapted-direct-core200-delay3s/mdcbench_lite_v1/run_01/182_linux_only_259/config/task.json,/Users/Admin/home/MDC_Benchmark_lite_ufo3/worker-worktrees/ui-venus-core200-20260905/runs/ui-venus-1.5-30b-a3b-adapted-direct-core200-delay3s/mdcbench_lite_v1/final_merged_status_after_infrastructure_repairs.json
ui-venus-1.5-30b-a3b,183,linux_only_295,linux_only,2linux,run_01,/Users/Admin/home/MDC_Benchmark_lite_ufo3/worker-worktrees/ui-venus-core200-20260905/runs/ui-venus-1.5-30b-a3b-adapted-direct-core200-delay3s/mdcbench_lite_v1/run_01/183_linux_only_295,sha256:7e636d818ce8d84eca30fcd43ce48345bb3f66f1abc761b4eeeecd1d5141e702,final_merged_selected_attempt,FAIL,FAIL,lifecycle_valid,0.0,0.0,selected_attempt_evaluator_trace,50,488.821,max_steps,timeout,2,linux,linux_0+linux_1,/Users/Admin/home/MDC_Benchmark_lite_ufo3/worker-worktrees/ui-venus-core200-20260905/runs/ui-venus-1.5-30b-a3b-adapted-direct-core200-delay3s/mdcbench_lite_v1/run_01/183_linux_only_295/config/task.json,/Users/Admin/home/MDC_Benchmark_lite_ufo3/worker-worktrees/ui-venus-core200-20260905/runs/ui-venus-1.5-30b-a3b-adapted-direct-core200-delay3s/mdcbench_lite_v1/final_merged_status_after_infrastructure_repairs.json
ui-venus-1.5-30b-a3b,184,linux_only_313,linux_only,2linux,run_01,/Users/Admin/home/MDC_Benchmark_lite_ufo3/worker-worktrees/ui-venus-core200-20260905/runs/ui-venus-1.5-30b-a3b-adapted-direct-core200-delay3s/mdcbench_lite_v1/run_01/184_linux_only_313,sha256:3d89132ac6321e8afb2eaac4083abf00ce6e3b600e544f7905aada9ebc3953ac,final_merged_selected_attempt,FAIL,FAIL,lifecycle_valid,0.0,0.0,selected_attempt_evaluator_trace,50,418.266,max_steps,timeout,2,linux,linux_0+linux_1,/Users/Admin/home/MDC_Benchmark_lite_ufo3/worker-worktrees/ui-venus-core200-20260905/runs/ui-venus-1.5-30b-a3b-adapted-direct-core200-delay3s/mdcbench_lite_v1/run_01/184_linux_only_313/config/task.json,/Users/Admin/home/MDC_Benchmark_lite_ufo3/worker-worktrees/ui-venus-core200-20260905/runs/ui-venus-1.5-30b-a3b-adapted-direct-core200-delay3s/mdcbench_lite_v1/final_merged_status_after_infrastructure_repairs.json
ui-venus-1.5-30b-a3b,185,linux_only_275,linux_only,2linux,run_01,/Users/Admin/home/MDC_Benchmark_lite_ufo3/worker-worktrees/ui-venus-core200-20260905/runs/ui-venus-1.5-30b-a3b-adapted-direct-core200-delay3s/mdcbench_lite_v1/run_01/185_linux_only_275,sha256:cd0bb8c88c34dcccd6587446973552840151b7253ec464bf5d58c30629e867b4,final_merged_selected_attempt,FAIL,FAIL,lifecycle_valid,0.0,0.0,selected_attempt_evaluator_trace,50,500.121,max_steps,timeout,2,linux,linux_0+linux_1,/Users/Admin/home/MDC_Benchmark_lite_ufo3/worker-worktrees/ui-venus-core200-20260905/runs/ui-venus-1.5-30b-a3b-adapted-direct-core200-delay3s/mdcbench_lite_v1/run_01/185_linux_only_275/config/task.json,/Users/Admin/home/MDC_Benchmark_lite_ufo3/worker-worktrees/ui-venus-core200-20260905/runs/ui-venus-1.5-30b-a3b-adapted-direct-core200-delay3s/mdcbench_lite_v1/final_merged_status_after_infrastructure_repairs.json
ui-venus-1.5-30b-a3b,186,linux_only_283,linux_only,2linux,run_01,/Users/Admin/home/MDC_Benchmark_lite_ufo3/worker-worktrees/ui-venus-core200-20260905/runs/ui-venus-1.5-30b-a3b-adapted-direct-core200-delay3s/mdcbench_lite_v1/run_01/186_linux_only_283,sha256:9da2b6e1068b5b940e4b72d02531716896f8b09858a15fd0c283e688afe628a4,final_merged_selected_attempt,FAIL,FAIL,lifecycle_valid,0.0,0.0,selected_attempt_evaluator_trace,7,242.538,done,model_behavior,2,linux,linux_0+linux_1,/Users/Admin/home/MDC_Benchmark_lite_ufo3/worker-worktrees/ui-venus-core200-20260905/runs/ui-venus-1.5-30b-a3b-adapted-direct-core200-delay3s/mdcbench_lite_v1/run_01/186_linux_only_283/config/task.json,/Users/Admin/home/MDC_Benchmark_lite_ufo3/worker-worktrees/ui-venus-core200-20260905/runs/ui-venus-1.5-30b-a3b-adapted-direct-core200-delay3s/mdcbench_lite_v1/final_merged_status_after_infrastructure_repairs.json
ui-venus-1.5-30b-a3b,187,linux_only_300,linux_only,2linux,run_01,/Users/Admin/home/MDC_Benchmark_lite_ufo3/worker-worktrees/ui-venus-core200-20260905/runs/ui-venus-1.5-30b-a3b-adapted-direct-core200-delay3s/mdcbench_lite_v1/run_01/187_linux_only_300,sha256:b4b2db551360846e68de0f6e8c7e8870392f6bb541445bd4db7b081e7e4d2302,final_merged_selected_attempt,FAIL,FAIL,lifecycle_valid,0.0,0.0,selected_attempt_evaluator_trace,50,535.366,max_steps,timeout,2,linux,linux_0+linux_1,/Users/Admin/home/MDC_Benchmark_lite_ufo3/worker-worktrees/ui-venus-core200-20260905/runs/ui-venus-1.5-30b-a3b-adapted-direct-core200-delay3s/mdcbench_lite_v1/run_01/187_linux_only_300/config/task.json,/Users/Admin/home/MDC_Benchmark_lite_ufo3/worker-worktrees/ui-venus-core200-20260905/runs/ui-venus-1.5-30b-a3b-adapted-direct-core200-delay3s/mdcbench_lite_v1/final_merged_status_after_infrastructure_repairs.json
ui-venus-1.5-30b-a3b,188,linux_only_251,linux_only,2linux,run_01,/Users/Admin/home/MDC_Benchmark_lite_ufo3/worker-worktrees/ui-venus-core200-20260905/runs/ui-venus-1.5-30b-a3b-adapted-direct-core200-delay3s/mdcbench_lite_v1/run_01/188_linux_only_251,sha256:06f5e0a8a2a9600e55125d9a04d3eaca00b5b6319ddadefd92e7c243c73545d6,final_merged_selected_attempt,FAIL,FAIL,lifecycle_valid,0.0,0.0,selected_attempt_evaluator_trace,50,422.633,max_steps,timeout,2,linux,linux_0+linux_1,/Users/Admin/home/MDC_Benchmark_lite_ufo3/worker-worktrees/ui-venus-core200-20260905/runs/ui-venus-1.5-30b-a3b-adapted-direct-core200-delay3s/mdcbench_lite_v1/run_01/188_linux_only_251/config/task.json,/Users/Admin/home/MDC_Benchmark_lite_ufo3/worker-worktrees/ui-venus-core200-20260905/runs/ui-venus-1.5-30b-a3b-adapted-direct-core200-delay3s/mdcbench_lite_v1/final_merged_status_after_infrastructure_repairs.json
ui-venus-1.5-30b-a3b,189,linux_only_327,linux_only,2linux,run_01,/Users/Admin/home/MDC_Benchmark_lite_ufo3/worker-worktrees/ui-venus-core200-20260905/runs/ui-venus-1.5-30b-a3b-adapted-direct-core200-delay3s/mdcbench_lite_v1/run_01/189_linux_only_327,sha256:c4eafec0a741c3f78d514851b67bb74292f93a671bdfdc4eb46a8d35ece7e62c,final_merged_selected_attempt,FAIL,FAIL,lifecycle_valid,0.5,0.5,selected_attempt_evaluator_trace,50,537.319,max_steps,timeout,2,linux,linux_0+linux_1,/Users/Admin/home/MDC_Benchmark_lite_ufo3/worker-worktrees/ui-venus-core200-20260905/runs/ui-venus-1.5-30b-a3b-adapted-direct-core200-delay3s/mdcbench_lite_v1/run_01/189_linux_only_327/config/task.json,/Users/Admin/home/MDC_Benchmark_lite_ufo3/worker-worktrees/ui-venus-core200-20260905/runs/ui-venus-1.5-30b-a3b-adapted-direct-core200-delay3s/mdcbench_lite_v1/final_merged_status_after_infrastructure_repairs.json
ui-venus-1.5-30b-a3b,190,linux_only_331,linux_only,2linux,run_01,/Users/Admin/home/MDC_Benchmark_lite_ufo3/worker-worktrees/ui-venus-core200-20260905/runs/ui-venus-1.5-30b-a3b-adapted-direct-core200-delay3s/mdcbench_lite_v1/run_01/190_linux_only_331,sha256:9b2e86c1c9ac7c237cfcb37903684768e9e519f54c49cb6a07e208067526625e,final_merged_selected_attempt,PASS,PASS,lifecycle_valid,1.0,1.0,selected_attempt_evaluator_trace,3,209.675,done,passed,2,linux,linux_0+linux_1,/Users/Admin/home/MDC_Benchmark_lite_ufo3/worker-worktrees/ui-venus-core200-20260905/runs/ui-venus-1.5-30b-a3b-adapted-direct-core200-delay3s/mdcbench_lite_v1/run_01/190_linux_only_331/config/task.json,/Users/Admin/home/MDC_Benchmark_lite_ufo3/worker-worktrees/ui-venus-core200-20260905/runs/ui-venus-1.5-30b-a3b-adapted-direct-core200-delay3s/mdcbench_lite_v1/final_merged_status_after_infrastructure_repairs.json
ui-venus-1.5-30b-a3b,191,sh2_implicit_intent_nursery_air_comfort_infeasible_0011,smarthome_generated_scripted,1H,run_01,/Users/Admin/home/MDC_Benchmark_lite_ufo3/worker-worktrees/ui-venus-core200-20260905/runs/ui-venus-1.5-30b-a3b-adapted-direct-core200-delay3s/mdcbench_lite_v1/run_01/191_sh2_implicit_intent_nursery_air_comfort_infeasible_0011,sha256:afc54b458357cbb148e5b5a9553510e539ebe786338c3152bee653f33bcdbdc2,final_merged_selected_attempt,FAIL,FAIL,lifecycle_valid,0.0,0.0,selected_attempt_evaluator_trace,4,14.248,done,model_behavior,1,home,home_0,/Users/Admin/home/MDC_Benchmark_lite_ufo3/worker-worktrees/ui-venus-core200-20260905/runs/ui-venus-1.5-30b-a3b-adapted-direct-core200-delay3s/mdcbench_lite_v1/run_01/191_sh2_implicit_intent_nursery_air_comfort_infeasible_0011/config/task.json,/Users/Admin/home/MDC_Benchmark_lite_ufo3/worker-worktrees/ui-venus-core200-20260905/runs/ui-venus-1.5-30b-a3b-adapted-direct-core200-delay3s/mdcbench_lite_v1/final_merged_status_after_infrastructure_repairs.json
ui-venus-1.5-30b-a3b,192,sh3_explicit_control_plain_light_dimming_infeasible_0013,smarthome_generated_scripted,1H,run_01,/Users/Admin/home/MDC_Benchmark_lite_ufo3/worker-worktrees/ui-venus-core200-20260905/runs/ui-venus-1.5-30b-a3b-adapted-direct-core200-delay3s/mdcbench_lite_v1/run_01/192_sh3_explicit_control_plain_light_dimming_infeasible_0013,sha256:addb7ceb2ddb143fdd82ffa9ee68145e51a7bbbe6d8b874392c6d900d683815a,final_merged_selected_attempt,FAIL,FAIL,lifecycle_valid,0.0,0.0,selected_attempt_evaluator_trace,2,5.124,done,model_behavior,1,home,home_0,/Users/Admin/home/MDC_Benchmark_lite_ufo3/worker-worktrees/ui-venus-core200-20260905/runs/ui-venus-1.5-30b-a3b-adapted-direct-core200-delay3s/mdcbench_lite_v1/run_01/192_sh3_explicit_control_plain_light_dimming_infeasible_0013/config/task.json,/Users/Admin/home/MDC_Benchmark_lite_ufo3/worker-worktrees/ui-venus-core200-20260905/runs/ui-venus-1.5-30b-a3b-adapted-direct-core200-delay3s/mdcbench_lite_v1/final_merged_status_after_infrastructure_repairs.json
ui-venus-1.5-30b-a3b,193,sh4_time_schedule_study_focus_sequence_feasible_0030,smarthome_generated_scripted,1H,run_01,/Users/Admin/home/MDC_Benchmark_lite_ufo3/worker-worktrees/ui-venus-core200-20260905/runs/ui-venus-1.5-30b-a3b-adapted-direct-core200-delay3s/mdcbench_lite_v1/run_01/193_sh4_time_schedule_study_focus_sequence_feasible_0030,sha256:93ba3ff41bffdf4a16e85b6e92cfd0e52a13b1d52517e83d4e1cba0bd7932633,final_merged_selected_attempt,PASS,PASS,lifecycle_valid,1.0,1.0,selected_attempt_evaluator_trace,4,12.936,done,passed,1,home,home_0,/Users/Admin/home/MDC_Benchmark_lite_ufo3/worker-worktrees/ui-venus-core200-20260905/runs/ui-venus-1.5-30b-a3b-adapted-direct-core200-delay3s/mdcbench_lite_v1/run_01/193_sh4_time_schedule_study_focus_sequence_feasible_0030/config/task.json,/Users/Admin/home/MDC_Benchmark_lite_ufo3/worker-worktrees/ui-venus-core200-20260905/runs/ui-venus-1.5-30b-a3b-adapted-direct-core200-delay3s/mdcbench_lite_v1/final_merged_status_after_infrastructure_repairs.json
ui-venus-1.5-30b-a3b,194,sh1_state_inquiry_bedroom_energy_query_infeasible_0012,smarthome_generated_scripted,1H,run_01,/Users/Admin/home/MDC_Benchmark_lite_ufo3/worker-worktrees/ui-venus-core200-20260905/runs/ui-venus-1.5-30b-a3b-adapted-direct-core200-delay3s/mdcbench_lite_v1/run_01/194_sh1_state_inquiry_bedroom_energy_query_infeasible_0012,sha256:1b94e374ff3f7f7449c64e5ef6955c67a0f83326c42b414f9778fdb0fa1c5a17,final_merged_selected_attempt,FAIL,FAIL,lifecycle_valid,0.5,0.5,selected_attempt_evaluator_trace,50,212.709,max_steps,timeout,1,home,home_0,/Users/Admin/home/MDC_Benchmark_lite_ufo3/worker-worktrees/ui-venus-core200-20260905/runs/ui-venus-1.5-30b-a3b-adapted-direct-core200-delay3s/mdcbench_lite_v1/run_01/194_sh1_state_inquiry_bedroom_energy_query_infeasible_0012/config/task.json,/Users/Admin/home/MDC_Benchmark_lite_ufo3/worker-worktrees/ui-venus-core200-20260905/runs/ui-venus-1.5-30b-a3b-adapted-direct-core200-delay3s/mdcbench_lite_v1/final_merged_status_after_infrastructure_repairs.json
ui-venus-1.5-30b-a3b,195,sh4_time_schedule_missing_balcony_light_infeasible_0014,smarthome_generated_scripted,1H,run_01,/Users/Admin/home/MDC_Benchmark_lite_ufo3/worker-worktrees/ui-venus-core200-20260905/runs/ui-venus-1.5-30b-a3b-adapted-direct-core200-delay3s/mdcbench_lite_v1/run_01/195_sh4_time_schedule_missing_balcony_light_infeasible_0014,sha256:9c76667c3a761bcb6c296e60d80b207da2ab73eab592f3c69ec176b3f902257e,final_merged_selected_attempt,FAIL,FAIL,lifecycle_valid,0.5,0.5,selected_attempt_evaluator_trace,50,220.605,max_steps,timeout,1,home,home_0,/Users/Admin/home/MDC_Benchmark_lite_ufo3/worker-worktrees/ui-venus-core200-20260905/runs/ui-venus-1.5-30b-a3b-adapted-direct-core200-delay3s/mdcbench_lite_v1/run_01/195_sh4_time_schedule_missing_balcony_light_infeasible_0014/config/task.json,/Users/Admin/home/MDC_Benchmark_lite_ufo3/worker-worktrees/ui-venus-core200-20260905/runs/ui-venus-1.5-30b-a3b-adapted-direct-core200-delay3s/mdcbench_lite_v1/final_merged_status_after_infrastructure_repairs.json
ui-venus-1.5-30b-a3b,196,sh3_explicit_control_close_living_curtain_feasible_0001,smarthome_generated_scripted,1H,run_01,/Users/Admin/home/MDC_Benchmark_lite_ufo3/worker-worktrees/ui-venus-core200-20260905/runs/ui-venus-1.5-30b-a3b-adapted-direct-core200-delay3s/mdcbench_lite_v1/run_01/196_sh3_explicit_control_close_living_curtain_feasible_0001,sha256:d0a4c00a32c5acc0aa9d10bde3ad0f5c357302cf809edb0a96326477ec02ec84,final_merged_selected_attempt,PASS,PASS,lifecycle_valid,1.0,1.0,selected_attempt_evaluator_trace,2,5.526,done,passed,1,home,home_0,/Users/Admin/home/MDC_Benchmark_lite_ufo3/worker-worktrees/ui-venus-core200-20260905/runs/ui-venus-1.5-30b-a3b-adapted-direct-core200-delay3s/mdcbench_lite_v1/run_01/196_sh3_explicit_control_close_living_curtain_feasible_0001/config/task.json,/Users/Admin/home/MDC_Benchmark_lite_ufo3/worker-worktrees/ui-venus-core200-20260905/runs/ui-venus-1.5-30b-a3b-adapted-direct-core200-delay3s/mdcbench_lite_v1/final_merged_status_after_infrastructure_repairs.json
ui-venus-1.5-30b-a3b,197,sh4_time_schedule_living_ac_temperature_feasible_0032,smarthome_generated_scripted,1H,run_01,/Users/Admin/home/MDC_Benchmark_lite_ufo3/worker-worktrees/ui-venus-core200-20260905/runs/ui-venus-1.5-30b-a3b-adapted-direct-core200-delay3s/mdcbench_lite_v1/run_01/197_sh4_time_schedule_living_ac_temperature_feasible_0032,sha256:71bb8dfd62408a52931dbdf76d195ef5056dc77c005e9e058d940cb20e154129,final_merged_selected_attempt,PASS,PASS,lifecycle_valid,1.0,1.0,selected_attempt_evaluator_trace,2,6.055,done,passed,1,home,home_0,/Users/Admin/home/MDC_Benchmark_lite_ufo3/worker-worktrees/ui-venus-core200-20260905/runs/ui-venus-1.5-30b-a3b-adapted-direct-core200-delay3s/mdcbench_lite_v1/run_01/197_sh4_time_schedule_living_ac_temperature_feasible_0032/config/task.json,/Users/Admin/home/MDC_Benchmark_lite_ufo3/worker-worktrees/ui-venus-core200-20260905/runs/ui-venus-1.5-30b-a3b-adapted-direct-core200-delay3s/mdcbench_lite_v1/final_merged_status_after_infrastructure_repairs.json
ui-venus-1.5-30b-a3b,198,sh1_state_inquiry_bathroom_humidity_feasible_0001,smarthome_generated_scripted,1H,run_01,/Users/Admin/home/MDC_Benchmark_lite_ufo3/worker-worktrees/ui-venus-core200-20260905/runs/ui-venus-1.5-30b-a3b-adapted-direct-core200-delay3s/mdcbench_lite_v1/run_01/198_sh1_state_inquiry_bathroom_humidity_feasible_0001,sha256:c2c29cc853cd172597527c4c1afaf417acf24a8bc51886dc079767fb9e6c0c2a,final_merged_selected_attempt,FAIL,FAIL,lifecycle_valid,0.5,0.5,selected_attempt_evaluator_trace,50,197.964,max_steps,timeout,1,home,home_0,/Users/Admin/home/MDC_Benchmark_lite_ufo3/worker-worktrees/ui-venus-core200-20260905/runs/ui-venus-1.5-30b-a3b-adapted-direct-core200-delay3s/mdcbench_lite_v1/run_01/198_sh1_state_inquiry_bathroom_humidity_feasible_0001/config/task.json,/Users/Admin/home/MDC_Benchmark_lite_ufo3/worker-worktrees/ui-venus-core200-20260905/runs/ui-venus-1.5-30b-a3b-adapted-direct-core200-delay3s/mdcbench_lite_v1/final_merged_status_after_infrastructure_repairs.json
ui-venus-1.5-30b-a3b,199,sh5_event_schedule_plain_light_dim_after_dryer_infeasible_0016,smarthome_generated_scripted,1H,run_01,/Users/Admin/home/MDC_Benchmark_lite_ufo3/worker-worktrees/ui-venus-core200-20260905/runs/ui-venus-1.5-30b-a3b-adapted-direct-core200-delay3s/mdcbench_lite_v1/run_01/199_sh5_event_schedule_plain_light_dim_after_dryer_infeasible_0016,sha256:6e10125d895c3920d4228638b661d69fade7a37875dd6190a6e93fcf2b5db631,final_merged_selected_attempt,FAIL,FAIL,lifecycle_valid,0.5,0.5,selected_attempt_evaluator_trace,50,207.158,max_steps,timeout,1,home,home_0,/Users/Admin/home/MDC_Benchmark_lite_ufo3/worker-worktrees/ui-venus-core200-20260905/runs/ui-venus-1.5-30b-a3b-adapted-direct-core200-delay3s/mdcbench_lite_v1/run_01/199_sh5_event_schedule_plain_light_dim_after_dryer_infeasible_0016/config/task.json,/Users/Admin/home/MDC_Benchmark_lite_ufo3/worker-worktrees/ui-venus-core200-20260905/runs/ui-venus-1.5-30b-a3b-adapted-direct-core200-delay3s/mdcbench_lite_v1/final_merged_status_after_infrastructure_repairs.json
ui-venus-1.5-30b-a3b,200,sh6_coordinated_schedule_missing_guest_room_workflow_infeasible_0016,smarthome_generated_scripted,1H,run_01,/Users/Admin/home/MDC_Benchmark_lite_ufo3/worker-worktrees/ui-venus-core200-20260905/runs/ui-venus-1.5-30b-a3b-adapted-direct-core200-delay3s/mdcbench_lite_v1/run_01/200_sh6_coordinated_schedule_missing_guest_room_workflow_infeasible_0016,sha256:54a682ac870c6a60f6ce15d9112fe667b863812612f3dbdce9e97fa6b1c1bb27,final_merged_selected_attempt,FAIL,FAIL,lifecycle_valid,0.0,0.0,selected_attempt_evaluator_trace,5,13.789,done,model_behavior,1,home,home_0,/Users/Admin/home/MDC_Benchmark_lite_ufo3/worker-worktrees/ui-venus-core200-20260905/runs/ui-venus-1.5-30b-a3b-adapted-direct-core200-delay3s/mdcbench_lite_v1/run_01/200_sh6_coordinated_schedule_missing_guest_room_workflow_infeasible_0016/config/task.json,/Users/Admin/home/MDC_Benchmark_lite_ufo3/worker-worktrees/ui-venus-core200-20260905/runs/ui-venus-1.5-30b-a3b-adapted-direct-core200-delay3s/mdcbench_lite_v1/final_merged_status_after_infrastructure_repairs.json
