model,task_id,lite_index,selected_attempt,run_ref,task_version,result_basis,raw_result,adopted_result,evaluation_status,raw_score,adopted_score,score_basis,steps,duration_s,termination_reason,device_count,device_types,device_instances,metadata_ref,summary_ref,result_ref,recorded_launch_commit,status,selection_stage,task_snapshot_available,materialized_snapshot_available,trajectory_available,evaluator_trace_available
Kimi K2.6,a2l2_meeting_packet_full,1,worker-worktrees/all-task-update-intergration-sync-20260826/runs/kimi-k2.6-lite/core200_20260826/run_01/001_a2l2_meeting_packet_full,worker-worktrees/all-task-update-intergration-sync-20260826/runs/kimi-k2.6-lite/core200_20260826/run_01/run_metadata.json,worker-worktrees/all-task-update-intergration-sync-20260826/runs/kimi-k2.6-lite/core200_20260826/run_01/001_a2l2_meeting_packet_full/config/task.json,formal_run_01: formal runner summary; archived incomplete attempts excluded,FAIL,FAIL,recorded_automatic_result; no applicable confirmed rescoring record located,0,0,selected-attempt result.json; no new scoring or reinterpretation,15,1836.633,time_limit,4,android+linux,android_0:android;android_1:android;linux_0:linux;linux_1:linux,worker-worktrees/all-task-update-intergration-sync-20260826/runs/kimi-k2.6-lite/core200_20260826/experiment_metadata.json,worker-worktrees/all-task-update-intergration-sync-20260826/runs/kimi-k2.6-lite/core200_20260826/run_01/summary.json,worker-worktrees/all-task-update-intergration-sync-20260826/runs/kimi-k2.6-lite/core200_20260826/run_01/001_a2l2_meeting_packet_full/result.json,1e053e2cf7955b4a2c4aafbe5136ea918276eaec,completed,formal_run_01,true,true,true,true
Kimi K2.6,al2_data_transform_sync,2,worker-worktrees/all-task-update-intergration-sync-20260826/runs/kimi-k2.6-lite/core200_20260826/run_01/002_al2_data_transform_sync,worker-worktrees/all-task-update-intergration-sync-20260826/runs/kimi-k2.6-lite/core200_20260826/run_01/run_metadata.json,worker-worktrees/all-task-update-intergration-sync-20260826/runs/kimi-k2.6-lite/core200_20260826/run_01/002_al2_data_transform_sync/config/task.json,formal_run_01: formal runner summary; archived incomplete attempts excluded,FAIL,FAIL,recorded_automatic_result; no applicable confirmed rescoring record located,0.5,0.5,selected-attempt result.json; no new scoring or reinterpretation,50,1749.173,max_steps,3,android+linux,android_0:android;linux_0:linux;linux_1:linux,worker-worktrees/all-task-update-intergration-sync-20260826/runs/kimi-k2.6-lite/core200_20260826/experiment_metadata.json,worker-worktrees/all-task-update-intergration-sync-20260826/runs/kimi-k2.6-lite/core200_20260826/run_01/summary.json,worker-worktrees/all-task-update-intergration-sync-20260826/runs/kimi-k2.6-lite/core200_20260826/run_01/002_al2_data_transform_sync/result.json,1e053e2cf7955b4a2c4aafbe5136ea918276eaec,completed,formal_run_01,true,true,true,true
Kimi K2.6,al_tutorial_screenshot,3,worker-worktrees/all-task-update-intergration-sync-20260826/runs/kimi-k2.6-lite/core200_20260826/run_01/003_al_tutorial_screenshot,worker-worktrees/all-task-update-intergration-sync-20260826/runs/kimi-k2.6-lite/core200_20260826/run_01/run_metadata.json,worker-worktrees/all-task-update-intergration-sync-20260826/runs/kimi-k2.6-lite/core200_20260826/run_01/003_al_tutorial_screenshot/config/task.json,formal_run_01: formal runner summary; archived incomplete attempts excluded,PASS,PASS,recorded_automatic_result; no applicable confirmed rescoring record located,1,1,selected-attempt result.json; no new scoring or reinterpretation,20,748.445,done,2,android+linux,android_0:android;linux_0:linux,worker-worktrees/all-task-update-intergration-sync-20260826/runs/kimi-k2.6-lite/core200_20260826/experiment_metadata.json,worker-worktrees/all-task-update-intergration-sync-20260826/runs/kimi-k2.6-lite/core200_20260826/run_01/summary.json,worker-worktrees/all-task-update-intergration-sync-20260826/runs/kimi-k2.6-lite/core200_20260826/run_01/003_al_tutorial_screenshot/result.json,1e053e2cf7955b4a2c4aafbe5136ea918276eaec,completed,formal_run_01,true,true,true,true
Kimi K2.6,al_calendar_schedule_conflict,4,worker-worktrees/all-task-update-intergration-sync-20260826/runs/kimi-k2.6-lite/core200_20260826/run_01/004_al_calendar_schedule_conflict,worker-worktrees/all-task-update-intergration-sync-20260826/runs/kimi-k2.6-lite/core200_20260826/run_01/run_metadata.json,worker-worktrees/all-task-update-intergration-sync-20260826/runs/kimi-k2.6-lite/core200_20260826/run_01/004_al_calendar_schedule_conflict/config/task.json,formal_run_01: formal runner summary; archived incomplete attempts excluded,FAIL,FAIL,recorded_automatic_result; no applicable confirmed rescoring record located,0,0,selected-attempt result.json; no new scoring or reinterpretation,26,1822.835,time_limit,2,android+linux,android_0:android;linux_0:linux,worker-worktrees/all-task-update-intergration-sync-20260826/runs/kimi-k2.6-lite/core200_20260826/experiment_metadata.json,worker-worktrees/all-task-update-intergration-sync-20260826/runs/kimi-k2.6-lite/core200_20260826/run_01/summary.json,worker-worktrees/all-task-update-intergration-sync-20260826/runs/kimi-k2.6-lite/core200_20260826/run_01/004_al_calendar_schedule_conflict/result.json,1e053e2cf7955b4a2c4aafbe5136ea918276eaec,completed,formal_run_01,true,true,true,true
Kimi K2.6,a2l_agenda_from_two_phones,5,worker-worktrees/all-task-update-intergration-sync-20260826/runs/kimi-k2.6-lite/core200_20260826/run_01/005_a2l_agenda_from_two_phones,worker-worktrees/all-task-update-intergration-sync-20260826/runs/kimi-k2.6-lite/core200_20260826/run_01/run_metadata.json,worker-worktrees/all-task-update-intergration-sync-20260826/runs/kimi-k2.6-lite/core200_20260826/run_01/005_a2l_agenda_from_two_phones/config/task.json,formal_run_01: formal runner summary; archived incomplete attempts excluded,FAIL,FAIL,recorded_automatic_result; no applicable confirmed rescoring record located,0,0,selected-attempt result.json; no new scoring or reinterpretation,48,1839.853,time_limit,3,android+linux,android_0:android;android_1:android;linux_0:linux,worker-worktrees/all-task-update-intergration-sync-20260826/runs/kimi-k2.6-lite/core200_20260826/experiment_metadata.json,worker-worktrees/all-task-update-intergration-sync-20260826/runs/kimi-k2.6-lite/core200_20260826/run_01/summary.json,worker-worktrees/all-task-update-intergration-sync-20260826/runs/kimi-k2.6-lite/core200_20260826/run_01/005_a2l_agenda_from_two_phones/result.json,1e053e2cf7955b4a2c4aafbe5136ea918276eaec,completed,formal_run_01,true,true,true,true
Kimi K2.6,a2_missing_media_status,6,worker-worktrees/all-task-update-intergration-sync-20260826/runs/kimi-k2.6-lite/core200_20260826/run_01/006_a2_missing_media_status,worker-worktrees/all-task-update-intergration-sync-20260826/runs/kimi-k2.6-lite/core200_20260826/run_01/run_metadata.json,worker-worktrees/all-task-update-intergration-sync-20260826/runs/kimi-k2.6-lite/core200_20260826/run_01/006_a2_missing_media_status/config/task.json,formal_run_01: formal runner summary; archived incomplete attempts excluded,FAIL,FAIL,recorded_automatic_result; no applicable confirmed rescoring record located,0,0,selected-attempt result.json; no new scoring or reinterpretation,11,592.749,done,2,android,android_0:android;android_1:android,worker-worktrees/all-task-update-intergration-sync-20260826/runs/kimi-k2.6-lite/core200_20260826/experiment_metadata.json,worker-worktrees/all-task-update-intergration-sync-20260826/runs/kimi-k2.6-lite/core200_20260826/run_01/summary.json,worker-worktrees/all-task-update-intergration-sync-20260826/runs/kimi-k2.6-lite/core200_20260826/run_01/006_a2_missing_media_status/result.json,1e053e2cf7955b4a2c4aafbe5136ea918276eaec,completed,formal_run_01,true,true,true,true
Kimi K2.6,l2_csv_to_json,7,worker-worktrees/all-task-update-intergration-sync-20260826/runs/kimi-k2.6-lite/core200_20260826/run_01/007_l2_csv_to_json,worker-worktrees/all-task-update-intergration-sync-20260826/runs/kimi-k2.6-lite/core200_20260826/run_01/run_metadata.json,worker-worktrees/all-task-update-intergration-sync-20260826/runs/kimi-k2.6-lite/core200_20260826/run_01/007_l2_csv_to_json/config/task.json,formal_run_01: formal runner summary; archived incomplete attempts excluded,PASS,PASS,recorded_automatic_result; no applicable confirmed rescoring record located,1,1,selected-attempt result.json; no new scoring or reinterpretation,4,214.492,done,2,linux,linux_0:linux;linux_1:linux,worker-worktrees/all-task-update-intergration-sync-20260826/runs/kimi-k2.6-lite/core200_20260826/experiment_metadata.json,worker-worktrees/all-task-update-intergration-sync-20260826/runs/kimi-k2.6-lite/core200_20260826/run_01/summary.json,worker-worktrees/all-task-update-intergration-sync-20260826/runs/kimi-k2.6-lite/core200_20260826/run_01/007_l2_csv_to_json/result.json,1e053e2cf7955b4a2c4aafbe5136ea918276eaec,completed,formal_run_01,true,true,true,true
Kimi K2.6,al_request_audio,8,worker-worktrees/all-task-update-intergration-sync-20260826/runs/kimi-k2.6-lite/core200_20260826/run_01/008_al_request_audio,worker-worktrees/all-task-update-intergration-sync-20260826/runs/kimi-k2.6-lite/core200_20260826/run_01/run_metadata.json,worker-worktrees/all-task-update-intergration-sync-20260826/runs/kimi-k2.6-lite/core200_20260826/run_01/008_al_request_audio/config/task.json,formal_run_01: formal runner summary; archived incomplete attempts excluded,FAIL,FAIL,recorded_automatic_result; no applicable confirmed rescoring record located,0,0,selected-attempt result.json; no new scoring or reinterpretation,27,2011.282,time_limit,2,android+linux,android_0:android;linux_0:linux,worker-worktrees/all-task-update-intergration-sync-20260826/runs/kimi-k2.6-lite/core200_20260826/experiment_metadata.json,worker-worktrees/all-task-update-intergration-sync-20260826/runs/kimi-k2.6-lite/core200_20260826/run_01/summary.json,worker-worktrees/all-task-update-intergration-sync-20260826/runs/kimi-k2.6-lite/core200_20260826/run_01/008_al_request_audio/result.json,1e053e2cf7955b4a2c4aafbe5136ea918276eaec,completed,formal_run_01,true,true,true,true
Kimi K2.6,a2l2_training_deck_notify,9,worker-worktrees/all-task-update-intergration-sync-20260826/runs/kimi-k2.6-lite/core200_20260826/run_01/009_a2l2_training_deck_notify,worker-worktrees/all-task-update-intergration-sync-20260826/runs/kimi-k2.6-lite/core200_20260826/run_01/run_metadata.json,worker-worktrees/all-task-update-intergration-sync-20260826/runs/kimi-k2.6-lite/core200_20260826/run_01/009_a2l2_training_deck_notify/config/task.json,formal_run_01: formal runner summary; archived incomplete attempts excluded,FAIL,FAIL,recorded_automatic_result; no applicable confirmed rescoring record located,0.3333333333333333,0.3333333333333333,selected-attempt result.json; no new scoring or reinterpretation,21,1863.249,time_limit,4,android+linux,android_0:android;android_1:android;linux_0:linux;linux_1:linux,worker-worktrees/all-task-update-intergration-sync-20260826/runs/kimi-k2.6-lite/core200_20260826/experiment_metadata.json,worker-worktrees/all-task-update-intergration-sync-20260826/runs/kimi-k2.6-lite/core200_20260826/run_01/summary.json,worker-worktrees/all-task-update-intergration-sync-20260826/runs/kimi-k2.6-lite/core200_20260826/run_01/009_a2l2_training_deck_notify/result.json,1e053e2cf7955b4a2c4aafbe5136ea918276eaec,completed,formal_run_01,true,true,true,true
Kimi K2.6,a2_route_media_status,10,worker-worktrees/all-task-update-intergration-sync-20260826/runs/kimi-k2.6-lite/core200_20260826/run_01/010_a2_route_media_status,worker-worktrees/all-task-update-intergration-sync-20260826/runs/kimi-k2.6-lite/core200_20260826/run_01/run_metadata.json,worker-worktrees/all-task-update-intergration-sync-20260826/runs/kimi-k2.6-lite/core200_20260826/run_01/010_a2_route_media_status/config/task.json,formal_run_01: formal runner summary; archived incomplete attempts excluded,FAIL,FAIL,recorded_automatic_result; no applicable confirmed rescoring record located,0,0,selected-attempt result.json; no new scoring or reinterpretation,47,1822.26,time_limit,2,android,android_0:android;android_1:android,worker-worktrees/all-task-update-intergration-sync-20260826/runs/kimi-k2.6-lite/core200_20260826/experiment_metadata.json,worker-worktrees/all-task-update-intergration-sync-20260826/runs/kimi-k2.6-lite/core200_20260826/run_01/summary.json,worker-worktrees/all-task-update-intergration-sync-20260826/runs/kimi-k2.6-lite/core200_20260826/run_01/010_a2_route_media_status/result.json,1e053e2cf7955b4a2c4aafbe5136ea918276eaec,completed,formal_run_01,true,true,true,true
Kimi K2.6,al2_alarm_calc_email,11,worker-worktrees/all-task-update-intergration-sync-20260826/runs/kimi-k2.6-lite/core200_20260826/run_01/011_al2_alarm_calc_email,worker-worktrees/all-task-update-intergration-sync-20260826/runs/kimi-k2.6-lite/core200_20260826/run_01/run_metadata.json,worker-worktrees/all-task-update-intergration-sync-20260826/runs/kimi-k2.6-lite/core200_20260826/run_01/011_al2_alarm_calc_email/config/task.json,formal_run_01: formal runner summary; archived incomplete attempts excluded,FAIL,FAIL,recorded_automatic_result; no applicable confirmed rescoring record located,0,0,selected-attempt result.json; no new scoring or reinterpretation,12,1850.118,time_limit,3,android+linux,android_0:android;linux_0:linux;linux_1:linux,worker-worktrees/all-task-update-intergration-sync-20260826/runs/kimi-k2.6-lite/core200_20260826/experiment_metadata.json,worker-worktrees/all-task-update-intergration-sync-20260826/runs/kimi-k2.6-lite/core200_20260826/run_01/summary.json,worker-worktrees/all-task-update-intergration-sync-20260826/runs/kimi-k2.6-lite/core200_20260826/run_01/011_al2_alarm_calc_email/result.json,1e053e2cf7955b4a2c4aafbe5136ea918276eaec,completed,formal_run_01,true,true,true,true
Kimi K2.6,a2l_contact_otp_web_form,12,worker-worktrees/all-task-update-intergration-sync-20260826/runs/kimi-k2.6-lite/core200_20260826/run_01/012_a2l_contact_otp_web_form,worker-worktrees/all-task-update-intergration-sync-20260826/runs/kimi-k2.6-lite/core200_20260826/run_01/run_metadata.json,worker-worktrees/all-task-update-intergration-sync-20260826/runs/kimi-k2.6-lite/core200_20260826/run_01/012_a2l_contact_otp_web_form/config/task.json,formal_run_01: formal runner summary; archived incomplete attempts excluded,FAIL,FAIL,recorded_automatic_result; no applicable confirmed rescoring record located,0,0,selected-attempt result.json; no new scoring or reinterpretation,25,2040.556,time_limit,3,android+linux,android_0:android;android_1:android;linux_0:linux,worker-worktrees/all-task-update-intergration-sync-20260826/runs/kimi-k2.6-lite/core200_20260826/experiment_metadata.json,worker-worktrees/all-task-update-intergration-sync-20260826/runs/kimi-k2.6-lite/core200_20260826/run_01/summary.json,worker-worktrees/all-task-update-intergration-sync-20260826/runs/kimi-k2.6-lite/core200_20260826/run_01/012_a2l_contact_otp_web_form/result.json,1e053e2cf7955b4a2c4aafbe5136ea918276eaec,completed,formal_run_01,true,true,true,true
Kimi K2.6,al_thunderbird_attachment_to_tasks,13,worker-worktrees/all-task-update-intergration-sync-20260826/runs/kimi-k2.6-lite/core200_20260826/run_01/013_al_thunderbird_attachment_to_tasks,worker-worktrees/all-task-update-intergration-sync-20260826/runs/kimi-k2.6-lite/core200_20260826/run_01/run_metadata.json,worker-worktrees/all-task-update-intergration-sync-20260826/runs/kimi-k2.6-lite/core200_20260826/run_01/013_al_thunderbird_attachment_to_tasks/config/task.json,formal_run_01: formal runner summary; archived incomplete attempts excluded,FAIL,FAIL,recorded_automatic_result; no applicable confirmed rescoring record located,0,0,selected-attempt result.json; no new scoring or reinterpretation,35,1363.444,done,2,android+linux,android_0:android;linux_0:linux,worker-worktrees/all-task-update-intergration-sync-20260826/runs/kimi-k2.6-lite/core200_20260826/experiment_metadata.json,worker-worktrees/all-task-update-intergration-sync-20260826/runs/kimi-k2.6-lite/core200_20260826/run_01/summary.json,worker-worktrees/all-task-update-intergration-sync-20260826/runs/kimi-k2.6-lite/core200_20260826/run_01/013_al_thunderbird_attachment_to_tasks/result.json,1e053e2cf7955b4a2c4aafbe5136ea918276eaec,completed,formal_run_01,true,true,true,true
Kimi K2.6,l2_vscode_settings_update,14,worker-worktrees/all-task-update-intergration-sync-20260826/runs/kimi-k2.6-lite/core200_20260826/run_01/014_l2_vscode_settings_update,worker-worktrees/all-task-update-intergration-sync-20260826/runs/kimi-k2.6-lite/core200_20260826/run_01/run_metadata.json,worker-worktrees/all-task-update-intergration-sync-20260826/runs/kimi-k2.6-lite/core200_20260826/run_01/014_l2_vscode_settings_update/config/task.json,formal_run_01: formal runner summary; archived incomplete attempts excluded,PASS,PASS,recorded_automatic_result; no applicable confirmed rescoring record located,1,1,selected-attempt result.json; no new scoring or reinterpretation,19,972.511,done,2,linux,linux_0:linux;linux_1:linux,worker-worktrees/all-task-update-intergration-sync-20260826/runs/kimi-k2.6-lite/core200_20260826/experiment_metadata.json,worker-worktrees/all-task-update-intergration-sync-20260826/runs/kimi-k2.6-lite/core200_20260826/run_01/summary.json,worker-worktrees/all-task-update-intergration-sync-20260826/runs/kimi-k2.6-lite/core200_20260826/run_01/014_l2_vscode_settings_update/result.json,1e053e2cf7955b4a2c4aafbe5136ea918276eaec,completed,formal_run_01,true,true,true,true
Kimi K2.6,a2l_media_manifest,15,worker-worktrees/all-task-update-intergration-sync-20260826/runs/kimi-k2.6-lite/core200_20260826/run_01/015_a2l_media_manifest,worker-worktrees/all-task-update-intergration-sync-20260826/runs/kimi-k2.6-lite/core200_20260826/run_01/run_metadata.json,worker-worktrees/all-task-update-intergration-sync-20260826/runs/kimi-k2.6-lite/core200_20260826/run_01/015_a2l_media_manifest/config/task.json,formal_run_01: formal runner summary; archived incomplete attempts excluded,FAIL,FAIL,recorded_automatic_result; no applicable confirmed rescoring record located,0,0,selected-attempt result.json; no new scoring or reinterpretation,18,1940.184,time_limit,3,android+linux,android_0:android;android_1:android;linux_0:linux,worker-worktrees/all-task-update-intergration-sync-20260826/runs/kimi-k2.6-lite/core200_20260826/experiment_metadata.json,worker-worktrees/all-task-update-intergration-sync-20260826/runs/kimi-k2.6-lite/core200_20260826/run_01/summary.json,worker-worktrees/all-task-update-intergration-sync-20260826/runs/kimi-k2.6-lite/core200_20260826/run_01/015_a2l_media_manifest/result.json,1e053e2cf7955b4a2c4aafbe5136ea918276eaec,completed,formal_run_01,true,true,true,true
Kimi K2.6,a2_alarm_conflict_log,16,worker-worktrees/all-task-update-intergration-sync-20260826/runs/kimi-k2.6-lite/core200_20260826/run_01/016_a2_alarm_conflict_log,worker-worktrees/all-task-update-intergration-sync-20260826/runs/kimi-k2.6-lite/core200_20260826/run_01/run_metadata.json,worker-worktrees/all-task-update-intergration-sync-20260826/runs/kimi-k2.6-lite/core200_20260826/run_01/016_a2_alarm_conflict_log/config/task.json,formal_run_01: formal runner summary; archived incomplete attempts excluded,FAIL,FAIL,recorded_automatic_result; no applicable confirmed rescoring record located,0.3333333333333333,0.3333333333333333,selected-attempt result.json; no new scoring or reinterpretation,25,1927.74,time_limit,2,android,android_0:android;android_1:android,worker-worktrees/all-task-update-intergration-sync-20260826/runs/kimi-k2.6-lite/core200_20260826/experiment_metadata.json,worker-worktrees/all-task-update-intergration-sync-20260826/runs/kimi-k2.6-lite/core200_20260826/run_01/summary.json,worker-worktrees/all-task-update-intergration-sync-20260826/runs/kimi-k2.6-lite/core200_20260826/run_01/016_a2_alarm_conflict_log/result.json,1e053e2cf7955b4a2c4aafbe5136ea918276eaec,completed,formal_run_01,true,true,true,true
Kimi K2.6,al_writer_from_note_gui,17,worker-worktrees/all-task-update-intergration-sync-20260826/runs/kimi-k2.6-lite/core200_20260826/run_01/017_al_writer_from_note_gui,worker-worktrees/all-task-update-intergration-sync-20260826/runs/kimi-k2.6-lite/core200_20260826/run_01/run_metadata.json,worker-worktrees/all-task-update-intergration-sync-20260826/runs/kimi-k2.6-lite/core200_20260826/run_01/017_al_writer_from_note_gui/config/task.json,formal_run_01: formal runner summary; archived incomplete attempts excluded,FAIL,FAIL,recorded_automatic_result; no applicable confirmed rescoring record located,0,0,selected-attempt result.json; no new scoring or reinterpretation,50,1389.656,max_steps,2,android+linux,android_0:android;linux_0:linux,worker-worktrees/all-task-update-intergration-sync-20260826/runs/kimi-k2.6-lite/core200_20260826/experiment_metadata.json,worker-worktrees/all-task-update-intergration-sync-20260826/runs/kimi-k2.6-lite/core200_20260826/run_01/summary.json,worker-worktrees/all-task-update-intergration-sync-20260826/runs/kimi-k2.6-lite/core200_20260826/run_01/017_al_writer_from_note_gui/result.json,1e053e2cf7955b4a2c4aafbe5136ea918276eaec,completed,formal_run_01,true,true,true,true
Kimi K2.6,al_playlist_from_csv,18,worker-worktrees/all-task-update-intergration-sync-20260826/runs/kimi-k2.6-lite/core200_20260826/run_01/018_al_playlist_from_csv,worker-worktrees/all-task-update-intergration-sync-20260826/runs/kimi-k2.6-lite/core200_20260826/run_01/run_metadata.json,worker-worktrees/all-task-update-intergration-sync-20260826/runs/kimi-k2.6-lite/core200_20260826/run_01/018_al_playlist_from_csv/config/task.json,formal_run_01: formal runner summary; archived incomplete attempts excluded,FAIL,FAIL,recorded_automatic_result; no applicable confirmed rescoring record located,0,0,selected-attempt result.json; no new scoring or reinterpretation,26,1931.041,time_limit,2,android+linux,android_0:android;linux_0:linux,worker-worktrees/all-task-update-intergration-sync-20260826/runs/kimi-k2.6-lite/core200_20260826/experiment_metadata.json,worker-worktrees/all-task-update-intergration-sync-20260826/runs/kimi-k2.6-lite/core200_20260826/run_01/summary.json,worker-worktrees/all-task-update-intergration-sync-20260826/runs/kimi-k2.6-lite/core200_20260826/run_01/018_al_playlist_from_csv/result.json,1e053e2cf7955b4a2c4aafbe5136ea918276eaec,completed,formal_run_01,true,true,true,true
Kimi K2.6,a2l2_vscode_web_music_final_gate,19,worker-worktrees/all-task-update-intergration-sync-20260826/runs/kimi-k2.6-lite/core200_20260826/run_01/019_a2l2_vscode_web_music_final_gate,worker-worktrees/all-task-update-intergration-sync-20260826/runs/kimi-k2.6-lite/core200_20260826/run_01/run_metadata.json,worker-worktrees/all-task-update-intergration-sync-20260826/runs/kimi-k2.6-lite/core200_20260826/run_01/019_a2l2_vscode_web_music_final_gate/config/task.json,formal_run_01: formal runner summary; archived incomplete attempts excluded,FAIL,FAIL,recorded_automatic_result; no applicable confirmed rescoring record located,0,0,selected-attempt result.json; no new scoring or reinterpretation,50,1735.268,max_steps,4,android+linux,android_0:android;android_1:android;linux_0:linux;linux_1:linux,worker-worktrees/all-task-update-intergration-sync-20260826/runs/kimi-k2.6-lite/core200_20260826/experiment_metadata.json,worker-worktrees/all-task-update-intergration-sync-20260826/runs/kimi-k2.6-lite/core200_20260826/run_01/summary.json,worker-worktrees/all-task-update-intergration-sync-20260826/runs/kimi-k2.6-lite/core200_20260826/run_01/019_a2l2_vscode_web_music_final_gate/result.json,1e053e2cf7955b4a2c4aafbe5136ea918276eaec,completed,formal_run_01,true,true,true,true
Kimi K2.6,al2_mail_calc_alarm_sync,20,worker-worktrees/all-task-update-intergration-sync-20260826/runs/kimi-k2.6-lite/core200_20260826/run_01/020_al2_mail_calc_alarm_sync,worker-worktrees/all-task-update-intergration-sync-20260826/runs/kimi-k2.6-lite/core200_20260826/run_01/run_metadata.json,worker-worktrees/all-task-update-intergration-sync-20260826/runs/kimi-k2.6-lite/core200_20260826/run_01/020_al2_mail_calc_alarm_sync/config/task.json,formal_run_01: formal runner summary; archived incomplete attempts excluded,FAIL,FAIL,recorded_automatic_result; no applicable confirmed rescoring record located,0.3333333333333333,0.3333333333333333,selected-attempt result.json; no new scoring or reinterpretation,40,1865.787,time_limit,3,android+linux,android_0:android;linux_0:linux;linux_1:linux,worker-worktrees/all-task-update-intergration-sync-20260826/runs/kimi-k2.6-lite/core200_20260826/experiment_metadata.json,worker-worktrees/all-task-update-intergration-sync-20260826/runs/kimi-k2.6-lite/core200_20260826/run_01/summary.json,worker-worktrees/all-task-update-intergration-sync-20260826/runs/kimi-k2.6-lite/core200_20260826/run_01/020_al2_mail_calc_alarm_sync/result.json,1e053e2cf7955b4a2c4aafbe5136ea918276eaec,completed,formal_run_01,true,true,true,true
Kimi K2.6,al_map_audio_packet,21,worker-worktrees/all-task-update-intergration-sync-20260826/runs/kimi-k2.6-lite/core200_20260826/run_01/021_al_map_audio_packet,worker-worktrees/all-task-update-intergration-sync-20260826/runs/kimi-k2.6-lite/core200_20260826/run_01/run_metadata.json,worker-worktrees/all-task-update-intergration-sync-20260826/runs/kimi-k2.6-lite/core200_20260826/run_01/021_al_map_audio_packet/config/task.json,formal_run_01: formal runner summary; archived incomplete attempts excluded,FAIL,FAIL,recorded_automatic_result; no applicable confirmed rescoring record located,0,0,selected-attempt result.json; no new scoring or reinterpretation,41,1931.773,time_limit,2,android+linux,android_0:android;linux_0:linux,worker-worktrees/all-task-update-intergration-sync-20260826/runs/kimi-k2.6-lite/core200_20260826/experiment_metadata.json,worker-worktrees/all-task-update-intergration-sync-20260826/runs/kimi-k2.6-lite/core200_20260826/run_01/summary.json,worker-worktrees/all-task-update-intergration-sync-20260826/runs/kimi-k2.6-lite/core200_20260826/run_01/021_al_map_audio_packet/result.json,1e053e2cf7955b4a2c4aafbe5136ea918276eaec,completed,formal_run_01,true,true,true,true
Kimi K2.6,a2l_audio_thunderbird_draft,22,worker-worktrees/all-task-update-intergration-sync-20260826/runs/kimi-k2.6-lite/core200_20260826/post_repair_retry_20260830/per_task/022_a2l_audio_thunderbird_draft/022_a2l_audio_thunderbird_draft,worker-worktrees/all-task-update-intergration-sync-20260826/runs/kimi-k2.6-lite/core200_20260826/post_repair_retry_20260830/per_task/022_a2l_audio_thunderbird_draft/run_metadata.json,worker-worktrees/all-task-update-intergration-sync-20260826/runs/kimi-k2.6-lite/core200_20260826/post_repair_retry_20260830/per_task/022_a2l_audio_thunderbird_draft/022_a2l_audio_thunderbird_draft/config/task.json,post_repair_retry: post_repair_retry_20260830/run_retry_queue.sh; task 096 final resume retained by its summary,FAIL,FAIL,recorded_automatic_result; no applicable confirmed rescoring record located,0,0,selected-attempt result.json; no new scoring or reinterpretation,20,1810.025,time_limit,3,android+linux,android_0:android;android_1:android;linux_0:linux,worker-worktrees/all-task-update-intergration-sync-20260826/runs/kimi-k2.6-lite/core200_20260826/experiment_metadata.json,worker-worktrees/all-task-update-intergration-sync-20260826/runs/kimi-k2.6-lite/core200_20260826/post_repair_retry_20260830/per_task/022_a2l_audio_thunderbird_draft/summary.json,worker-worktrees/all-task-update-intergration-sync-20260826/runs/kimi-k2.6-lite/core200_20260826/post_repair_retry_20260830/per_task/022_a2l_audio_thunderbird_draft/022_a2l_audio_thunderbird_draft/result.json,1e053e2cf7955b4a2c4aafbe5136ea918276eaec,completed,post_repair_retry,true,true,true,true
Kimi K2.6,al_camera_web_upload_form,23,worker-worktrees/all-task-update-intergration-sync-20260826/runs/kimi-k2.6-lite/core200_20260826/run_01/023_al_camera_web_upload_form,worker-worktrees/all-task-update-intergration-sync-20260826/runs/kimi-k2.6-lite/core200_20260826/run_01/run_metadata.json,worker-worktrees/all-task-update-intergration-sync-20260826/runs/kimi-k2.6-lite/core200_20260826/run_01/023_al_camera_web_upload_form/config/task.json,formal_run_01: formal runner summary; archived incomplete attempts excluded,PASS,PASS,recorded_automatic_result; no applicable confirmed rescoring record located,1,1,selected-attempt result.json; no new scoring or reinterpretation,15,984.314,done,2,android+linux,android_0:android;linux_0:linux,worker-worktrees/all-task-update-intergration-sync-20260826/runs/kimi-k2.6-lite/core200_20260826/experiment_metadata.json,worker-worktrees/all-task-update-intergration-sync-20260826/runs/kimi-k2.6-lite/core200_20260826/run_01/summary.json,worker-worktrees/all-task-update-intergration-sync-20260826/runs/kimi-k2.6-lite/core200_20260826/run_01/023_al_camera_web_upload_form/result.json,1e053e2cf7955b4a2c4aafbe5136ea918276eaec,completed,formal_run_01,true,true,true,true
Kimi K2.6,a2l_osmand_calc_visit,24,worker-worktrees/all-task-update-intergration-sync-20260826/runs/kimi-k2.6-lite/core200_20260826/run_01/024_a2l_osmand_calc_visit,worker-worktrees/all-task-update-intergration-sync-20260826/runs/kimi-k2.6-lite/core200_20260826/run_01/run_metadata.json,worker-worktrees/all-task-update-intergration-sync-20260826/runs/kimi-k2.6-lite/core200_20260826/run_01/024_a2l_osmand_calc_visit/config/task.json,formal_run_01: formal runner summary; archived incomplete attempts excluded,FAIL,FAIL,recorded_automatic_result; no applicable confirmed rescoring record located,0,0,selected-attempt result.json; no new scoring or reinterpretation,11,561.853,done,3,android+linux,android_0:android;android_1:android;linux_0:linux,worker-worktrees/all-task-update-intergration-sync-20260826/runs/kimi-k2.6-lite/core200_20260826/experiment_metadata.json,worker-worktrees/all-task-update-intergration-sync-20260826/runs/kimi-k2.6-lite/core200_20260826/run_01/summary.json,worker-worktrees/all-task-update-intergration-sync-20260826/runs/kimi-k2.6-lite/core200_20260826/run_01/024_a2l_osmand_calc_visit/result.json,1e053e2cf7955b4a2c4aafbe5136ea918276eaec,completed,formal_run_01,true,true,true,true
Kimi K2.6,a2_gallery_cleanup_log,25,worker-worktrees/all-task-update-intergration-sync-20260826/runs/kimi-k2.6-lite/core200_20260826/run_01/025_a2_gallery_cleanup_log,worker-worktrees/all-task-update-intergration-sync-20260826/runs/kimi-k2.6-lite/core200_20260826/run_01/run_metadata.json,worker-worktrees/all-task-update-intergration-sync-20260826/runs/kimi-k2.6-lite/core200_20260826/run_01/025_a2_gallery_cleanup_log/config/task.json,formal_run_01: formal runner summary; archived incomplete attempts excluded,FAIL,FAIL,recorded_automatic_result; no applicable confirmed rescoring record located,0,0,selected-attempt result.json; no new scoring or reinterpretation,38,1810.275,time_limit,2,android,android_0:android;android_1:android,worker-worktrees/all-task-update-intergration-sync-20260826/runs/kimi-k2.6-lite/core200_20260826/experiment_metadata.json,worker-worktrees/all-task-update-intergration-sync-20260826/runs/kimi-k2.6-lite/core200_20260826/run_01/summary.json,worker-worktrees/all-task-update-intergration-sync-20260826/runs/kimi-k2.6-lite/core200_20260826/run_01/025_a2_gallery_cleanup_log/result.json,1e053e2cf7955b4a2c4aafbe5136ea918276eaec,completed,formal_run_01,true,true,true,true
Kimi K2.6,l2_mail_rule_foldering,26,worker-worktrees/all-task-update-intergration-sync-20260826/runs/kimi-k2.6-lite/core200_20260826/run_01/026_l2_mail_rule_foldering,worker-worktrees/all-task-update-intergration-sync-20260826/runs/kimi-k2.6-lite/core200_20260826/run_01/run_metadata.json,worker-worktrees/all-task-update-intergration-sync-20260826/runs/kimi-k2.6-lite/core200_20260826/run_01/026_l2_mail_rule_foldering/config/task.json,formal_run_01: formal runner summary; archived incomplete attempts excluded,FAIL,FAIL,recorded_automatic_result; no applicable confirmed rescoring record located,0,0,selected-attempt result.json; no new scoring or reinterpretation,30,1898.297,time_limit,2,linux,linux_0:linux;linux_1:linux,worker-worktrees/all-task-update-intergration-sync-20260826/runs/kimi-k2.6-lite/core200_20260826/experiment_metadata.json,worker-worktrees/all-task-update-intergration-sync-20260826/runs/kimi-k2.6-lite/core200_20260826/run_01/summary.json,worker-worktrees/all-task-update-intergration-sync-20260826/runs/kimi-k2.6-lite/core200_20260826/run_01/026_l2_mail_rule_foldering/result.json,1e053e2cf7955b4a2c4aafbe5136ea918276eaec,completed,formal_run_01,true,true,true,true
Kimi K2.6,a2l2_training_media_deck_email,27,worker-worktrees/all-task-update-intergration-sync-20260826/runs/kimi-k2.6-lite/core200_20260826/run_01/027_a2l2_training_media_deck_email,worker-worktrees/all-task-update-intergration-sync-20260826/runs/kimi-k2.6-lite/core200_20260826/run_01/run_metadata.json,worker-worktrees/all-task-update-intergration-sync-20260826/runs/kimi-k2.6-lite/core200_20260826/run_01/027_a2l2_training_media_deck_email/config/task.json,formal_run_01: formal runner summary; archived incomplete attempts excluded,FAIL,FAIL,recorded_automatic_result; no applicable confirmed rescoring record located,0,0,selected-attempt result.json; no new scoring or reinterpretation,17,1898.337,time_limit,4,android+linux,android_0:android;android_1:android;linux_0:linux;linux_1:linux,worker-worktrees/all-task-update-intergration-sync-20260826/runs/kimi-k2.6-lite/core200_20260826/experiment_metadata.json,worker-worktrees/all-task-update-intergration-sync-20260826/runs/kimi-k2.6-lite/core200_20260826/run_01/summary.json,worker-worktrees/all-task-update-intergration-sync-20260826/runs/kimi-k2.6-lite/core200_20260826/run_01/027_a2l2_training_media_deck_email/result.json,1e053e2cf7955b4a2c4aafbe5136ea918276eaec,completed,formal_run_01,true,true,true,true
Kimi K2.6,a2l_browser_dual_phone_code,28,worker-worktrees/all-task-update-intergration-sync-20260826/runs/kimi-k2.6-lite/core200_20260826/run_01/028_a2l_browser_dual_phone_code,worker-worktrees/all-task-update-intergration-sync-20260826/runs/kimi-k2.6-lite/core200_20260826/run_01/run_metadata.json,worker-worktrees/all-task-update-intergration-sync-20260826/runs/kimi-k2.6-lite/core200_20260826/run_01/028_a2l_browser_dual_phone_code/config/task.json,formal_run_01: formal runner summary; archived incomplete attempts excluded,FAIL,FAIL,recorded_automatic_result; no applicable confirmed rescoring record located,0,0,selected-attempt result.json; no new scoring or reinterpretation,23,1814.281,time_limit,3,android+linux,android_0:android;android_1:android;linux_0:linux,worker-worktrees/all-task-update-intergration-sync-20260826/runs/kimi-k2.6-lite/core200_20260826/experiment_metadata.json,worker-worktrees/all-task-update-intergration-sync-20260826/runs/kimi-k2.6-lite/core200_20260826/run_01/summary.json,worker-worktrees/all-task-update-intergration-sync-20260826/runs/kimi-k2.6-lite/core200_20260826/run_01/028_a2l_browser_dual_phone_code/result.json,1e053e2cf7955b4a2c4aafbe5136ea918276eaec,completed,formal_run_01,true,true,true,true
Kimi K2.6,al_sms_web_download_statement,29,worker-worktrees/all-task-update-intergration-sync-20260826/runs/kimi-k2.6-lite/core200_20260826/run_01/029_al_sms_web_download_statement,worker-worktrees/all-task-update-intergration-sync-20260826/runs/kimi-k2.6-lite/core200_20260826/run_01/run_metadata.json,worker-worktrees/all-task-update-intergration-sync-20260826/runs/kimi-k2.6-lite/core200_20260826/run_01/029_al_sms_web_download_statement/config/task.json,formal_run_01: formal runner summary; archived incomplete attempts excluded,PASS,PASS,recorded_automatic_result; no applicable confirmed rescoring record located,1,1,selected-attempt result.json; no new scoring or reinterpretation,17,763.837,done,2,android+linux,android_0:android;linux_0:linux,worker-worktrees/all-task-update-intergration-sync-20260826/runs/kimi-k2.6-lite/core200_20260826/experiment_metadata.json,worker-worktrees/all-task-update-intergration-sync-20260826/runs/kimi-k2.6-lite/core200_20260826/run_01/summary.json,worker-worktrees/all-task-update-intergration-sync-20260826/runs/kimi-k2.6-lite/core200_20260826/run_01/029_al_sms_web_download_statement/result.json,1e053e2cf7955b4a2c4aafbe5136ea918276eaec,completed,formal_run_01,true,true,true,true
Kimi K2.6,a2_gallery_album_to_tasks,30,worker-worktrees/all-task-update-intergration-sync-20260826/runs/kimi-k2.6-lite/core200_20260826/run_01/030_a2_gallery_album_to_tasks,worker-worktrees/all-task-update-intergration-sync-20260826/runs/kimi-k2.6-lite/core200_20260826/run_01/run_metadata.json,worker-worktrees/all-task-update-intergration-sync-20260826/runs/kimi-k2.6-lite/core200_20260826/run_01/030_a2_gallery_album_to_tasks/config/task.json,formal_run_01: formal runner summary; archived incomplete attempts excluded,FAIL,FAIL,recorded_automatic_result; no applicable confirmed rescoring record located,0,0,selected-attempt result.json; no new scoring or reinterpretation,30,1930.297,time_limit,2,android,android_0:android;android_1:android,worker-worktrees/all-task-update-intergration-sync-20260826/runs/kimi-k2.6-lite/core200_20260826/experiment_metadata.json,worker-worktrees/all-task-update-intergration-sync-20260826/runs/kimi-k2.6-lite/core200_20260826/run_01/summary.json,worker-worktrees/all-task-update-intergration-sync-20260826/runs/kimi-k2.6-lite/core200_20260826/run_01/030_a2_gallery_album_to_tasks/result.json,1e053e2cf7955b4a2c4aafbe5136ea918276eaec,completed,formal_run_01,true,true,true,true
Kimi K2.6,linux_android_904,31,worker-worktrees/all-task-update-intergration-sync-20260826/runs/kimi-k2.6-lite/core200_20260826/run_01/031_linux_android_904,worker-worktrees/all-task-update-intergration-sync-20260826/runs/kimi-k2.6-lite/core200_20260826/run_01/run_metadata.json,worker-worktrees/all-task-update-intergration-sync-20260826/runs/kimi-k2.6-lite/core200_20260826/run_01/031_linux_android_904/config/task.json,formal_run_01: formal runner summary; archived incomplete attempts excluded,FAIL,FAIL,recorded_automatic_result; no applicable confirmed rescoring record located,0.6666666666666666,0.6666666666666666,selected-attempt result.json; no new scoring or reinterpretation,28,1843.19,time_limit,4,android+linux,android_0:android;android_1:android;linux_0:linux;linux_1:linux,worker-worktrees/all-task-update-intergration-sync-20260826/runs/kimi-k2.6-lite/core200_20260826/experiment_metadata.json,worker-worktrees/all-task-update-intergration-sync-20260826/runs/kimi-k2.6-lite/core200_20260826/run_01/summary.json,worker-worktrees/all-task-update-intergration-sync-20260826/runs/kimi-k2.6-lite/core200_20260826/run_01/031_linux_android_904/result.json,1e053e2cf7955b4a2c4aafbe5136ea918276eaec,completed,formal_run_01,true,true,true,true
Kimi K2.6,linux_android_1040,32,worker-worktrees/all-task-update-intergration-sync-20260826/runs/kimi-k2.6-lite/core200_20260826/recovery_20260829/per_task/032_linux_android_1040/032_linux_android_1040,worker-worktrees/all-task-update-intergration-sync-20260826/runs/kimi-k2.6-lite/core200_20260826/recovery_20260829/per_task/032_linux_android_1040/run_metadata.json,worker-worktrees/all-task-update-intergration-sync-20260826/runs/kimi-k2.6-lite/core200_20260826/recovery_20260829/per_task/032_linux_android_1040/032_linux_android_1040/config/task.json,infrastructure_recovery: recovery_20260829/run_recovery_queue.sh explicitly enumerates this task,FAIL,FAIL,recorded_automatic_result; no applicable confirmed rescoring record located,0.3333333333333333,0.3333333333333333,selected-attempt result.json; no new scoring or reinterpretation,31,1847.047,time_limit,3,android+linux,android_0:android;android_1:android;linux_0:linux,worker-worktrees/all-task-update-intergration-sync-20260826/runs/kimi-k2.6-lite/core200_20260826/experiment_metadata.json,worker-worktrees/all-task-update-intergration-sync-20260826/runs/kimi-k2.6-lite/core200_20260826/recovery_20260829/per_task/032_linux_android_1040/summary.json,worker-worktrees/all-task-update-intergration-sync-20260826/runs/kimi-k2.6-lite/core200_20260826/recovery_20260829/per_task/032_linux_android_1040/032_linux_android_1040/result.json,1e053e2cf7955b4a2c4aafbe5136ea918276eaec,completed,infrastructure_recovery,true,true,true,true
Kimi K2.6,linux_android_1313,33,worker-worktrees/all-task-update-intergration-sync-20260826/runs/kimi-k2.6-lite/core200_20260826/run_01/033_linux_android_1313,worker-worktrees/all-task-update-intergration-sync-20260826/runs/kimi-k2.6-lite/core200_20260826/run_01/run_metadata.json,worker-worktrees/all-task-update-intergration-sync-20260826/runs/kimi-k2.6-lite/core200_20260826/run_01/033_linux_android_1313/config/task.json,formal_run_01: formal runner summary; archived incomplete attempts excluded,FAIL,FAIL,recorded_automatic_result; no applicable confirmed rescoring record located,0,0,selected-attempt result.json; no new scoring or reinterpretation,19,1915.616,time_limit,4,android+linux,linux_0:linux;linux_1:linux;android_0:android;android_1:android,worker-worktrees/all-task-update-intergration-sync-20260826/runs/kimi-k2.6-lite/core200_20260826/experiment_metadata.json,worker-worktrees/all-task-update-intergration-sync-20260826/runs/kimi-k2.6-lite/core200_20260826/run_01/summary.json,worker-worktrees/all-task-update-intergration-sync-20260826/runs/kimi-k2.6-lite/core200_20260826/run_01/033_linux_android_1313/result.json,1e053e2cf7955b4a2c4aafbe5136ea918276eaec,completed,formal_run_01,true,true,true,true
Kimi K2.6,linux_android_1798,34,worker-worktrees/all-task-update-intergration-sync-20260826/runs/kimi-k2.6-lite/core200_20260826/recovery_20260829/per_task/034_linux_android_1798/034_linux_android_1798,worker-worktrees/all-task-update-intergration-sync-20260826/runs/kimi-k2.6-lite/core200_20260826/recovery_20260829/per_task/034_linux_android_1798/run_metadata.json,worker-worktrees/all-task-update-intergration-sync-20260826/runs/kimi-k2.6-lite/core200_20260826/recovery_20260829/per_task/034_linux_android_1798/034_linux_android_1798/config/task.json,infrastructure_recovery: recovery_20260829/run_recovery_queue.sh explicitly enumerates this task,PASS,PASS,recorded_automatic_result; no applicable confirmed rescoring record located,1,1,selected-attempt result.json; no new scoring or reinterpretation,5,269.93,done,3,android+linux,android_0:android;linux_0:linux;linux_1:linux,worker-worktrees/all-task-update-intergration-sync-20260826/runs/kimi-k2.6-lite/core200_20260826/experiment_metadata.json,worker-worktrees/all-task-update-intergration-sync-20260826/runs/kimi-k2.6-lite/core200_20260826/recovery_20260829/per_task/034_linux_android_1798/summary.json,worker-worktrees/all-task-update-intergration-sync-20260826/runs/kimi-k2.6-lite/core200_20260826/recovery_20260829/per_task/034_linux_android_1798/034_linux_android_1798/result.json,1e053e2cf7955b4a2c4aafbe5136ea918276eaec,completed,infrastructure_recovery,true,true,true,true
Kimi K2.6,linux_android_1368,35,worker-worktrees/all-task-update-intergration-sync-20260826/runs/kimi-k2.6-lite/core200_20260826/run_01/035_linux_android_1368,worker-worktrees/all-task-update-intergration-sync-20260826/runs/kimi-k2.6-lite/core200_20260826/run_01/run_metadata.json,worker-worktrees/all-task-update-intergration-sync-20260826/runs/kimi-k2.6-lite/core200_20260826/run_01/035_linux_android_1368/config/task.json,formal_run_01: formal runner summary; archived incomplete attempts excluded,FAIL,FAIL,recorded_automatic_result; no applicable confirmed rescoring record located,0,0,selected-attempt result.json; no new scoring or reinterpretation,31,1829.169,time_limit,3,android+linux,linux_0:linux;android_0:android;android_1:android,worker-worktrees/all-task-update-intergration-sync-20260826/runs/kimi-k2.6-lite/core200_20260826/experiment_metadata.json,worker-worktrees/all-task-update-intergration-sync-20260826/runs/kimi-k2.6-lite/core200_20260826/run_01/summary.json,worker-worktrees/all-task-update-intergration-sync-20260826/runs/kimi-k2.6-lite/core200_20260826/run_01/035_linux_android_1368/result.json,1e053e2cf7955b4a2c4aafbe5136ea918276eaec,completed,formal_run_01,true,true,true,true
Kimi K2.6,linux_android_1078,36,worker-worktrees/all-task-update-intergration-sync-20260826/runs/kimi-k2.6-lite/core200_20260826/post_repair_retry_20260830/per_task/036_linux_android_1078/036_linux_android_1078,worker-worktrees/all-task-update-intergration-sync-20260826/runs/kimi-k2.6-lite/core200_20260826/post_repair_retry_20260830/per_task/036_linux_android_1078/run_metadata.json,worker-worktrees/all-task-update-intergration-sync-20260826/runs/kimi-k2.6-lite/core200_20260826/post_repair_retry_20260830/per_task/036_linux_android_1078/036_linux_android_1078/config/task.json,post_repair_retry: post_repair_retry_20260830/run_retry_queue.sh; task 096 final resume retained by its summary,FAIL,FAIL,recorded_automatic_result; no applicable confirmed rescoring record located,0.5,0.5,selected-attempt result.json; no new scoring or reinterpretation,14,1808.316,time_limit,2,android+linux,android_0:android;linux_0:linux,worker-worktrees/all-task-update-intergration-sync-20260826/runs/kimi-k2.6-lite/core200_20260826/experiment_metadata.json,worker-worktrees/all-task-update-intergration-sync-20260826/runs/kimi-k2.6-lite/core200_20260826/post_repair_retry_20260830/per_task/036_linux_android_1078/summary.json,worker-worktrees/all-task-update-intergration-sync-20260826/runs/kimi-k2.6-lite/core200_20260826/post_repair_retry_20260830/per_task/036_linux_android_1078/036_linux_android_1078/result.json,1e053e2cf7955b4a2c4aafbe5136ea918276eaec,completed,post_repair_retry,true,true,true,true
Kimi K2.6,linux_android_1255,37,worker-worktrees/all-task-update-intergration-sync-20260826/runs/kimi-k2.6-lite/core200_20260826/run_01/037_linux_android_1255,worker-worktrees/all-task-update-intergration-sync-20260826/runs/kimi-k2.6-lite/core200_20260826/run_01/run_metadata.json,worker-worktrees/all-task-update-intergration-sync-20260826/runs/kimi-k2.6-lite/core200_20260826/run_01/037_linux_android_1255/config/task.json,formal_run_01: formal runner summary; archived incomplete attempts excluded,FAIL,FAIL,recorded_automatic_result; no applicable confirmed rescoring record located,0.6666666666666666,0.6666666666666666,selected-attempt result.json; no new scoring or reinterpretation,26,1052.906,done,2,android+linux,linux_0:linux;android_0:android,worker-worktrees/all-task-update-intergration-sync-20260826/runs/kimi-k2.6-lite/core200_20260826/experiment_metadata.json,worker-worktrees/all-task-update-intergration-sync-20260826/runs/kimi-k2.6-lite/core200_20260826/run_01/summary.json,worker-worktrees/all-task-update-intergration-sync-20260826/runs/kimi-k2.6-lite/core200_20260826/run_01/037_linux_android_1255/result.json,1e053e2cf7955b4a2c4aafbe5136ea918276eaec,completed,formal_run_01,true,true,true,true
Kimi K2.6,linux_android_1241,38,worker-worktrees/all-task-update-intergration-sync-20260826/runs/kimi-k2.6-lite/core200_20260826/run_01/038_linux_android_1241,worker-worktrees/all-task-update-intergration-sync-20260826/runs/kimi-k2.6-lite/core200_20260826/run_01/run_metadata.json,worker-worktrees/all-task-update-intergration-sync-20260826/runs/kimi-k2.6-lite/core200_20260826/run_01/038_linux_android_1241/config/task.json,formal_run_01: formal runner summary; archived incomplete attempts excluded,FAIL,FAIL,recorded_automatic_result; no applicable confirmed rescoring record located,0.4,0.4,selected-attempt result.json; no new scoring or reinterpretation,27,1884.252,time_limit,3,android+linux,linux_0:linux;linux_1:linux;android_0:android,worker-worktrees/all-task-update-intergration-sync-20260826/runs/kimi-k2.6-lite/core200_20260826/experiment_metadata.json,worker-worktrees/all-task-update-intergration-sync-20260826/runs/kimi-k2.6-lite/core200_20260826/run_01/summary.json,worker-worktrees/all-task-update-intergration-sync-20260826/runs/kimi-k2.6-lite/core200_20260826/run_01/038_linux_android_1241/result.json,1e053e2cf7955b4a2c4aafbe5136ea918276eaec,completed,formal_run_01,true,true,true,true
Kimi K2.6,linux_android_1357,39,worker-worktrees/all-task-update-intergration-sync-20260826/runs/kimi-k2.6-lite/core200_20260826/run_01/039_linux_android_1357,worker-worktrees/all-task-update-intergration-sync-20260826/runs/kimi-k2.6-lite/core200_20260826/run_01/run_metadata.json,worker-worktrees/all-task-update-intergration-sync-20260826/runs/kimi-k2.6-lite/core200_20260826/run_01/039_linux_android_1357/config/task.json,formal_run_01: formal runner summary; archived incomplete attempts excluded,FAIL,FAIL,recorded_automatic_result; no applicable confirmed rescoring record located,0,0,selected-attempt result.json; no new scoring or reinterpretation,23,1946.988,time_limit,3,android+linux,linux_0:linux;android_0:android;android_1:android,worker-worktrees/all-task-update-intergration-sync-20260826/runs/kimi-k2.6-lite/core200_20260826/experiment_metadata.json,worker-worktrees/all-task-update-intergration-sync-20260826/runs/kimi-k2.6-lite/core200_20260826/run_01/summary.json,worker-worktrees/all-task-update-intergration-sync-20260826/runs/kimi-k2.6-lite/core200_20260826/run_01/039_linux_android_1357/result.json,1e053e2cf7955b4a2c4aafbe5136ea918276eaec,completed,formal_run_01,true,true,true,true
Kimi K2.6,linux_android_1831,40,worker-worktrees/all-task-update-intergration-sync-20260826/runs/kimi-k2.6-lite/core200_20260826/recovery_20260829/per_task/040_linux_android_1831/040_linux_android_1831,worker-worktrees/all-task-update-intergration-sync-20260826/runs/kimi-k2.6-lite/core200_20260826/recovery_20260829/per_task/040_linux_android_1831/run_metadata.json,worker-worktrees/all-task-update-intergration-sync-20260826/runs/kimi-k2.6-lite/core200_20260826/recovery_20260829/per_task/040_linux_android_1831/040_linux_android_1831/config/task.json,infrastructure_recovery: recovery_20260829/run_recovery_queue.sh explicitly enumerates this task,FAIL,FAIL,recorded_automatic_result; no applicable confirmed rescoring record located,0,0,selected-attempt result.json; no new scoring or reinterpretation,23,1871.019,time_limit,2,android+linux,android_0:android;linux_0:linux,worker-worktrees/all-task-update-intergration-sync-20260826/runs/kimi-k2.6-lite/core200_20260826/experiment_metadata.json,worker-worktrees/all-task-update-intergration-sync-20260826/runs/kimi-k2.6-lite/core200_20260826/recovery_20260829/per_task/040_linux_android_1831/summary.json,worker-worktrees/all-task-update-intergration-sync-20260826/runs/kimi-k2.6-lite/core200_20260826/recovery_20260829/per_task/040_linux_android_1831/040_linux_android_1831/result.json,1e053e2cf7955b4a2c4aafbe5136ea918276eaec,completed,infrastructure_recovery,true,true,true,true
Kimi K2.6,linux_android_1324,41,worker-worktrees/all-task-update-intergration-sync-20260826/runs/kimi-k2.6-lite/core200_20260826/post_repair_retry_20260830/per_task/041_linux_android_1324/041_linux_android_1324,worker-worktrees/all-task-update-intergration-sync-20260826/runs/kimi-k2.6-lite/core200_20260826/post_repair_retry_20260830/per_task/041_linux_android_1324/run_metadata.json,worker-worktrees/all-task-update-intergration-sync-20260826/runs/kimi-k2.6-lite/core200_20260826/post_repair_retry_20260830/per_task/041_linux_android_1324/041_linux_android_1324/config/task.json,post_repair_retry: post_repair_retry_20260830/run_retry_queue.sh; task 096 final resume retained by its summary,FAIL,FAIL,recorded_automatic_result; no applicable confirmed rescoring record located,0.3333333333333333,0.3333333333333333,selected-attempt result.json; no new scoring or reinterpretation,12,1812.52,time_limit,3,android+linux,linux_0:linux;android_0:android;android_1:android,worker-worktrees/all-task-update-intergration-sync-20260826/runs/kimi-k2.6-lite/core200_20260826/experiment_metadata.json,worker-worktrees/all-task-update-intergration-sync-20260826/runs/kimi-k2.6-lite/core200_20260826/post_repair_retry_20260830/per_task/041_linux_android_1324/summary.json,worker-worktrees/all-task-update-intergration-sync-20260826/runs/kimi-k2.6-lite/core200_20260826/post_repair_retry_20260830/per_task/041_linux_android_1324/041_linux_android_1324/result.json,1e053e2cf7955b4a2c4aafbe5136ea918276eaec,completed,post_repair_retry,true,true,true,true
Kimi K2.6,linux_android_1215,42,worker-worktrees/all-task-update-intergration-sync-20260826/runs/kimi-k2.6-lite/core200_20260826/run_01/042_linux_android_1215,worker-worktrees/all-task-update-intergration-sync-20260826/runs/kimi-k2.6-lite/core200_20260826/run_01/run_metadata.json,worker-worktrees/all-task-update-intergration-sync-20260826/runs/kimi-k2.6-lite/core200_20260826/run_01/042_linux_android_1215/config/task.json,formal_run_01: formal runner summary; archived incomplete attempts excluded,FAIL,FAIL,recorded_automatic_result; no applicable confirmed rescoring record located,0.5,0.5,selected-attempt result.json; no new scoring or reinterpretation,29,1775.186,done,3,android+linux,linux_0:linux;android_0:android;android_1:android,worker-worktrees/all-task-update-intergration-sync-20260826/runs/kimi-k2.6-lite/core200_20260826/experiment_metadata.json,worker-worktrees/all-task-update-intergration-sync-20260826/runs/kimi-k2.6-lite/core200_20260826/run_01/summary.json,worker-worktrees/all-task-update-intergration-sync-20260826/runs/kimi-k2.6-lite/core200_20260826/run_01/042_linux_android_1215/result.json,1e053e2cf7955b4a2c4aafbe5136ea918276eaec,completed,formal_run_01,true,true,true,true
Kimi K2.6,linux_android_1320,43,worker-worktrees/all-task-update-intergration-sync-20260826/runs/kimi-k2.6-lite/core200_20260826/run_01/043_linux_android_1320,worker-worktrees/all-task-update-intergration-sync-20260826/runs/kimi-k2.6-lite/core200_20260826/run_01/run_metadata.json,worker-worktrees/all-task-update-intergration-sync-20260826/runs/kimi-k2.6-lite/core200_20260826/run_01/043_linux_android_1320/config/task.json,formal_run_01: formal runner summary; archived incomplete attempts excluded,PASS,PASS,recorded_automatic_result; no applicable confirmed rescoring record located,1,1,selected-attempt result.json; no new scoring or reinterpretation,5,296.028,done,4,android+linux,linux_0:linux;linux_1:linux;android_0:android;android_1:android,worker-worktrees/all-task-update-intergration-sync-20260826/runs/kimi-k2.6-lite/core200_20260826/experiment_metadata.json,worker-worktrees/all-task-update-intergration-sync-20260826/runs/kimi-k2.6-lite/core200_20260826/run_01/summary.json,worker-worktrees/all-task-update-intergration-sync-20260826/runs/kimi-k2.6-lite/core200_20260826/run_01/043_linux_android_1320/result.json,1e053e2cf7955b4a2c4aafbe5136ea918276eaec,completed,formal_run_01,true,true,true,true
Kimi K2.6,linux_android_1814,44,worker-worktrees/all-task-update-intergration-sync-20260826/runs/kimi-k2.6-lite/core200_20260826/run_01/044_linux_android_1814,worker-worktrees/all-task-update-intergration-sync-20260826/runs/kimi-k2.6-lite/core200_20260826/run_01/run_metadata.json,worker-worktrees/all-task-update-intergration-sync-20260826/runs/kimi-k2.6-lite/core200_20260826/run_01/044_linux_android_1814/config/task.json,formal_run_01: formal runner summary; archived incomplete attempts excluded,FAIL,FAIL,recorded_automatic_result; no applicable confirmed rescoring record located,0,0,selected-attempt result.json; no new scoring or reinterpretation,26,1882.297,time_limit,3,android+linux,android_0:android;android_1:android;linux_0:linux,worker-worktrees/all-task-update-intergration-sync-20260826/runs/kimi-k2.6-lite/core200_20260826/experiment_metadata.json,worker-worktrees/all-task-update-intergration-sync-20260826/runs/kimi-k2.6-lite/core200_20260826/run_01/summary.json,worker-worktrees/all-task-update-intergration-sync-20260826/runs/kimi-k2.6-lite/core200_20260826/run_01/044_linux_android_1814/result.json,1e053e2cf7955b4a2c4aafbe5136ea918276eaec,completed,formal_run_01,true,true,true,true
Kimi K2.6,linux_android_1289,45,worker-worktrees/all-task-update-intergration-sync-20260826/runs/kimi-k2.6-lite/core200_20260826/run_01/045_linux_android_1289,worker-worktrees/all-task-update-intergration-sync-20260826/runs/kimi-k2.6-lite/core200_20260826/run_01/run_metadata.json,worker-worktrees/all-task-update-intergration-sync-20260826/runs/kimi-k2.6-lite/core200_20260826/run_01/045_linux_android_1289/config/task.json,formal_run_01: formal runner summary; archived incomplete attempts excluded,FAIL,FAIL,recorded_automatic_result; no applicable confirmed rescoring record located,0.5,0.5,selected-attempt result.json; no new scoring or reinterpretation,34,1821.686,time_limit,2,android+linux,linux_0:linux;android_0:android,worker-worktrees/all-task-update-intergration-sync-20260826/runs/kimi-k2.6-lite/core200_20260826/experiment_metadata.json,worker-worktrees/all-task-update-intergration-sync-20260826/runs/kimi-k2.6-lite/core200_20260826/run_01/summary.json,worker-worktrees/all-task-update-intergration-sync-20260826/runs/kimi-k2.6-lite/core200_20260826/run_01/045_linux_android_1289/result.json,1e053e2cf7955b4a2c4aafbe5136ea918276eaec,completed,formal_run_01,true,true,true,true
Kimi K2.6,linux_android_1851,46,worker-worktrees/all-task-update-intergration-sync-20260826/runs/kimi-k2.6-lite/core200_20260826/run_01/046_linux_android_1851,worker-worktrees/all-task-update-intergration-sync-20260826/runs/kimi-k2.6-lite/core200_20260826/run_01/run_metadata.json,worker-worktrees/all-task-update-intergration-sync-20260826/runs/kimi-k2.6-lite/core200_20260826/run_01/046_linux_android_1851/config/task.json,formal_run_01: formal runner summary; archived incomplete attempts excluded,FAIL,FAIL,recorded_automatic_result; no applicable confirmed rescoring record located,0,0,selected-attempt result.json; no new scoring or reinterpretation,32,2089.065,time_limit,2,android+linux,android_0:android;linux_0:linux,worker-worktrees/all-task-update-intergration-sync-20260826/runs/kimi-k2.6-lite/core200_20260826/experiment_metadata.json,worker-worktrees/all-task-update-intergration-sync-20260826/runs/kimi-k2.6-lite/core200_20260826/run_01/summary.json,worker-worktrees/all-task-update-intergration-sync-20260826/runs/kimi-k2.6-lite/core200_20260826/run_01/046_linux_android_1851/result.json,1e053e2cf7955b4a2c4aafbe5136ea918276eaec,completed,formal_run_01,true,true,true,true
Kimi K2.6,linux_android_1365,47,worker-worktrees/all-task-update-intergration-sync-20260826/runs/kimi-k2.6-lite/core200_20260826/run_01/047_linux_android_1365,worker-worktrees/all-task-update-intergration-sync-20260826/runs/kimi-k2.6-lite/core200_20260826/run_01/run_metadata.json,worker-worktrees/all-task-update-intergration-sync-20260826/runs/kimi-k2.6-lite/core200_20260826/run_01/047_linux_android_1365/config/task.json,formal_run_01: formal runner summary; archived incomplete attempts excluded,FAIL,FAIL,recorded_automatic_result; no applicable confirmed rescoring record located,0.5,0.5,selected-attempt result.json; no new scoring or reinterpretation,38,1833.376,time_limit,3,android+linux,linux_0:linux;android_0:android;android_1:android,worker-worktrees/all-task-update-intergration-sync-20260826/runs/kimi-k2.6-lite/core200_20260826/experiment_metadata.json,worker-worktrees/all-task-update-intergration-sync-20260826/runs/kimi-k2.6-lite/core200_20260826/run_01/summary.json,worker-worktrees/all-task-update-intergration-sync-20260826/runs/kimi-k2.6-lite/core200_20260826/run_01/047_linux_android_1365/result.json,1e053e2cf7955b4a2c4aafbe5136ea918276eaec,completed,formal_run_01,true,true,true,true
Kimi K2.6,linux_android_1853,48,worker-worktrees/all-task-update-intergration-sync-20260826/runs/kimi-k2.6-lite/core200_20260826/run_01/048_linux_android_1853,worker-worktrees/all-task-update-intergration-sync-20260826/runs/kimi-k2.6-lite/core200_20260826/run_01/run_metadata.json,worker-worktrees/all-task-update-intergration-sync-20260826/runs/kimi-k2.6-lite/core200_20260826/run_01/048_linux_android_1853/config/task.json,formal_run_01: formal runner summary; archived incomplete attempts excluded,FAIL,FAIL,recorded_automatic_result; no applicable confirmed rescoring record located,0.5,0.5,selected-attempt result.json; no new scoring or reinterpretation,32,1825.821,time_limit,3,android+linux,android_0:android;android_1:android;linux_0:linux,worker-worktrees/all-task-update-intergration-sync-20260826/runs/kimi-k2.6-lite/core200_20260826/experiment_metadata.json,worker-worktrees/all-task-update-intergration-sync-20260826/runs/kimi-k2.6-lite/core200_20260826/run_01/summary.json,worker-worktrees/all-task-update-intergration-sync-20260826/runs/kimi-k2.6-lite/core200_20260826/run_01/048_linux_android_1853/result.json,1e053e2cf7955b4a2c4aafbe5136ea918276eaec,completed,formal_run_01,true,true,true,true
Kimi K2.6,linux_android_1185,49,worker-worktrees/all-task-update-intergration-sync-20260826/runs/kimi-k2.6-lite/core200_20260826/run_01/049_linux_android_1185,worker-worktrees/all-task-update-intergration-sync-20260826/runs/kimi-k2.6-lite/core200_20260826/run_01/run_metadata.json,worker-worktrees/all-task-update-intergration-sync-20260826/runs/kimi-k2.6-lite/core200_20260826/run_01/049_linux_android_1185/config/task.json,formal_run_01: formal runner summary; archived incomplete attempts excluded,FAIL,FAIL,recorded_automatic_result; no applicable confirmed rescoring record located,0.3333333333333333,0.3333333333333333,selected-attempt result.json; no new scoring or reinterpretation,16,1885.287,time_limit,4,android+linux,linux_0:linux;linux_1:linux;android_0:android;android_1:android,worker-worktrees/all-task-update-intergration-sync-20260826/runs/kimi-k2.6-lite/core200_20260826/experiment_metadata.json,worker-worktrees/all-task-update-intergration-sync-20260826/runs/kimi-k2.6-lite/core200_20260826/run_01/summary.json,worker-worktrees/all-task-update-intergration-sync-20260826/runs/kimi-k2.6-lite/core200_20260826/run_01/049_linux_android_1185/result.json,1e053e2cf7955b4a2c4aafbe5136ea918276eaec,completed,formal_run_01,true,true,true,true
Kimi K2.6,linux_android_1217,50,worker-worktrees/all-task-update-intergration-sync-20260826/runs/kimi-k2.6-lite/core200_20260826/post_repair_retry_20260830/per_task/050_linux_android_1217/050_linux_android_1217,worker-worktrees/all-task-update-intergration-sync-20260826/runs/kimi-k2.6-lite/core200_20260826/post_repair_retry_20260830/per_task/050_linux_android_1217/run_metadata.json,worker-worktrees/all-task-update-intergration-sync-20260826/runs/kimi-k2.6-lite/core200_20260826/post_repair_retry_20260830/per_task/050_linux_android_1217/050_linux_android_1217/config/task.json,post_repair_retry: post_repair_retry_20260830/run_retry_queue.sh; task 096 final resume retained by its summary,FAIL,FAIL,recorded_automatic_result; no applicable confirmed rescoring record located,0,0,selected-attempt result.json; no new scoring or reinterpretation,29,1818.306,time_limit,3,android+linux,linux_0:linux;linux_1:linux;android_0:android,worker-worktrees/all-task-update-intergration-sync-20260826/runs/kimi-k2.6-lite/core200_20260826/experiment_metadata.json,worker-worktrees/all-task-update-intergration-sync-20260826/runs/kimi-k2.6-lite/core200_20260826/post_repair_retry_20260830/per_task/050_linux_android_1217/summary.json,worker-worktrees/all-task-update-intergration-sync-20260826/runs/kimi-k2.6-lite/core200_20260826/post_repair_retry_20260830/per_task/050_linux_android_1217/050_linux_android_1217/result.json,1e053e2cf7955b4a2c4aafbe5136ea918276eaec,completed,post_repair_retry,true,true,true,true
Kimi K2.6,linux_android_1858,51,worker-worktrees/all-task-update-intergration-sync-20260826/runs/kimi-k2.6-lite/core200_20260826/run_01/051_linux_android_1858,worker-worktrees/all-task-update-intergration-sync-20260826/runs/kimi-k2.6-lite/core200_20260826/run_01/run_metadata.json,worker-worktrees/all-task-update-intergration-sync-20260826/runs/kimi-k2.6-lite/core200_20260826/run_01/051_linux_android_1858/config/task.json,formal_run_01: formal runner summary; archived incomplete attempts excluded,FAIL,FAIL,recorded_automatic_result; no applicable confirmed rescoring record located,0.6666666666666666,0.6666666666666666,selected-attempt result.json; no new scoring or reinterpretation,3,184.101,done,3,android+linux,android_0:android;linux_0:linux;linux_1:linux,worker-worktrees/all-task-update-intergration-sync-20260826/runs/kimi-k2.6-lite/core200_20260826/experiment_metadata.json,worker-worktrees/all-task-update-intergration-sync-20260826/runs/kimi-k2.6-lite/core200_20260826/run_01/summary.json,worker-worktrees/all-task-update-intergration-sync-20260826/runs/kimi-k2.6-lite/core200_20260826/run_01/051_linux_android_1858/result.json,1e053e2cf7955b4a2c4aafbe5136ea918276eaec,completed,formal_run_01,true,true,true,true
Kimi K2.6,linux_android_1181,52,worker-worktrees/all-task-update-intergration-sync-20260826/runs/kimi-k2.6-lite/core200_20260826/run_01/052_linux_android_1181,worker-worktrees/all-task-update-intergration-sync-20260826/runs/kimi-k2.6-lite/core200_20260826/run_01/run_metadata.json,worker-worktrees/all-task-update-intergration-sync-20260826/runs/kimi-k2.6-lite/core200_20260826/run_01/052_linux_android_1181/config/task.json,formal_run_01: formal runner summary; archived incomplete attempts excluded,FAIL,FAIL,recorded_automatic_result; no applicable confirmed rescoring record located,0,0,selected-attempt result.json; no new scoring or reinterpretation,14,506.745,done,2,android+linux,linux_0:linux;android_0:android,worker-worktrees/all-task-update-intergration-sync-20260826/runs/kimi-k2.6-lite/core200_20260826/experiment_metadata.json,worker-worktrees/all-task-update-intergration-sync-20260826/runs/kimi-k2.6-lite/core200_20260826/run_01/summary.json,worker-worktrees/all-task-update-intergration-sync-20260826/runs/kimi-k2.6-lite/core200_20260826/run_01/052_linux_android_1181/result.json,1e053e2cf7955b4a2c4aafbe5136ea918276eaec,completed,formal_run_01,true,true,true,true
Kimi K2.6,linux_android_1869,53,worker-worktrees/all-task-update-intergration-sync-20260826/runs/kimi-k2.6-lite/core200_20260826/run_01/053_linux_android_1869,worker-worktrees/all-task-update-intergration-sync-20260826/runs/kimi-k2.6-lite/core200_20260826/run_01/run_metadata.json,worker-worktrees/all-task-update-intergration-sync-20260826/runs/kimi-k2.6-lite/core200_20260826/run_01/053_linux_android_1869/config/task.json,formal_run_01: formal runner summary; archived incomplete attempts excluded,FAIL,FAIL,recorded_automatic_result; no applicable confirmed rescoring record located,0.5,0.5,selected-attempt result.json; no new scoring or reinterpretation,13,1926.749,time_limit,4,android+linux,android_0:android;android_1:android;linux_0:linux;linux_1:linux,worker-worktrees/all-task-update-intergration-sync-20260826/runs/kimi-k2.6-lite/core200_20260826/experiment_metadata.json,worker-worktrees/all-task-update-intergration-sync-20260826/runs/kimi-k2.6-lite/core200_20260826/run_01/summary.json,worker-worktrees/all-task-update-intergration-sync-20260826/runs/kimi-k2.6-lite/core200_20260826/run_01/053_linux_android_1869/result.json,1e053e2cf7955b4a2c4aafbe5136ea918276eaec,completed,formal_run_01,true,true,true,true
Kimi K2.6,linux_android_943,54,worker-worktrees/all-task-update-intergration-sync-20260826/runs/kimi-k2.6-lite/core200_20260826/run_01/054_linux_android_943,worker-worktrees/all-task-update-intergration-sync-20260826/runs/kimi-k2.6-lite/core200_20260826/run_01/run_metadata.json,worker-worktrees/all-task-update-intergration-sync-20260826/runs/kimi-k2.6-lite/core200_20260826/run_01/054_linux_android_943/config/task.json,formal_run_01: formal runner summary; archived incomplete attempts excluded,FAIL,FAIL,recorded_automatic_result; no applicable confirmed rescoring record located,0,0,selected-attempt result.json; no new scoring or reinterpretation,40,1811.856,time_limit,2,android+linux,android_0:android;linux_0:linux,worker-worktrees/all-task-update-intergration-sync-20260826/runs/kimi-k2.6-lite/core200_20260826/experiment_metadata.json,worker-worktrees/all-task-update-intergration-sync-20260826/runs/kimi-k2.6-lite/core200_20260826/run_01/summary.json,worker-worktrees/all-task-update-intergration-sync-20260826/runs/kimi-k2.6-lite/core200_20260826/run_01/054_linux_android_943/result.json,1e053e2cf7955b4a2c4aafbe5136ea918276eaec,completed,formal_run_01,true,true,true,true
Kimi K2.6,linux_android_1274,55,worker-worktrees/all-task-update-intergration-sync-20260826/runs/kimi-k2.6-lite/core200_20260826/run_01/055_linux_android_1274,worker-worktrees/all-task-update-intergration-sync-20260826/runs/kimi-k2.6-lite/core200_20260826/run_01/run_metadata.json,worker-worktrees/all-task-update-intergration-sync-20260826/runs/kimi-k2.6-lite/core200_20260826/run_01/055_linux_android_1274/config/task.json,formal_run_01: formal runner summary; archived incomplete attempts excluded,FAIL,FAIL,recorded_automatic_result; no applicable confirmed rescoring record located,0.6666666666666666,0.6666666666666666,selected-attempt result.json; no new scoring or reinterpretation,35,1844.638,time_limit,3,android+linux,linux_0:linux;android_0:android;android_1:android,worker-worktrees/all-task-update-intergration-sync-20260826/runs/kimi-k2.6-lite/core200_20260826/experiment_metadata.json,worker-worktrees/all-task-update-intergration-sync-20260826/runs/kimi-k2.6-lite/core200_20260826/run_01/summary.json,worker-worktrees/all-task-update-intergration-sync-20260826/runs/kimi-k2.6-lite/core200_20260826/run_01/055_linux_android_1274/result.json,1e053e2cf7955b4a2c4aafbe5136ea918276eaec,completed,formal_run_01,true,true,true,true
Kimi K2.6,linux_android_1863,56,worker-worktrees/all-task-update-intergration-sync-20260826/runs/kimi-k2.6-lite/core200_20260826/run_01/056_linux_android_1863,worker-worktrees/all-task-update-intergration-sync-20260826/runs/kimi-k2.6-lite/core200_20260826/run_01/run_metadata.json,worker-worktrees/all-task-update-intergration-sync-20260826/runs/kimi-k2.6-lite/core200_20260826/run_01/056_linux_android_1863/config/task.json,formal_run_01: formal runner summary; archived incomplete attempts excluded,FAIL,FAIL,recorded_automatic_result; no applicable confirmed rescoring record located,0,0,selected-attempt result.json; no new scoring or reinterpretation,13,1835.898,time_limit,4,android+linux,android_0:android;android_1:android;linux_0:linux;linux_1:linux,worker-worktrees/all-task-update-intergration-sync-20260826/runs/kimi-k2.6-lite/core200_20260826/experiment_metadata.json,worker-worktrees/all-task-update-intergration-sync-20260826/runs/kimi-k2.6-lite/core200_20260826/run_01/summary.json,worker-worktrees/all-task-update-intergration-sync-20260826/runs/kimi-k2.6-lite/core200_20260826/run_01/056_linux_android_1863/result.json,1e053e2cf7955b4a2c4aafbe5136ea918276eaec,completed,formal_run_01,true,true,true,true
Kimi K2.6,linux_android_1866,57,worker-worktrees/all-task-update-intergration-sync-20260826/runs/kimi-k2.6-lite/core200_20260826/run_01/057_linux_android_1866,worker-worktrees/all-task-update-intergration-sync-20260826/runs/kimi-k2.6-lite/core200_20260826/run_01/run_metadata.json,worker-worktrees/all-task-update-intergration-sync-20260826/runs/kimi-k2.6-lite/core200_20260826/run_01/057_linux_android_1866/config/task.json,formal_run_01: formal runner summary; archived incomplete attempts excluded,FAIL,FAIL,recorded_automatic_result; no applicable confirmed rescoring record located,0,0,selected-attempt result.json; no new scoring or reinterpretation,25,1681.667,done,4,android+linux,android_0:android;android_1:android;linux_0:linux;linux_1:linux,worker-worktrees/all-task-update-intergration-sync-20260826/runs/kimi-k2.6-lite/core200_20260826/experiment_metadata.json,worker-worktrees/all-task-update-intergration-sync-20260826/runs/kimi-k2.6-lite/core200_20260826/run_01/summary.json,worker-worktrees/all-task-update-intergration-sync-20260826/runs/kimi-k2.6-lite/core200_20260826/run_01/057_linux_android_1866/result.json,1e053e2cf7955b4a2c4aafbe5136ea918276eaec,completed,formal_run_01,true,true,true,true
Kimi K2.6,linux_android_997,58,worker-worktrees/all-task-update-intergration-sync-20260826/runs/kimi-k2.6-lite/core200_20260826/run_01/058_linux_android_997,worker-worktrees/all-task-update-intergration-sync-20260826/runs/kimi-k2.6-lite/core200_20260826/run_01/run_metadata.json,worker-worktrees/all-task-update-intergration-sync-20260826/runs/kimi-k2.6-lite/core200_20260826/run_01/058_linux_android_997/config/task.json,formal_run_01: formal runner summary; archived incomplete attempts excluded,FAIL,FAIL,recorded_automatic_result; no applicable confirmed rescoring record located,0,0,selected-attempt result.json; no new scoring or reinterpretation,36,1887.314,time_limit,3,android+linux,android_0:android;android_1:android;linux_0:linux,worker-worktrees/all-task-update-intergration-sync-20260826/runs/kimi-k2.6-lite/core200_20260826/experiment_metadata.json,worker-worktrees/all-task-update-intergration-sync-20260826/runs/kimi-k2.6-lite/core200_20260826/run_01/summary.json,worker-worktrees/all-task-update-intergration-sync-20260826/runs/kimi-k2.6-lite/core200_20260826/run_01/058_linux_android_997/result.json,1e053e2cf7955b4a2c4aafbe5136ea918276eaec,completed,formal_run_01,true,true,true,true
Kimi K2.6,linux_android_947,59,worker-worktrees/all-task-update-intergration-sync-20260826/runs/kimi-k2.6-lite/core200_20260826/run_01/059_linux_android_947,worker-worktrees/all-task-update-intergration-sync-20260826/runs/kimi-k2.6-lite/core200_20260826/run_01/run_metadata.json,worker-worktrees/all-task-update-intergration-sync-20260826/runs/kimi-k2.6-lite/core200_20260826/run_01/059_linux_android_947/config/task.json,formal_run_01: formal runner summary; archived incomplete attempts excluded,FAIL,FAIL,recorded_automatic_result; no applicable confirmed rescoring record located,0,0,selected-attempt result.json; no new scoring or reinterpretation,28,1897.679,time_limit,3,android+linux,android_0:android;linux_0:linux;linux_1:linux,worker-worktrees/all-task-update-intergration-sync-20260826/runs/kimi-k2.6-lite/core200_20260826/experiment_metadata.json,worker-worktrees/all-task-update-intergration-sync-20260826/runs/kimi-k2.6-lite/core200_20260826/run_01/summary.json,worker-worktrees/all-task-update-intergration-sync-20260826/runs/kimi-k2.6-lite/core200_20260826/run_01/059_linux_android_947/result.json,1e053e2cf7955b4a2c4aafbe5136ea918276eaec,completed,formal_run_01,true,true,true,true
Kimi K2.6,linux_android_1080,60,worker-worktrees/all-task-update-intergration-sync-20260826/runs/kimi-k2.6-lite/core200_20260826/run_01/060_linux_android_1080,worker-worktrees/all-task-update-intergration-sync-20260826/runs/kimi-k2.6-lite/core200_20260826/run_01/run_metadata.json,worker-worktrees/all-task-update-intergration-sync-20260826/runs/kimi-k2.6-lite/core200_20260826/run_01/060_linux_android_1080/config/task.json,formal_run_01: formal runner summary; archived incomplete attempts excluded,FAIL,FAIL,recorded_automatic_result; no applicable confirmed rescoring record located,0.6666666666666666,0.6666666666666666,selected-attempt result.json; no new scoring or reinterpretation,37,1675.234,done,3,android+linux,android_0:android;android_1:android;linux_0:linux,worker-worktrees/all-task-update-intergration-sync-20260826/runs/kimi-k2.6-lite/core200_20260826/experiment_metadata.json,worker-worktrees/all-task-update-intergration-sync-20260826/runs/kimi-k2.6-lite/core200_20260826/run_01/summary.json,worker-worktrees/all-task-update-intergration-sync-20260826/runs/kimi-k2.6-lite/core200_20260826/run_01/060_linux_android_1080/result.json,1e053e2cf7955b4a2c4aafbe5136ea918276eaec,completed,formal_run_01,true,true,true,true
Kimi K2.6,linux_android_1859,61,worker-worktrees/all-task-update-intergration-sync-20260826/runs/kimi-k2.6-lite/core200_20260826/run_01/061_linux_android_1859,worker-worktrees/all-task-update-intergration-sync-20260826/runs/kimi-k2.6-lite/core200_20260826/run_01/run_metadata.json,worker-worktrees/all-task-update-intergration-sync-20260826/runs/kimi-k2.6-lite/core200_20260826/run_01/061_linux_android_1859/config/task.json,formal_run_01: formal runner summary; archived incomplete attempts excluded,FAIL,FAIL,recorded_automatic_result; no applicable confirmed rescoring record located,0,0,selected-attempt result.json; no new scoring or reinterpretation,15,1083.303,done,4,android+linux,android_0:android;android_1:android;linux_0:linux;linux_1:linux,worker-worktrees/all-task-update-intergration-sync-20260826/runs/kimi-k2.6-lite/core200_20260826/experiment_metadata.json,worker-worktrees/all-task-update-intergration-sync-20260826/runs/kimi-k2.6-lite/core200_20260826/run_01/summary.json,worker-worktrees/all-task-update-intergration-sync-20260826/runs/kimi-k2.6-lite/core200_20260826/run_01/061_linux_android_1859/result.json,1e053e2cf7955b4a2c4aafbe5136ea918276eaec,completed,formal_run_01,true,true,true,true
Kimi K2.6,linux_android_905,62,worker-worktrees/all-task-update-intergration-sync-20260826/runs/kimi-k2.6-lite/core200_20260826/post_repair_retry_20260830/per_task/062_linux_android_905/062_linux_android_905,worker-worktrees/all-task-update-intergration-sync-20260826/runs/kimi-k2.6-lite/core200_20260826/post_repair_retry_20260830/per_task/062_linux_android_905/run_metadata.json,worker-worktrees/all-task-update-intergration-sync-20260826/runs/kimi-k2.6-lite/core200_20260826/post_repair_retry_20260830/per_task/062_linux_android_905/062_linux_android_905/config/task.json,post_repair_retry: post_repair_retry_20260830/run_retry_queue.sh; task 096 final resume retained by its summary,FAIL,FAIL,recorded_automatic_result; no applicable confirmed rescoring record located,0,0,selected-attempt result.json; no new scoring or reinterpretation,29,1817.07,time_limit,3,android+linux,android_0:android;linux_0:linux;linux_1:linux,worker-worktrees/all-task-update-intergration-sync-20260826/runs/kimi-k2.6-lite/core200_20260826/experiment_metadata.json,worker-worktrees/all-task-update-intergration-sync-20260826/runs/kimi-k2.6-lite/core200_20260826/post_repair_retry_20260830/per_task/062_linux_android_905/summary.json,worker-worktrees/all-task-update-intergration-sync-20260826/runs/kimi-k2.6-lite/core200_20260826/post_repair_retry_20260830/per_task/062_linux_android_905/062_linux_android_905/result.json,1e053e2cf7955b4a2c4aafbe5136ea918276eaec,completed,post_repair_retry,true,true,true,true
Kimi K2.6,linux_android_1264,63,worker-worktrees/all-task-update-intergration-sync-20260826/runs/kimi-k2.6-lite/core200_20260826/run_01/063_linux_android_1264,worker-worktrees/all-task-update-intergration-sync-20260826/runs/kimi-k2.6-lite/core200_20260826/run_01/run_metadata.json,worker-worktrees/all-task-update-intergration-sync-20260826/runs/kimi-k2.6-lite/core200_20260826/run_01/063_linux_android_1264/config/task.json,formal_run_01: formal runner summary; archived incomplete attempts excluded,FAIL,FAIL,recorded_automatic_result; no applicable confirmed rescoring record located,0,0,selected-attempt result.json; no new scoring or reinterpretation,27,1825.597,time_limit,2,android+linux,linux_0:linux;android_0:android,worker-worktrees/all-task-update-intergration-sync-20260826/runs/kimi-k2.6-lite/core200_20260826/experiment_metadata.json,worker-worktrees/all-task-update-intergration-sync-20260826/runs/kimi-k2.6-lite/core200_20260826/run_01/summary.json,worker-worktrees/all-task-update-intergration-sync-20260826/runs/kimi-k2.6-lite/core200_20260826/run_01/063_linux_android_1264/result.json,1e053e2cf7955b4a2c4aafbe5136ea918276eaec,completed,formal_run_01,true,true,true,true
Kimi K2.6,linux_android_1037,64,worker-worktrees/all-task-update-intergration-sync-20260826/runs/kimi-k2.6-lite/core200_20260826/run_01/064_linux_android_1037,worker-worktrees/all-task-update-intergration-sync-20260826/runs/kimi-k2.6-lite/core200_20260826/run_01/run_metadata.json,worker-worktrees/all-task-update-intergration-sync-20260826/runs/kimi-k2.6-lite/core200_20260826/run_01/064_linux_android_1037/config/task.json,formal_run_01: formal runner summary; archived incomplete attempts excluded,FAIL,FAIL,recorded_automatic_result; no applicable confirmed rescoring record located,0,0,selected-attempt result.json; no new scoring or reinterpretation,23,1831.461,time_limit,3,android+linux,android_0:android;android_1:android;linux_0:linux,worker-worktrees/all-task-update-intergration-sync-20260826/runs/kimi-k2.6-lite/core200_20260826/experiment_metadata.json,worker-worktrees/all-task-update-intergration-sync-20260826/runs/kimi-k2.6-lite/core200_20260826/run_01/summary.json,worker-worktrees/all-task-update-intergration-sync-20260826/runs/kimi-k2.6-lite/core200_20260826/run_01/064_linux_android_1037/result.json,1e053e2cf7955b4a2c4aafbe5136ea918276eaec,completed,formal_run_01,true,true,true,true
Kimi K2.6,linux_android_1314,65,worker-worktrees/all-task-update-intergration-sync-20260826/runs/kimi-k2.6-lite/core200_20260826/run_01/065_linux_android_1314,worker-worktrees/all-task-update-intergration-sync-20260826/runs/kimi-k2.6-lite/core200_20260826/run_01/run_metadata.json,worker-worktrees/all-task-update-intergration-sync-20260826/runs/kimi-k2.6-lite/core200_20260826/run_01/065_linux_android_1314/config/task.json,formal_run_01: formal runner summary; archived incomplete attempts excluded,FAIL,FAIL,recorded_automatic_result; no applicable confirmed rescoring record located,0,0,selected-attempt result.json; no new scoring or reinterpretation,8,770.934,done,2,android+linux,linux_0:linux;android_0:android,worker-worktrees/all-task-update-intergration-sync-20260826/runs/kimi-k2.6-lite/core200_20260826/experiment_metadata.json,worker-worktrees/all-task-update-intergration-sync-20260826/runs/kimi-k2.6-lite/core200_20260826/run_01/summary.json,worker-worktrees/all-task-update-intergration-sync-20260826/runs/kimi-k2.6-lite/core200_20260826/run_01/065_linux_android_1314/result.json,1e053e2cf7955b4a2c4aafbe5136ea918276eaec,completed,formal_run_01,true,true,true,true
Kimi K2.6,linux_android_1034,66,worker-worktrees/all-task-update-intergration-sync-20260826/runs/kimi-k2.6-lite/core200_20260826/run_01/066_linux_android_1034,worker-worktrees/all-task-update-intergration-sync-20260826/runs/kimi-k2.6-lite/core200_20260826/run_01/run_metadata.json,worker-worktrees/all-task-update-intergration-sync-20260826/runs/kimi-k2.6-lite/core200_20260826/run_01/066_linux_android_1034/config/task.json,formal_run_01: formal runner summary; archived incomplete attempts excluded,PASS,PASS,recorded_automatic_result; no applicable confirmed rescoring record located,1,1,selected-attempt result.json; no new scoring or reinterpretation,21,1126.204,done,4,android+linux,android_0:android;android_1:android;linux_0:linux;linux_1:linux,worker-worktrees/all-task-update-intergration-sync-20260826/runs/kimi-k2.6-lite/core200_20260826/experiment_metadata.json,worker-worktrees/all-task-update-intergration-sync-20260826/runs/kimi-k2.6-lite/core200_20260826/run_01/summary.json,worker-worktrees/all-task-update-intergration-sync-20260826/runs/kimi-k2.6-lite/core200_20260826/run_01/066_linux_android_1034/result.json,1e053e2cf7955b4a2c4aafbe5136ea918276eaec,completed,formal_run_01,true,true,true,true
Kimi K2.6,linux_android_1307,67,worker-worktrees/all-task-update-intergration-sync-20260826/runs/kimi-k2.6-lite/core200_20260826/run_01/067_linux_android_1307,worker-worktrees/all-task-update-intergration-sync-20260826/runs/kimi-k2.6-lite/core200_20260826/run_01/run_metadata.json,worker-worktrees/all-task-update-intergration-sync-20260826/runs/kimi-k2.6-lite/core200_20260826/run_01/067_linux_android_1307/config/task.json,formal_run_01: formal runner summary; archived incomplete attempts excluded,PASS,PASS,recorded_automatic_result; no applicable confirmed rescoring record located,1,1,selected-attempt result.json; no new scoring or reinterpretation,10,545.513,done,2,android+linux,linux_0:linux;android_0:android,worker-worktrees/all-task-update-intergration-sync-20260826/runs/kimi-k2.6-lite/core200_20260826/experiment_metadata.json,worker-worktrees/all-task-update-intergration-sync-20260826/runs/kimi-k2.6-lite/core200_20260826/run_01/summary.json,worker-worktrees/all-task-update-intergration-sync-20260826/runs/kimi-k2.6-lite/core200_20260826/run_01/067_linux_android_1307/result.json,1e053e2cf7955b4a2c4aafbe5136ea918276eaec,completed,formal_run_01,true,true,true,true
Kimi K2.6,linux_android_1252,68,worker-worktrees/all-task-update-intergration-sync-20260826/runs/kimi-k2.6-lite/core200_20260826/run_01/068_linux_android_1252,worker-worktrees/all-task-update-intergration-sync-20260826/runs/kimi-k2.6-lite/core200_20260826/run_01/run_metadata.json,worker-worktrees/all-task-update-intergration-sync-20260826/runs/kimi-k2.6-lite/core200_20260826/run_01/068_linux_android_1252/config/task.json,formal_run_01: formal runner summary; archived incomplete attempts excluded,PASS,PASS,recorded_automatic_result; no applicable confirmed rescoring record located,1,1,selected-attempt result.json; no new scoring or reinterpretation,5,244.291,done,3,android+linux,linux_0:linux;linux_1:linux;android_0:android,worker-worktrees/all-task-update-intergration-sync-20260826/runs/kimi-k2.6-lite/core200_20260826/experiment_metadata.json,worker-worktrees/all-task-update-intergration-sync-20260826/runs/kimi-k2.6-lite/core200_20260826/run_01/summary.json,worker-worktrees/all-task-update-intergration-sync-20260826/runs/kimi-k2.6-lite/core200_20260826/run_01/068_linux_android_1252/result.json,1e053e2cf7955b4a2c4aafbe5136ea918276eaec,completed,formal_run_01,true,true,true,true
Kimi K2.6,linux_android_1183,69,worker-worktrees/all-task-update-intergration-sync-20260826/runs/kimi-k2.6-lite/core200_20260826/run_01/069_linux_android_1183,worker-worktrees/all-task-update-intergration-sync-20260826/runs/kimi-k2.6-lite/core200_20260826/run_01/run_metadata.json,worker-worktrees/all-task-update-intergration-sync-20260826/runs/kimi-k2.6-lite/core200_20260826/run_01/069_linux_android_1183/config/task.json,formal_run_01: formal runner summary; archived incomplete attempts excluded,PASS,PASS,recorded_automatic_result; no applicable confirmed rescoring record located,1,1,selected-attempt result.json; no new scoring or reinterpretation,4,141.513,done,2,android+linux,linux_0:linux;android_0:android,worker-worktrees/all-task-update-intergration-sync-20260826/runs/kimi-k2.6-lite/core200_20260826/experiment_metadata.json,worker-worktrees/all-task-update-intergration-sync-20260826/runs/kimi-k2.6-lite/core200_20260826/run_01/summary.json,worker-worktrees/all-task-update-intergration-sync-20260826/runs/kimi-k2.6-lite/core200_20260826/run_01/069_linux_android_1183/result.json,1e053e2cf7955b4a2c4aafbe5136ea918276eaec,completed,formal_run_01,true,true,true,true
Kimi K2.6,linux_android_1234,70,worker-worktrees/all-task-update-intergration-sync-20260826/runs/kimi-k2.6-lite/core200_20260826/run_01/070_linux_android_1234,worker-worktrees/all-task-update-intergration-sync-20260826/runs/kimi-k2.6-lite/core200_20260826/run_01/run_metadata.json,worker-worktrees/all-task-update-intergration-sync-20260826/runs/kimi-k2.6-lite/core200_20260826/run_01/070_linux_android_1234/config/task.json,formal_run_01: formal runner summary; archived incomplete attempts excluded,PASS,PASS,recorded_automatic_result; no applicable confirmed rescoring record located,1,1,selected-attempt result.json; no new scoring or reinterpretation,7,233.178,done,2,android+linux,linux_0:linux;android_0:android,worker-worktrees/all-task-update-intergration-sync-20260826/runs/kimi-k2.6-lite/core200_20260826/experiment_metadata.json,worker-worktrees/all-task-update-intergration-sync-20260826/runs/kimi-k2.6-lite/core200_20260826/run_01/summary.json,worker-worktrees/all-task-update-intergration-sync-20260826/runs/kimi-k2.6-lite/core200_20260826/run_01/070_linux_android_1234/result.json,1e053e2cf7955b4a2c4aafbe5136ea918276eaec,completed,formal_run_01,true,true,true,true
Kimi K2.6,linux_android_1828,71,worker-worktrees/all-task-update-intergration-sync-20260826/runs/kimi-k2.6-lite/core200_20260826/run_01/071_linux_android_1828,worker-worktrees/all-task-update-intergration-sync-20260826/runs/kimi-k2.6-lite/core200_20260826/run_01/run_metadata.json,worker-worktrees/all-task-update-intergration-sync-20260826/runs/kimi-k2.6-lite/core200_20260826/run_01/071_linux_android_1828/config/task.json,formal_run_01: formal runner summary; archived incomplete attempts excluded,FAIL,FAIL,recorded_automatic_result; no applicable confirmed rescoring record located,0,0,selected-attempt result.json; no new scoring or reinterpretation,13,1833.236,time_limit,2,android+linux,android_0:android;linux_0:linux,worker-worktrees/all-task-update-intergration-sync-20260826/runs/kimi-k2.6-lite/core200_20260826/experiment_metadata.json,worker-worktrees/all-task-update-intergration-sync-20260826/runs/kimi-k2.6-lite/core200_20260826/run_01/summary.json,worker-worktrees/all-task-update-intergration-sync-20260826/runs/kimi-k2.6-lite/core200_20260826/run_01/071_linux_android_1828/result.json,1e053e2cf7955b4a2c4aafbe5136ea918276eaec,completed,formal_run_01,true,true,true,true
Kimi K2.6,linux_android_1312,72,worker-worktrees/all-task-update-intergration-sync-20260826/runs/kimi-k2.6-lite/core200_20260826/run_01/072_linux_android_1312,worker-worktrees/all-task-update-intergration-sync-20260826/runs/kimi-k2.6-lite/core200_20260826/run_01/run_metadata.json,worker-worktrees/all-task-update-intergration-sync-20260826/runs/kimi-k2.6-lite/core200_20260826/run_01/072_linux_android_1312/config/task.json,formal_run_01: formal runner summary; archived incomplete attempts excluded,FAIL,FAIL,recorded_automatic_result; no applicable confirmed rescoring record located,0,0,selected-attempt result.json; no new scoring or reinterpretation,17,509.475,done,2,android+linux,linux_0:linux;android_0:android,worker-worktrees/all-task-update-intergration-sync-20260826/runs/kimi-k2.6-lite/core200_20260826/experiment_metadata.json,worker-worktrees/all-task-update-intergration-sync-20260826/runs/kimi-k2.6-lite/core200_20260826/run_01/summary.json,worker-worktrees/all-task-update-intergration-sync-20260826/runs/kimi-k2.6-lite/core200_20260826/run_01/072_linux_android_1312/result.json,1e053e2cf7955b4a2c4aafbe5136ea918276eaec,completed,formal_run_01,true,true,true,true
Kimi K2.6,linux_android_1270,73,worker-worktrees/all-task-update-intergration-sync-20260826/runs/kimi-k2.6-lite/core200_20260826/run_01/073_linux_android_1270,worker-worktrees/all-task-update-intergration-sync-20260826/runs/kimi-k2.6-lite/core200_20260826/run_01/run_metadata.json,worker-worktrees/all-task-update-intergration-sync-20260826/runs/kimi-k2.6-lite/core200_20260826/run_01/073_linux_android_1270/config/task.json,formal_run_01: formal runner summary; archived incomplete attempts excluded,PASS,PASS,recorded_automatic_result; no applicable confirmed rescoring record located,1,1,selected-attempt result.json; no new scoring or reinterpretation,18,1571.507,done,3,android+linux,linux_0:linux;linux_1:linux;android_0:android,worker-worktrees/all-task-update-intergration-sync-20260826/runs/kimi-k2.6-lite/core200_20260826/experiment_metadata.json,worker-worktrees/all-task-update-intergration-sync-20260826/runs/kimi-k2.6-lite/core200_20260826/run_01/summary.json,worker-worktrees/all-task-update-intergration-sync-20260826/runs/kimi-k2.6-lite/core200_20260826/run_01/073_linux_android_1270/result.json,1e053e2cf7955b4a2c4aafbe5136ea918276eaec,completed,formal_run_01,true,true,true,true
Kimi K2.6,linux_android_1208,74,worker-worktrees/all-task-update-intergration-sync-20260826/runs/kimi-k2.6-lite/core200_20260826/run_01/074_linux_android_1208,worker-worktrees/all-task-update-intergration-sync-20260826/runs/kimi-k2.6-lite/core200_20260826/run_01/run_metadata.json,worker-worktrees/all-task-update-intergration-sync-20260826/runs/kimi-k2.6-lite/core200_20260826/run_01/074_linux_android_1208/config/task.json,formal_run_01: formal runner summary; archived incomplete attempts excluded,PASS,PASS,recorded_automatic_result; no applicable confirmed rescoring record located,1,1,selected-attempt result.json; no new scoring or reinterpretation,19,1032.867,done,2,android+linux,linux_0:linux;android_0:android,worker-worktrees/all-task-update-intergration-sync-20260826/runs/kimi-k2.6-lite/core200_20260826/experiment_metadata.json,worker-worktrees/all-task-update-intergration-sync-20260826/runs/kimi-k2.6-lite/core200_20260826/run_01/summary.json,worker-worktrees/all-task-update-intergration-sync-20260826/runs/kimi-k2.6-lite/core200_20260826/run_01/074_linux_android_1208/result.json,1e053e2cf7955b4a2c4aafbe5136ea918276eaec,completed,formal_run_01,true,true,true,true
Kimi K2.6,linux_android_1354,75,worker-worktrees/all-task-update-intergration-sync-20260826/runs/kimi-k2.6-lite/core200_20260826/run_01/075_linux_android_1354,worker-worktrees/all-task-update-intergration-sync-20260826/runs/kimi-k2.6-lite/core200_20260826/run_01/run_metadata.json,worker-worktrees/all-task-update-intergration-sync-20260826/runs/kimi-k2.6-lite/core200_20260826/run_01/075_linux_android_1354/config/task.json,formal_run_01: formal runner summary; archived incomplete attempts excluded,PASS,PASS,recorded_automatic_result; no applicable confirmed rescoring record located,1,1,selected-attempt result.json; no new scoring or reinterpretation,4,207.187,done,3,android+linux,linux_0:linux;linux_1:linux;android_0:android,worker-worktrees/all-task-update-intergration-sync-20260826/runs/kimi-k2.6-lite/core200_20260826/experiment_metadata.json,worker-worktrees/all-task-update-intergration-sync-20260826/runs/kimi-k2.6-lite/core200_20260826/run_01/summary.json,worker-worktrees/all-task-update-intergration-sync-20260826/runs/kimi-k2.6-lite/core200_20260826/run_01/075_linux_android_1354/result.json,1e053e2cf7955b4a2c4aafbe5136ea918276eaec,completed,formal_run_01,true,true,true,true
Kimi K2.6,linux_android_smarthome_474,76,worker-worktrees/all-task-update-intergration-sync-20260826/runs/kimi-k2.6-lite/core200_20260826/run_01/076_linux_android_smarthome_474,worker-worktrees/all-task-update-intergration-sync-20260826/runs/kimi-k2.6-lite/core200_20260826/run_01/run_metadata.json,worker-worktrees/all-task-update-intergration-sync-20260826/runs/kimi-k2.6-lite/core200_20260826/run_01/076_linux_android_smarthome_474/config/task.json,formal_run_01: formal runner summary; archived incomplete attempts excluded,PASS,PASS,recorded_automatic_result; no applicable confirmed rescoring record located,1,1,selected-attempt result.json; no new scoring or reinterpretation,3,208.892,done,4,android+home+linux,linux_0:linux;android_0:android;android_1:android;home_0:home,worker-worktrees/all-task-update-intergration-sync-20260826/runs/kimi-k2.6-lite/core200_20260826/experiment_metadata.json,worker-worktrees/all-task-update-intergration-sync-20260826/runs/kimi-k2.6-lite/core200_20260826/run_01/summary.json,worker-worktrees/all-task-update-intergration-sync-20260826/runs/kimi-k2.6-lite/core200_20260826/run_01/076_linux_android_smarthome_474/result.json,1e053e2cf7955b4a2c4aafbe5136ea918276eaec,completed,formal_run_01,true,true,true,true
Kimi K2.6,linux_android_smarthome_161,77,worker-worktrees/all-task-update-intergration-sync-20260826/runs/kimi-k2.6-lite/core200_20260826/recovery_20260829/per_task/077_linux_android_smarthome_161/077_linux_android_smarthome_161,worker-worktrees/all-task-update-intergration-sync-20260826/runs/kimi-k2.6-lite/core200_20260826/recovery_20260829/per_task/077_linux_android_smarthome_161/run_metadata.json,worker-worktrees/all-task-update-intergration-sync-20260826/runs/kimi-k2.6-lite/core200_20260826/recovery_20260829/per_task/077_linux_android_smarthome_161/077_linux_android_smarthome_161/config/task.json,infrastructure_recovery: recovery_20260829/run_recovery_queue.sh explicitly enumerates this task,FAIL,FAIL,recorded_automatic_result; no applicable confirmed rescoring record located,0.5,0.5,selected-attempt result.json; no new scoring or reinterpretation,18,1942.521,time_limit,3,android+home+linux,linux_0:linux;android_0:android;home_0:home,worker-worktrees/all-task-update-intergration-sync-20260826/runs/kimi-k2.6-lite/core200_20260826/experiment_metadata.json,worker-worktrees/all-task-update-intergration-sync-20260826/runs/kimi-k2.6-lite/core200_20260826/recovery_20260829/per_task/077_linux_android_smarthome_161/summary.json,worker-worktrees/all-task-update-intergration-sync-20260826/runs/kimi-k2.6-lite/core200_20260826/recovery_20260829/per_task/077_linux_android_smarthome_161/077_linux_android_smarthome_161/result.json,1e053e2cf7955b4a2c4aafbe5136ea918276eaec,completed,infrastructure_recovery,true,true,true,true
Kimi K2.6,linux_android_smarthome_614,78,worker-worktrees/all-task-update-intergration-sync-20260826/runs/kimi-k2.6-lite/core200_20260826/run_01/078_linux_android_smarthome_614,worker-worktrees/all-task-update-intergration-sync-20260826/runs/kimi-k2.6-lite/core200_20260826/run_01/run_metadata.json,worker-worktrees/all-task-update-intergration-sync-20260826/runs/kimi-k2.6-lite/core200_20260826/run_01/078_linux_android_smarthome_614/config/task.json,formal_run_01: formal runner summary; archived incomplete attempts excluded,FAIL,FAIL,recorded_automatic_result; no applicable confirmed rescoring record located,0.5,0.5,selected-attempt result.json; no new scoring or reinterpretation,43,1812.33,time_limit,4,android+home+linux,linux_0:linux;android_0:android;android_1:android;home_0:home,worker-worktrees/all-task-update-intergration-sync-20260826/runs/kimi-k2.6-lite/core200_20260826/experiment_metadata.json,worker-worktrees/all-task-update-intergration-sync-20260826/runs/kimi-k2.6-lite/core200_20260826/run_01/summary.json,worker-worktrees/all-task-update-intergration-sync-20260826/runs/kimi-k2.6-lite/core200_20260826/run_01/078_linux_android_smarthome_614/result.json,1e053e2cf7955b4a2c4aafbe5136ea918276eaec,completed,formal_run_01,true,true,true,true
Kimi K2.6,linux_android_smarthome_466,79,worker-worktrees/all-task-update-intergration-sync-20260826/runs/kimi-k2.6-lite/core200_20260826/recovery_20260829/per_task/079_linux_android_smarthome_466/079_linux_android_smarthome_466,worker-worktrees/all-task-update-intergration-sync-20260826/runs/kimi-k2.6-lite/core200_20260826/recovery_20260829/per_task/079_linux_android_smarthome_466/run_metadata.json,worker-worktrees/all-task-update-intergration-sync-20260826/runs/kimi-k2.6-lite/core200_20260826/recovery_20260829/per_task/079_linux_android_smarthome_466/079_linux_android_smarthome_466/config/task.json,infrastructure_recovery: recovery_20260829/run_recovery_queue.sh explicitly enumerates this task,FAIL,FAIL,recorded_automatic_result; no applicable confirmed rescoring record located,0.5,0.5,selected-attempt result.json; no new scoring or reinterpretation,26,1843.639,time_limit,4,android+home+linux,linux_0:linux;android_0:android;android_1:android;home_0:home,worker-worktrees/all-task-update-intergration-sync-20260826/runs/kimi-k2.6-lite/core200_20260826/experiment_metadata.json,worker-worktrees/all-task-update-intergration-sync-20260826/runs/kimi-k2.6-lite/core200_20260826/recovery_20260829/per_task/079_linux_android_smarthome_466/summary.json,worker-worktrees/all-task-update-intergration-sync-20260826/runs/kimi-k2.6-lite/core200_20260826/recovery_20260829/per_task/079_linux_android_smarthome_466/079_linux_android_smarthome_466/result.json,1e053e2cf7955b4a2c4aafbe5136ea918276eaec,completed,infrastructure_recovery,true,true,true,true
Kimi K2.6,linux_android_smarthome_696,80,worker-worktrees/all-task-update-intergration-sync-20260826/runs/kimi-k2.6-lite/core200_20260826/recovery_20260829/per_task/080_linux_android_smarthome_696/080_linux_android_smarthome_696,worker-worktrees/all-task-update-intergration-sync-20260826/runs/kimi-k2.6-lite/core200_20260826/recovery_20260829/per_task/080_linux_android_smarthome_696/run_metadata.json,worker-worktrees/all-task-update-intergration-sync-20260826/runs/kimi-k2.6-lite/core200_20260826/recovery_20260829/per_task/080_linux_android_smarthome_696/080_linux_android_smarthome_696/config/task.json,infrastructure_recovery: recovery_20260829/run_recovery_queue.sh explicitly enumerates this task,FAIL,FAIL,recorded_automatic_result; no applicable confirmed rescoring record located,0.5,0.5,selected-attempt result.json; no new scoring or reinterpretation,17,2007.133,time_limit,3,android+home+linux,linux_0:linux;android_0:android;home_0:home,worker-worktrees/all-task-update-intergration-sync-20260826/runs/kimi-k2.6-lite/core200_20260826/experiment_metadata.json,worker-worktrees/all-task-update-intergration-sync-20260826/runs/kimi-k2.6-lite/core200_20260826/recovery_20260829/per_task/080_linux_android_smarthome_696/summary.json,worker-worktrees/all-task-update-intergration-sync-20260826/runs/kimi-k2.6-lite/core200_20260826/recovery_20260829/per_task/080_linux_android_smarthome_696/080_linux_android_smarthome_696/result.json,1e053e2cf7955b4a2c4aafbe5136ea918276eaec,completed,infrastructure_recovery,true,true,true,true
Kimi K2.6,linux_android_smarthome_897,81,worker-worktrees/all-task-update-intergration-sync-20260826/runs/kimi-k2.6-lite/core200_20260826/recovery_20260829/per_task/081_linux_android_smarthome_897/081_linux_android_smarthome_897,worker-worktrees/all-task-update-intergration-sync-20260826/runs/kimi-k2.6-lite/core200_20260826/recovery_20260829/per_task/081_linux_android_smarthome_897/run_metadata.json,worker-worktrees/all-task-update-intergration-sync-20260826/runs/kimi-k2.6-lite/core200_20260826/recovery_20260829/per_task/081_linux_android_smarthome_897/081_linux_android_smarthome_897/config/task.json,infrastructure_recovery: recovery_20260829/run_recovery_queue.sh explicitly enumerates this task,FAIL,FAIL,recorded_automatic_result; no applicable confirmed rescoring record located,0.5,0.5,selected-attempt result.json; no new scoring or reinterpretation,22,1885.122,time_limit,4,android+home+linux,linux_0:linux;linux_1:linux;android_0:android;home_0:home,worker-worktrees/all-task-update-intergration-sync-20260826/runs/kimi-k2.6-lite/core200_20260826/experiment_metadata.json,worker-worktrees/all-task-update-intergration-sync-20260826/runs/kimi-k2.6-lite/core200_20260826/recovery_20260829/per_task/081_linux_android_smarthome_897/summary.json,worker-worktrees/all-task-update-intergration-sync-20260826/runs/kimi-k2.6-lite/core200_20260826/recovery_20260829/per_task/081_linux_android_smarthome_897/081_linux_android_smarthome_897/result.json,1e053e2cf7955b4a2c4aafbe5136ea918276eaec,completed,infrastructure_recovery,true,true,true,true
Kimi K2.6,linux_android_smarthome_271,82,worker-worktrees/all-task-update-intergration-sync-20260826/runs/kimi-k2.6-lite/core200_20260826/run_01/082_linux_android_smarthome_271,worker-worktrees/all-task-update-intergration-sync-20260826/runs/kimi-k2.6-lite/core200_20260826/run_01/run_metadata.json,worker-worktrees/all-task-update-intergration-sync-20260826/runs/kimi-k2.6-lite/core200_20260826/run_01/082_linux_android_smarthome_271/config/task.json,formal_run_01: formal runner summary; archived incomplete attempts excluded,FAIL,FAIL,recorded_automatic_result; no applicable confirmed rescoring record located,0.6666666666666666,0.6666666666666666,selected-attempt result.json; no new scoring or reinterpretation,29,1963.994,time_limit,3,android+home+linux,linux_0:linux;android_0:android;home_0:home,worker-worktrees/all-task-update-intergration-sync-20260826/runs/kimi-k2.6-lite/core200_20260826/experiment_metadata.json,worker-worktrees/all-task-update-intergration-sync-20260826/runs/kimi-k2.6-lite/core200_20260826/run_01/summary.json,worker-worktrees/all-task-update-intergration-sync-20260826/runs/kimi-k2.6-lite/core200_20260826/run_01/082_linux_android_smarthome_271/result.json,1e053e2cf7955b4a2c4aafbe5136ea918276eaec,completed,formal_run_01,true,true,true,true
Kimi K2.6,linux_android_smarthome_288,83,worker-worktrees/all-task-update-intergration-sync-20260826/runs/kimi-k2.6-lite/core200_20260826/run_01/083_linux_android_smarthome_288,worker-worktrees/all-task-update-intergration-sync-20260826/runs/kimi-k2.6-lite/core200_20260826/run_01/run_metadata.json,worker-worktrees/all-task-update-intergration-sync-20260826/runs/kimi-k2.6-lite/core200_20260826/run_01/083_linux_android_smarthome_288/config/task.json,formal_run_01: formal runner summary; archived incomplete attempts excluded,FAIL,FAIL,recorded_automatic_result; no applicable confirmed rescoring record located,0.6666666666666666,0.6666666666666666,selected-attempt result.json; no new scoring or reinterpretation,29,1089.448,done,3,android+home+linux,linux_0:linux;android_0:android;home_0:home,worker-worktrees/all-task-update-intergration-sync-20260826/runs/kimi-k2.6-lite/core200_20260826/experiment_metadata.json,worker-worktrees/all-task-update-intergration-sync-20260826/runs/kimi-k2.6-lite/core200_20260826/run_01/summary.json,worker-worktrees/all-task-update-intergration-sync-20260826/runs/kimi-k2.6-lite/core200_20260826/run_01/083_linux_android_smarthome_288/result.json,1e053e2cf7955b4a2c4aafbe5136ea918276eaec,completed,formal_run_01,true,true,true,true
Kimi K2.6,linux_android_smarthome_475,84,worker-worktrees/all-task-update-intergration-sync-20260826/runs/kimi-k2.6-lite/core200_20260826/run_01/084_linux_android_smarthome_475,worker-worktrees/all-task-update-intergration-sync-20260826/runs/kimi-k2.6-lite/core200_20260826/run_01/run_metadata.json,worker-worktrees/all-task-update-intergration-sync-20260826/runs/kimi-k2.6-lite/core200_20260826/run_01/084_linux_android_smarthome_475/config/task.json,formal_run_01: formal runner summary; archived incomplete attempts excluded,FAIL,FAIL,recorded_automatic_result; no applicable confirmed rescoring record located,0.6666666666666666,0.6666666666666666,selected-attempt result.json; no new scoring or reinterpretation,29,1831.751,time_limit,4,android+home+linux,linux_0:linux;android_0:android;android_1:android;home_0:home,worker-worktrees/all-task-update-intergration-sync-20260826/runs/kimi-k2.6-lite/core200_20260826/experiment_metadata.json,worker-worktrees/all-task-update-intergration-sync-20260826/runs/kimi-k2.6-lite/core200_20260826/run_01/summary.json,worker-worktrees/all-task-update-intergration-sync-20260826/runs/kimi-k2.6-lite/core200_20260826/run_01/084_linux_android_smarthome_475/result.json,1e053e2cf7955b4a2c4aafbe5136ea918276eaec,completed,formal_run_01,true,true,true,true
Kimi K2.6,linux_android_smarthome_792,85,worker-worktrees/all-task-update-intergration-sync-20260826/runs/kimi-k2.6-lite/core200_20260826/run_01/085_linux_android_smarthome_792,worker-worktrees/all-task-update-intergration-sync-20260826/runs/kimi-k2.6-lite/core200_20260826/run_01/run_metadata.json,worker-worktrees/all-task-update-intergration-sync-20260826/runs/kimi-k2.6-lite/core200_20260826/run_01/085_linux_android_smarthome_792/config/task.json,formal_run_01: formal runner summary; archived incomplete attempts excluded,FAIL,FAIL,recorded_automatic_result; no applicable confirmed rescoring record located,0,0,selected-attempt result.json; no new scoring or reinterpretation,50,1268.774,max_steps,3,android+home+linux,linux_0:linux;android_0:android;home_0:home,worker-worktrees/all-task-update-intergration-sync-20260826/runs/kimi-k2.6-lite/core200_20260826/experiment_metadata.json,worker-worktrees/all-task-update-intergration-sync-20260826/runs/kimi-k2.6-lite/core200_20260826/run_01/summary.json,worker-worktrees/all-task-update-intergration-sync-20260826/runs/kimi-k2.6-lite/core200_20260826/run_01/085_linux_android_smarthome_792/result.json,1e053e2cf7955b4a2c4aafbe5136ea918276eaec,completed,formal_run_01,true,true,true,true
Kimi K2.6,linux_android_smarthome_104,86,worker-worktrees/all-task-update-intergration-sync-20260826/runs/kimi-k2.6-lite/core200_20260826/run_01/086_linux_android_smarthome_104,worker-worktrees/all-task-update-intergration-sync-20260826/runs/kimi-k2.6-lite/core200_20260826/run_01/run_metadata.json,worker-worktrees/all-task-update-intergration-sync-20260826/runs/kimi-k2.6-lite/core200_20260826/run_01/086_linux_android_smarthome_104/config/task.json,formal_run_01: formal runner summary; archived incomplete attempts excluded,FAIL,FAIL,recorded_automatic_result; no applicable confirmed rescoring record located,0.5,0.5,selected-attempt result.json; no new scoring or reinterpretation,20,1902.826,time_limit,3,android+home+linux,linux_0:linux;android_0:android;home_0:home,worker-worktrees/all-task-update-intergration-sync-20260826/runs/kimi-k2.6-lite/core200_20260826/experiment_metadata.json,worker-worktrees/all-task-update-intergration-sync-20260826/runs/kimi-k2.6-lite/core200_20260826/run_01/summary.json,worker-worktrees/all-task-update-intergration-sync-20260826/runs/kimi-k2.6-lite/core200_20260826/run_01/086_linux_android_smarthome_104/result.json,1e053e2cf7955b4a2c4aafbe5136ea918276eaec,completed,formal_run_01,true,true,true,true
Kimi K2.6,linux_android_smarthome_029,87,worker-worktrees/all-task-update-intergration-sync-20260826/runs/kimi-k2.6-lite/core200_20260826/run_01/087_linux_android_smarthome_029,worker-worktrees/all-task-update-intergration-sync-20260826/runs/kimi-k2.6-lite/core200_20260826/run_01/run_metadata.json,worker-worktrees/all-task-update-intergration-sync-20260826/runs/kimi-k2.6-lite/core200_20260826/run_01/087_linux_android_smarthome_029/config/task.json,formal_run_01: formal runner summary; archived incomplete attempts excluded,FAIL,FAIL,recorded_automatic_result; no applicable confirmed rescoring record located,0.5,0.5,selected-attempt result.json; no new scoring or reinterpretation,28,1979.042,time_limit,3,android+home+linux,linux_0:linux;android_0:android;home_0:home,worker-worktrees/all-task-update-intergration-sync-20260826/runs/kimi-k2.6-lite/core200_20260826/experiment_metadata.json,worker-worktrees/all-task-update-intergration-sync-20260826/runs/kimi-k2.6-lite/core200_20260826/run_01/summary.json,worker-worktrees/all-task-update-intergration-sync-20260826/runs/kimi-k2.6-lite/core200_20260826/run_01/087_linux_android_smarthome_029/result.json,1e053e2cf7955b4a2c4aafbe5136ea918276eaec,completed,formal_run_01,true,true,true,true
Kimi K2.6,linux_android_smarthome_113,88,worker-worktrees/all-task-update-intergration-sync-20260826/runs/kimi-k2.6-lite/core200_20260826/run_01/088_linux_android_smarthome_113,worker-worktrees/all-task-update-intergration-sync-20260826/runs/kimi-k2.6-lite/core200_20260826/run_01/run_metadata.json,worker-worktrees/all-task-update-intergration-sync-20260826/runs/kimi-k2.6-lite/core200_20260826/run_01/088_linux_android_smarthome_113/config/task.json,formal_run_01: formal runner summary; archived incomplete attempts excluded,FAIL,FAIL,recorded_automatic_result; no applicable confirmed rescoring record located,0,0,selected-attempt result.json; no new scoring or reinterpretation,21,1813.334,time_limit,3,android+home+linux,linux_0:linux;android_0:android;home_0:home,worker-worktrees/all-task-update-intergration-sync-20260826/runs/kimi-k2.6-lite/core200_20260826/experiment_metadata.json,worker-worktrees/all-task-update-intergration-sync-20260826/runs/kimi-k2.6-lite/core200_20260826/run_01/summary.json,worker-worktrees/all-task-update-intergration-sync-20260826/runs/kimi-k2.6-lite/core200_20260826/run_01/088_linux_android_smarthome_113/result.json,1e053e2cf7955b4a2c4aafbe5136ea918276eaec,completed,formal_run_01,true,true,true,true
Kimi K2.6,linux_android_smarthome_025,89,worker-worktrees/all-task-update-intergration-sync-20260826/runs/kimi-k2.6-lite/core200_20260826/run_01/089_linux_android_smarthome_025,worker-worktrees/all-task-update-intergration-sync-20260826/runs/kimi-k2.6-lite/core200_20260826/run_01/run_metadata.json,worker-worktrees/all-task-update-intergration-sync-20260826/runs/kimi-k2.6-lite/core200_20260826/run_01/089_linux_android_smarthome_025/config/task.json,formal_run_01: formal runner summary; archived incomplete attempts excluded,FAIL,FAIL,recorded_automatic_result; no applicable confirmed rescoring record located,0.5,0.5,selected-attempt result.json; no new scoring or reinterpretation,43,1714.703,done,3,android+home+linux,linux_0:linux;android_0:android;home_0:home,worker-worktrees/all-task-update-intergration-sync-20260826/runs/kimi-k2.6-lite/core200_20260826/experiment_metadata.json,worker-worktrees/all-task-update-intergration-sync-20260826/runs/kimi-k2.6-lite/core200_20260826/run_01/summary.json,worker-worktrees/all-task-update-intergration-sync-20260826/runs/kimi-k2.6-lite/core200_20260826/run_01/089_linux_android_smarthome_025/result.json,1e053e2cf7955b4a2c4aafbe5136ea918276eaec,completed,formal_run_01,true,true,true,true
Kimi K2.6,linux_android_smarthome_185,90,worker-worktrees/all-task-update-intergration-sync-20260826/runs/kimi-k2.6-lite/core200_20260826/recovery_20260829/per_task/090_linux_android_smarthome_185/090_linux_android_smarthome_185,worker-worktrees/all-task-update-intergration-sync-20260826/runs/kimi-k2.6-lite/core200_20260826/recovery_20260829/per_task/090_linux_android_smarthome_185/run_metadata.json,worker-worktrees/all-task-update-intergration-sync-20260826/runs/kimi-k2.6-lite/core200_20260826/recovery_20260829/per_task/090_linux_android_smarthome_185/090_linux_android_smarthome_185/config/task.json,infrastructure_recovery: recovery_20260829/run_recovery_queue.sh explicitly enumerates this task,FAIL,FAIL,recorded_automatic_result; no applicable confirmed rescoring record located,0.6666666666666666,0.6666666666666666,selected-attempt result.json; no new scoring or reinterpretation,16,1244.302,done,3,android+home+linux,linux_0:linux;android_0:android;home_0:home,worker-worktrees/all-task-update-intergration-sync-20260826/runs/kimi-k2.6-lite/core200_20260826/experiment_metadata.json,worker-worktrees/all-task-update-intergration-sync-20260826/runs/kimi-k2.6-lite/core200_20260826/recovery_20260829/per_task/090_linux_android_smarthome_185/summary.json,worker-worktrees/all-task-update-intergration-sync-20260826/runs/kimi-k2.6-lite/core200_20260826/recovery_20260829/per_task/090_linux_android_smarthome_185/090_linux_android_smarthome_185/result.json,1e053e2cf7955b4a2c4aafbe5136ea918276eaec,completed,infrastructure_recovery,true,true,true,true
Kimi K2.6,linux_android_smarthome_002,91,worker-worktrees/all-task-update-intergration-sync-20260826/runs/kimi-k2.6-lite/core200_20260826/post_repair_retry_20260830/per_task/091_linux_android_smarthome_002/091_linux_android_smarthome_002,worker-worktrees/all-task-update-intergration-sync-20260826/runs/kimi-k2.6-lite/core200_20260826/post_repair_retry_20260830/per_task/091_linux_android_smarthome_002/run_metadata.json,worker-worktrees/all-task-update-intergration-sync-20260826/runs/kimi-k2.6-lite/core200_20260826/post_repair_retry_20260830/per_task/091_linux_android_smarthome_002/091_linux_android_smarthome_002/config/task.json,post_repair_retry: post_repair_retry_20260830/run_retry_queue.sh; task 096 final resume retained by its summary,FAIL,FAIL,recorded_automatic_result; no applicable confirmed rescoring record located,0.5,0.5,selected-attempt result.json; no new scoring or reinterpretation,23,1811.917,time_limit,3,android+home+linux,linux_0:linux;android_0:android;home_0:home,worker-worktrees/all-task-update-intergration-sync-20260826/runs/kimi-k2.6-lite/core200_20260826/experiment_metadata.json,worker-worktrees/all-task-update-intergration-sync-20260826/runs/kimi-k2.6-lite/core200_20260826/post_repair_retry_20260830/per_task/091_linux_android_smarthome_002/summary.json,worker-worktrees/all-task-update-intergration-sync-20260826/runs/kimi-k2.6-lite/core200_20260826/post_repair_retry_20260830/per_task/091_linux_android_smarthome_002/091_linux_android_smarthome_002/result.json,1e053e2cf7955b4a2c4aafbe5136ea918276eaec,completed,post_repair_retry,true,true,true,true
Kimi K2.6,linux_android_smarthome_077,92,worker-worktrees/all-task-update-intergration-sync-20260826/runs/kimi-k2.6-lite/core200_20260826/run_01/092_linux_android_smarthome_077,worker-worktrees/all-task-update-intergration-sync-20260826/runs/kimi-k2.6-lite/core200_20260826/run_01/run_metadata.json,worker-worktrees/all-task-update-intergration-sync-20260826/runs/kimi-k2.6-lite/core200_20260826/run_01/092_linux_android_smarthome_077/config/task.json,formal_run_01: formal runner summary; archived incomplete attempts excluded,FAIL,FAIL,recorded_automatic_result; no applicable confirmed rescoring record located,0.6666666666666666,0.6666666666666666,selected-attempt result.json; no new scoring or reinterpretation,30,1855.966,time_limit,3,android+home+linux,linux_0:linux;android_0:android;home_0:home,worker-worktrees/all-task-update-intergration-sync-20260826/runs/kimi-k2.6-lite/core200_20260826/experiment_metadata.json,worker-worktrees/all-task-update-intergration-sync-20260826/runs/kimi-k2.6-lite/core200_20260826/run_01/summary.json,worker-worktrees/all-task-update-intergration-sync-20260826/runs/kimi-k2.6-lite/core200_20260826/run_01/092_linux_android_smarthome_077/result.json,1e053e2cf7955b4a2c4aafbe5136ea918276eaec,completed,formal_run_01,true,true,true,true
Kimi K2.6,linux_android_smarthome_338,93,worker-worktrees/all-task-update-intergration-sync-20260826/runs/kimi-k2.6-lite/core200_20260826/run_01/093_linux_android_smarthome_338,worker-worktrees/all-task-update-intergration-sync-20260826/runs/kimi-k2.6-lite/core200_20260826/run_01/run_metadata.json,worker-worktrees/all-task-update-intergration-sync-20260826/runs/kimi-k2.6-lite/core200_20260826/run_01/093_linux_android_smarthome_338/config/task.json,formal_run_01: formal runner summary; archived incomplete attempts excluded,FAIL,FAIL,recorded_automatic_result; no applicable confirmed rescoring record located,0.3333333333333333,0.3333333333333333,selected-attempt result.json; no new scoring or reinterpretation,28,1809.275,time_limit,4,android+home+linux,linux_0:linux;android_0:android;android_1:android;home_0:home,worker-worktrees/all-task-update-intergration-sync-20260826/runs/kimi-k2.6-lite/core200_20260826/experiment_metadata.json,worker-worktrees/all-task-update-intergration-sync-20260826/runs/kimi-k2.6-lite/core200_20260826/run_01/summary.json,worker-worktrees/all-task-update-intergration-sync-20260826/runs/kimi-k2.6-lite/core200_20260826/run_01/093_linux_android_smarthome_338/result.json,1e053e2cf7955b4a2c4aafbe5136ea918276eaec,completed,formal_run_01,true,true,true,true
Kimi K2.6,linux_android_smarthome_423,94,worker-worktrees/all-task-update-intergration-sync-20260826/runs/kimi-k2.6-lite/core200_20260826/post_repair_retry_20260830/per_task/094_linux_android_smarthome_423/094_linux_android_smarthome_423,worker-worktrees/all-task-update-intergration-sync-20260826/runs/kimi-k2.6-lite/core200_20260826/post_repair_retry_20260830/per_task/094_linux_android_smarthome_423/run_metadata.json,worker-worktrees/all-task-update-intergration-sync-20260826/runs/kimi-k2.6-lite/core200_20260826/post_repair_retry_20260830/per_task/094_linux_android_smarthome_423/094_linux_android_smarthome_423/config/task.json,post_repair_retry: post_repair_retry_20260830/run_retry_queue.sh; task 096 final resume retained by its summary,FAIL,FAIL,recorded_automatic_result; no applicable confirmed rescoring record located,0.5,0.5,selected-attempt result.json; no new scoring or reinterpretation,24,1816.807,time_limit,4,android+home+linux,linux_0:linux;android_0:android;android_1:android;home_0:home,worker-worktrees/all-task-update-intergration-sync-20260826/runs/kimi-k2.6-lite/core200_20260826/experiment_metadata.json,worker-worktrees/all-task-update-intergration-sync-20260826/runs/kimi-k2.6-lite/core200_20260826/post_repair_retry_20260830/per_task/094_linux_android_smarthome_423/summary.json,worker-worktrees/all-task-update-intergration-sync-20260826/runs/kimi-k2.6-lite/core200_20260826/post_repair_retry_20260830/per_task/094_linux_android_smarthome_423/094_linux_android_smarthome_423/result.json,1e053e2cf7955b4a2c4aafbe5136ea918276eaec,completed,post_repair_retry,true,true,true,true
Kimi K2.6,linux_android_smarthome_005,95,worker-worktrees/all-task-update-intergration-sync-20260826/runs/kimi-k2.6-lite/core200_20260826/run_01/095_linux_android_smarthome_005,worker-worktrees/all-task-update-intergration-sync-20260826/runs/kimi-k2.6-lite/core200_20260826/run_01/run_metadata.json,worker-worktrees/all-task-update-intergration-sync-20260826/runs/kimi-k2.6-lite/core200_20260826/run_01/095_linux_android_smarthome_005/config/task.json,formal_run_01: formal runner summary; archived incomplete attempts excluded,FAIL,FAIL,recorded_automatic_result; no applicable confirmed rescoring record located,0.75,0.75,selected-attempt result.json; no new scoring or reinterpretation,36,1853.407,time_limit,3,android+home+linux,linux_0:linux;android_0:android;home_0:home,worker-worktrees/all-task-update-intergration-sync-20260826/runs/kimi-k2.6-lite/core200_20260826/experiment_metadata.json,worker-worktrees/all-task-update-intergration-sync-20260826/runs/kimi-k2.6-lite/core200_20260826/run_01/summary.json,worker-worktrees/all-task-update-intergration-sync-20260826/runs/kimi-k2.6-lite/core200_20260826/run_01/095_linux_android_smarthome_005/result.json,1e053e2cf7955b4a2c4aafbe5136ea918276eaec,completed,formal_run_01,true,true,true,true
Kimi K2.6,linux_android_smarthome_422,96,worker-worktrees/all-task-update-intergration-sync-20260826/runs/kimi-k2.6-lite/core200_20260826/post_repair_retry_20260830/per_task/096_linux_android_smarthome_422/096_linux_android_smarthome_422,worker-worktrees/all-task-update-intergration-sync-20260826/runs/kimi-k2.6-lite/core200_20260826/post_repair_retry_20260830/per_task/096_linux_android_smarthome_422/run_metadata.json,worker-worktrees/all-task-update-intergration-sync-20260826/runs/kimi-k2.6-lite/core200_20260826/post_repair_retry_20260830/per_task/096_linux_android_smarthome_422/096_linux_android_smarthome_422/config/task.json,post_repair_retry: post_repair_retry_20260830/run_retry_queue.sh; task 096 final resume retained by its summary,FAIL,FAIL,recorded_automatic_result; no applicable confirmed rescoring record located,0,0,selected-attempt result.json; no new scoring or reinterpretation,16,1816.899,time_limit,4,android+home+linux,linux_0:linux;android_0:android;android_1:android;home_0:home,worker-worktrees/all-task-update-intergration-sync-20260826/runs/kimi-k2.6-lite/core200_20260826/experiment_metadata.json,worker-worktrees/all-task-update-intergration-sync-20260826/runs/kimi-k2.6-lite/core200_20260826/post_repair_retry_20260830/per_task/096_linux_android_smarthome_422/summary.json,worker-worktrees/all-task-update-intergration-sync-20260826/runs/kimi-k2.6-lite/core200_20260826/post_repair_retry_20260830/per_task/096_linux_android_smarthome_422/096_linux_android_smarthome_422/result.json,1e053e2cf7955b4a2c4aafbe5136ea918276eaec,completed,post_repair_retry,true,true,true,true
Kimi K2.6,linux_android_smarthome_439,97,worker-worktrees/all-task-update-intergration-sync-20260826/runs/kimi-k2.6-lite/core200_20260826/run_01/097_linux_android_smarthome_439,worker-worktrees/all-task-update-intergration-sync-20260826/runs/kimi-k2.6-lite/core200_20260826/run_01/run_metadata.json,worker-worktrees/all-task-update-intergration-sync-20260826/runs/kimi-k2.6-lite/core200_20260826/run_01/097_linux_android_smarthome_439/config/task.json,formal_run_01: formal runner summary; archived incomplete attempts excluded,FAIL,FAIL,recorded_automatic_result; no applicable confirmed rescoring record located,0.5,0.5,selected-attempt result.json; no new scoring or reinterpretation,22,1834.742,time_limit,4,android+home+linux,linux_0:linux;android_0:android;android_1:android;home_0:home,worker-worktrees/all-task-update-intergration-sync-20260826/runs/kimi-k2.6-lite/core200_20260826/experiment_metadata.json,worker-worktrees/all-task-update-intergration-sync-20260826/runs/kimi-k2.6-lite/core200_20260826/run_01/summary.json,worker-worktrees/all-task-update-intergration-sync-20260826/runs/kimi-k2.6-lite/core200_20260826/run_01/097_linux_android_smarthome_439/result.json,1e053e2cf7955b4a2c4aafbe5136ea918276eaec,completed,formal_run_01,true,true,true,true
Kimi K2.6,linux_android_smarthome_457,98,worker-worktrees/all-task-update-intergration-sync-20260826/runs/kimi-k2.6-lite/core200_20260826/run_01/098_linux_android_smarthome_457,worker-worktrees/all-task-update-intergration-sync-20260826/runs/kimi-k2.6-lite/core200_20260826/run_01/run_metadata.json,worker-worktrees/all-task-update-intergration-sync-20260826/runs/kimi-k2.6-lite/core200_20260826/run_01/098_linux_android_smarthome_457/config/task.json,formal_run_01: formal runner summary; archived incomplete attempts excluded,FAIL,FAIL,recorded_automatic_result; no applicable confirmed rescoring record located,0,0,selected-attempt result.json; no new scoring or reinterpretation,22,1833.663,time_limit,4,android+home+linux,linux_0:linux;android_0:android;android_1:android;home_0:home,worker-worktrees/all-task-update-intergration-sync-20260826/runs/kimi-k2.6-lite/core200_20260826/experiment_metadata.json,worker-worktrees/all-task-update-intergration-sync-20260826/runs/kimi-k2.6-lite/core200_20260826/run_01/summary.json,worker-worktrees/all-task-update-intergration-sync-20260826/runs/kimi-k2.6-lite/core200_20260826/run_01/098_linux_android_smarthome_457/result.json,1e053e2cf7955b4a2c4aafbe5136ea918276eaec,completed,formal_run_01,true,true,true,true
Kimi K2.6,linux_android_smarthome_609,99,worker-worktrees/all-task-update-intergration-sync-20260826/runs/kimi-k2.6-lite/core200_20260826/post_repair_retry_20260830/per_task/099_linux_android_smarthome_609/099_linux_android_smarthome_609,worker-worktrees/all-task-update-intergration-sync-20260826/runs/kimi-k2.6-lite/core200_20260826/post_repair_retry_20260830/per_task/099_linux_android_smarthome_609/run_metadata.json,worker-worktrees/all-task-update-intergration-sync-20260826/runs/kimi-k2.6-lite/core200_20260826/post_repair_retry_20260830/per_task/099_linux_android_smarthome_609/099_linux_android_smarthome_609/config/task.json,post_repair_retry: post_repair_retry_20260830/run_retry_queue.sh; task 096 final resume retained by its summary,FAIL,FAIL,recorded_automatic_result; no applicable confirmed rescoring record located,0,0,selected-attempt result.json; no new scoring or reinterpretation,21,1811.682,time_limit,4,android+home+linux,linux_0:linux;android_0:android;android_1:android;home_0:home,worker-worktrees/all-task-update-intergration-sync-20260826/runs/kimi-k2.6-lite/core200_20260826/experiment_metadata.json,worker-worktrees/all-task-update-intergration-sync-20260826/runs/kimi-k2.6-lite/core200_20260826/post_repair_retry_20260830/per_task/099_linux_android_smarthome_609/summary.json,worker-worktrees/all-task-update-intergration-sync-20260826/runs/kimi-k2.6-lite/core200_20260826/post_repair_retry_20260830/per_task/099_linux_android_smarthome_609/099_linux_android_smarthome_609/result.json,1e053e2cf7955b4a2c4aafbe5136ea918276eaec,completed,post_repair_retry,true,true,true,true
Kimi K2.6,linux_android_smarthome_877,100,worker-worktrees/all-task-update-intergration-sync-20260826/runs/kimi-k2.6-lite/core200_20260826/recovery_20260829/per_task/100_linux_android_smarthome_877/100_linux_android_smarthome_877,worker-worktrees/all-task-update-intergration-sync-20260826/runs/kimi-k2.6-lite/core200_20260826/recovery_20260829/per_task/100_linux_android_smarthome_877/run_metadata.json,worker-worktrees/all-task-update-intergration-sync-20260826/runs/kimi-k2.6-lite/core200_20260826/recovery_20260829/per_task/100_linux_android_smarthome_877/100_linux_android_smarthome_877/config/task.json,infrastructure_recovery: recovery_20260829/run_recovery_queue.sh explicitly enumerates this task,FAIL,FAIL,recorded_automatic_result; no applicable confirmed rescoring record located,0.75,0.75,selected-attempt result.json; no new scoring or reinterpretation,23,1578.205,done,4,android+home+linux,linux_0:linux;linux_1:linux;android_0:android;home_0:home,worker-worktrees/all-task-update-intergration-sync-20260826/runs/kimi-k2.6-lite/core200_20260826/experiment_metadata.json,worker-worktrees/all-task-update-intergration-sync-20260826/runs/kimi-k2.6-lite/core200_20260826/recovery_20260829/per_task/100_linux_android_smarthome_877/summary.json,worker-worktrees/all-task-update-intergration-sync-20260826/runs/kimi-k2.6-lite/core200_20260826/recovery_20260829/per_task/100_linux_android_smarthome_877/100_linux_android_smarthome_877/result.json,1e053e2cf7955b4a2c4aafbe5136ea918276eaec,completed,infrastructure_recovery,true,true,true,true
Kimi K2.6,linux_android_smarthome_472,101,worker-worktrees/all-task-update-intergration-sync-20260826/runs/kimi-k2.6-lite/core200_20260826/run_01/101_linux_android_smarthome_472,worker-worktrees/all-task-update-intergration-sync-20260826/runs/kimi-k2.6-lite/core200_20260826/run_01/run_metadata.json,worker-worktrees/all-task-update-intergration-sync-20260826/runs/kimi-k2.6-lite/core200_20260826/run_01/101_linux_android_smarthome_472/config/task.json,formal_run_01: formal runner summary; archived incomplete attempts excluded,FAIL,FAIL,recorded_automatic_result; no applicable confirmed rescoring record located,0.5,0.5,selected-attempt result.json; no new scoring or reinterpretation,14,825.511,done,4,android+home+linux,linux_0:linux;android_0:android;android_1:android;home_0:home,worker-worktrees/all-task-update-intergration-sync-20260826/runs/kimi-k2.6-lite/core200_20260826/experiment_metadata.json,worker-worktrees/all-task-update-intergration-sync-20260826/runs/kimi-k2.6-lite/core200_20260826/run_01/summary.json,worker-worktrees/all-task-update-intergration-sync-20260826/runs/kimi-k2.6-lite/core200_20260826/run_01/101_linux_android_smarthome_472/result.json,1e053e2cf7955b4a2c4aafbe5136ea918276eaec,completed,formal_run_01,true,true,true,true
Kimi K2.6,linux_android_smarthome_909,102,worker-worktrees/all-task-update-intergration-sync-20260826/runs/kimi-k2.6-lite/core200_20260826/run_01/102_linux_android_smarthome_909,worker-worktrees/all-task-update-intergration-sync-20260826/runs/kimi-k2.6-lite/core200_20260826/run_01/run_metadata.json,worker-worktrees/all-task-update-intergration-sync-20260826/runs/kimi-k2.6-lite/core200_20260826/run_01/102_linux_android_smarthome_909/config/task.json,formal_run_01: formal runner summary; archived incomplete attempts excluded,FAIL,FAIL,recorded_automatic_result; no applicable confirmed rescoring record located,0.6666666666666666,0.6666666666666666,selected-attempt result.json; no new scoring or reinterpretation,17,638.501,done,4,android+home+linux,linux_0:linux;linux_1:linux;android_0:android;home_0:home,worker-worktrees/all-task-update-intergration-sync-20260826/runs/kimi-k2.6-lite/core200_20260826/experiment_metadata.json,worker-worktrees/all-task-update-intergration-sync-20260826/runs/kimi-k2.6-lite/core200_20260826/run_01/summary.json,worker-worktrees/all-task-update-intergration-sync-20260826/runs/kimi-k2.6-lite/core200_20260826/run_01/102_linux_android_smarthome_909/result.json,1e053e2cf7955b4a2c4aafbe5136ea918276eaec,completed,formal_run_01,true,true,true,true
Kimi K2.6,linux_android_smarthome_287,103,worker-worktrees/all-task-update-intergration-sync-20260826/runs/kimi-k2.6-lite/core200_20260826/run_01/103_linux_android_smarthome_287,worker-worktrees/all-task-update-intergration-sync-20260826/runs/kimi-k2.6-lite/core200_20260826/run_01/run_metadata.json,worker-worktrees/all-task-update-intergration-sync-20260826/runs/kimi-k2.6-lite/core200_20260826/run_01/103_linux_android_smarthome_287/config/task.json,formal_run_01: formal runner summary; archived incomplete attempts excluded,FAIL,FAIL,recorded_automatic_result; no applicable confirmed rescoring record located,0.5,0.5,selected-attempt result.json; no new scoring or reinterpretation,42,1412.055,done,3,android+home+linux,linux_0:linux;android_0:android;home_0:home,worker-worktrees/all-task-update-intergration-sync-20260826/runs/kimi-k2.6-lite/core200_20260826/experiment_metadata.json,worker-worktrees/all-task-update-intergration-sync-20260826/runs/kimi-k2.6-lite/core200_20260826/run_01/summary.json,worker-worktrees/all-task-update-intergration-sync-20260826/runs/kimi-k2.6-lite/core200_20260826/run_01/103_linux_android_smarthome_287/result.json,1e053e2cf7955b4a2c4aafbe5136ea918276eaec,completed,formal_run_01,true,true,true,true
Kimi K2.6,linux_android_smarthome_470,104,worker-worktrees/all-task-update-intergration-sync-20260826/runs/kimi-k2.6-lite/core200_20260826/run_01/104_linux_android_smarthome_470,worker-worktrees/all-task-update-intergration-sync-20260826/runs/kimi-k2.6-lite/core200_20260826/run_01/run_metadata.json,worker-worktrees/all-task-update-intergration-sync-20260826/runs/kimi-k2.6-lite/core200_20260826/run_01/104_linux_android_smarthome_470/config/task.json,formal_run_01: formal runner summary; archived incomplete attempts excluded,FAIL,FAIL,recorded_automatic_result; no applicable confirmed rescoring record located,0.5,0.5,selected-attempt result.json; no new scoring or reinterpretation,30,1887.033,time_limit,4,android+home+linux,linux_0:linux;android_0:android;android_1:android;home_0:home,worker-worktrees/all-task-update-intergration-sync-20260826/runs/kimi-k2.6-lite/core200_20260826/experiment_metadata.json,worker-worktrees/all-task-update-intergration-sync-20260826/runs/kimi-k2.6-lite/core200_20260826/run_01/summary.json,worker-worktrees/all-task-update-intergration-sync-20260826/runs/kimi-k2.6-lite/core200_20260826/run_01/104_linux_android_smarthome_470/result.json,1e053e2cf7955b4a2c4aafbe5136ea918276eaec,completed,formal_run_01,true,true,true,true
Kimi K2.6,linux_android_smarthome_941,105,worker-worktrees/all-task-update-intergration-sync-20260826/runs/kimi-k2.6-lite/core200_20260826/run_01/105_linux_android_smarthome_941,worker-worktrees/all-task-update-intergration-sync-20260826/runs/kimi-k2.6-lite/core200_20260826/run_01/run_metadata.json,worker-worktrees/all-task-update-intergration-sync-20260826/runs/kimi-k2.6-lite/core200_20260826/run_01/105_linux_android_smarthome_941/config/task.json,formal_run_01: formal runner summary; archived incomplete attempts excluded,FAIL,FAIL,recorded_automatic_result; no applicable confirmed rescoring record located,0.6666666666666666,0.6666666666666666,selected-attempt result.json; no new scoring or reinterpretation,23,1817.063,time_limit,4,android+home+linux,linux_0:linux;linux_1:linux;android_0:android;home_0:home,worker-worktrees/all-task-update-intergration-sync-20260826/runs/kimi-k2.6-lite/core200_20260826/experiment_metadata.json,worker-worktrees/all-task-update-intergration-sync-20260826/runs/kimi-k2.6-lite/core200_20260826/run_01/summary.json,worker-worktrees/all-task-update-intergration-sync-20260826/runs/kimi-k2.6-lite/core200_20260826/run_01/105_linux_android_smarthome_941/result.json,1e053e2cf7955b4a2c4aafbe5136ea918276eaec,completed,formal_run_01,true,true,true,true
Kimi K2.6,linux_smarthome_454,106,worker-worktrees/all-task-update-intergration-sync-20260826/runs/kimi-k2.6-lite/core200_20260826/run_01/106_linux_smarthome_454,worker-worktrees/all-task-update-intergration-sync-20260826/runs/kimi-k2.6-lite/core200_20260826/run_01/run_metadata.json,worker-worktrees/all-task-update-intergration-sync-20260826/runs/kimi-k2.6-lite/core200_20260826/run_01/106_linux_smarthome_454/config/task.json,formal_run_01: formal runner summary; archived incomplete attempts excluded,FAIL,FAIL,recorded_automatic_result; no applicable confirmed rescoring record located,0.75,0.75,selected-attempt result.json; no new scoring or reinterpretation,50,1641.33,max_steps,2,home+linux,linux_0:linux;home_0:home,worker-worktrees/all-task-update-intergration-sync-20260826/runs/kimi-k2.6-lite/core200_20260826/experiment_metadata.json,worker-worktrees/all-task-update-intergration-sync-20260826/runs/kimi-k2.6-lite/core200_20260826/run_01/summary.json,worker-worktrees/all-task-update-intergration-sync-20260826/runs/kimi-k2.6-lite/core200_20260826/run_01/106_linux_smarthome_454/result.json,1e053e2cf7955b4a2c4aafbe5136ea918276eaec,completed,formal_run_01,true,true,true,true
Kimi K2.6,linux_smarthome_350,107,worker-worktrees/all-task-update-intergration-sync-20260826/runs/kimi-k2.6-lite/core200_20260826/run_01/107_linux_smarthome_350,worker-worktrees/all-task-update-intergration-sync-20260826/runs/kimi-k2.6-lite/core200_20260826/run_01/run_metadata.json,worker-worktrees/all-task-update-intergration-sync-20260826/runs/kimi-k2.6-lite/core200_20260826/run_01/107_linux_smarthome_350/config/task.json,formal_run_01: formal runner summary; archived incomplete attempts excluded,PASS,PASS,recorded_automatic_result; no applicable confirmed rescoring record located,1,1,selected-attempt result.json; no new scoring or reinterpretation,4,130.691,done,2,home+linux,linux_0:linux;home_0:home,worker-worktrees/all-task-update-intergration-sync-20260826/runs/kimi-k2.6-lite/core200_20260826/experiment_metadata.json,worker-worktrees/all-task-update-intergration-sync-20260826/runs/kimi-k2.6-lite/core200_20260826/run_01/summary.json,worker-worktrees/all-task-update-intergration-sync-20260826/runs/kimi-k2.6-lite/core200_20260826/run_01/107_linux_smarthome_350/result.json,1e053e2cf7955b4a2c4aafbe5136ea918276eaec,completed,formal_run_01,true,true,true,true
Kimi K2.6,linux_smarthome_520,108,worker-worktrees/all-task-update-intergration-sync-20260826/runs/kimi-k2.6-lite/core200_20260826/run_01/108_linux_smarthome_520,worker-worktrees/all-task-update-intergration-sync-20260826/runs/kimi-k2.6-lite/core200_20260826/run_01/run_metadata.json,worker-worktrees/all-task-update-intergration-sync-20260826/runs/kimi-k2.6-lite/core200_20260826/run_01/108_linux_smarthome_520/config/task.json,formal_run_01: formal runner summary; archived incomplete attempts excluded,FAIL,FAIL,recorded_automatic_result; no applicable confirmed rescoring record located,0.5,0.5,selected-attempt result.json; no new scoring or reinterpretation,6,307.186,done,3,home+linux,linux_0:linux;linux_1:linux;home_0:home,worker-worktrees/all-task-update-intergration-sync-20260826/runs/kimi-k2.6-lite/core200_20260826/experiment_metadata.json,worker-worktrees/all-task-update-intergration-sync-20260826/runs/kimi-k2.6-lite/core200_20260826/run_01/summary.json,worker-worktrees/all-task-update-intergration-sync-20260826/runs/kimi-k2.6-lite/core200_20260826/run_01/108_linux_smarthome_520/result.json,1e053e2cf7955b4a2c4aafbe5136ea918276eaec,completed,formal_run_01,true,true,true,true
Kimi K2.6,linux_smarthome_098,109,worker-worktrees/all-task-update-intergration-sync-20260826/runs/kimi-k2.6-lite/core200_20260826/run_01/109_linux_smarthome_098,worker-worktrees/all-task-update-intergration-sync-20260826/runs/kimi-k2.6-lite/core200_20260826/run_01/run_metadata.json,worker-worktrees/all-task-update-intergration-sync-20260826/runs/kimi-k2.6-lite/core200_20260826/run_01/109_linux_smarthome_098/config/task.json,formal_run_01: formal runner summary; archived incomplete attempts excluded,PASS,PASS,recorded_automatic_result; no applicable confirmed rescoring record located,1,1,selected-attempt result.json; no new scoring or reinterpretation,4,111.773,done,2,home+linux,linux_0:linux;home_0:home,worker-worktrees/all-task-update-intergration-sync-20260826/runs/kimi-k2.6-lite/core200_20260826/experiment_metadata.json,worker-worktrees/all-task-update-intergration-sync-20260826/runs/kimi-k2.6-lite/core200_20260826/run_01/summary.json,worker-worktrees/all-task-update-intergration-sync-20260826/runs/kimi-k2.6-lite/core200_20260826/run_01/109_linux_smarthome_098/result.json,1e053e2cf7955b4a2c4aafbe5136ea918276eaec,completed,formal_run_01,true,true,true,true
Kimi K2.6,linux_smarthome_387,110,worker-worktrees/all-task-update-intergration-sync-20260826/runs/kimi-k2.6-lite/core200_20260826/run_01/110_linux_smarthome_387,worker-worktrees/all-task-update-intergration-sync-20260826/runs/kimi-k2.6-lite/core200_20260826/run_01/run_metadata.json,worker-worktrees/all-task-update-intergration-sync-20260826/runs/kimi-k2.6-lite/core200_20260826/run_01/110_linux_smarthome_387/config/task.json,formal_run_01: formal runner summary; archived incomplete attempts excluded,FAIL,FAIL,recorded_automatic_result; no applicable confirmed rescoring record located,0.5,0.5,selected-attempt result.json; no new scoring or reinterpretation,18,1243.261,done,2,home+linux,linux_0:linux;home_0:home,worker-worktrees/all-task-update-intergration-sync-20260826/runs/kimi-k2.6-lite/core200_20260826/experiment_metadata.json,worker-worktrees/all-task-update-intergration-sync-20260826/runs/kimi-k2.6-lite/core200_20260826/run_01/summary.json,worker-worktrees/all-task-update-intergration-sync-20260826/runs/kimi-k2.6-lite/core200_20260826/run_01/110_linux_smarthome_387/result.json,1e053e2cf7955b4a2c4aafbe5136ea918276eaec,completed,formal_run_01,true,true,true,true
Kimi K2.6,linux_smarthome_606,111,worker-worktrees/all-task-update-intergration-sync-20260826/runs/kimi-k2.6-lite/core200_20260826/run_01/111_linux_smarthome_606,worker-worktrees/all-task-update-intergration-sync-20260826/runs/kimi-k2.6-lite/core200_20260826/run_01/run_metadata.json,worker-worktrees/all-task-update-intergration-sync-20260826/runs/kimi-k2.6-lite/core200_20260826/run_01/111_linux_smarthome_606/config/task.json,formal_run_01: formal runner summary; archived incomplete attempts excluded,FAIL,FAIL,recorded_automatic_result; no applicable confirmed rescoring record located,0.5,0.5,selected-attempt result.json; no new scoring or reinterpretation,9,314.591,done,3,home+linux,linux_0:linux;linux_1:linux;home_0:home,worker-worktrees/all-task-update-intergration-sync-20260826/runs/kimi-k2.6-lite/core200_20260826/experiment_metadata.json,worker-worktrees/all-task-update-intergration-sync-20260826/runs/kimi-k2.6-lite/core200_20260826/run_01/summary.json,worker-worktrees/all-task-update-intergration-sync-20260826/runs/kimi-k2.6-lite/core200_20260826/run_01/111_linux_smarthome_606/result.json,1e053e2cf7955b4a2c4aafbe5136ea918276eaec,completed,formal_run_01,true,true,true,true
Kimi K2.6,linux_smarthome_378,112,worker-worktrees/all-task-update-intergration-sync-20260826/runs/kimi-k2.6-lite/core200_20260826/run_01/112_linux_smarthome_378,worker-worktrees/all-task-update-intergration-sync-20260826/runs/kimi-k2.6-lite/core200_20260826/run_01/run_metadata.json,worker-worktrees/all-task-update-intergration-sync-20260826/runs/kimi-k2.6-lite/core200_20260826/run_01/112_linux_smarthome_378/config/task.json,formal_run_01: formal runner summary; archived incomplete attempts excluded,PASS,PASS,recorded_automatic_result; no applicable confirmed rescoring record located,1,1,selected-attempt result.json; no new scoring or reinterpretation,17,917.127,done,2,home+linux,linux_0:linux;home_0:home,worker-worktrees/all-task-update-intergration-sync-20260826/runs/kimi-k2.6-lite/core200_20260826/experiment_metadata.json,worker-worktrees/all-task-update-intergration-sync-20260826/runs/kimi-k2.6-lite/core200_20260826/run_01/summary.json,worker-worktrees/all-task-update-intergration-sync-20260826/runs/kimi-k2.6-lite/core200_20260826/run_01/112_linux_smarthome_378/result.json,1e053e2cf7955b4a2c4aafbe5136ea918276eaec,completed,formal_run_01,true,true,true,true
Kimi K2.6,linux_smarthome_063,113,worker-worktrees/all-task-update-intergration-sync-20260826/runs/kimi-k2.6-lite/core200_20260826/run_01/113_linux_smarthome_063,worker-worktrees/all-task-update-intergration-sync-20260826/runs/kimi-k2.6-lite/core200_20260826/run_01/run_metadata.json,worker-worktrees/all-task-update-intergration-sync-20260826/runs/kimi-k2.6-lite/core200_20260826/run_01/113_linux_smarthome_063/config/task.json,formal_run_01: formal runner summary; archived incomplete attempts excluded,PASS,PASS,recorded_automatic_result; no applicable confirmed rescoring record located,1,1,selected-attempt result.json; no new scoring or reinterpretation,4,112.151,done,2,home+linux,linux_0:linux;home_0:home,worker-worktrees/all-task-update-intergration-sync-20260826/runs/kimi-k2.6-lite/core200_20260826/experiment_metadata.json,worker-worktrees/all-task-update-intergration-sync-20260826/runs/kimi-k2.6-lite/core200_20260826/run_01/summary.json,worker-worktrees/all-task-update-intergration-sync-20260826/runs/kimi-k2.6-lite/core200_20260826/run_01/113_linux_smarthome_063/result.json,1e053e2cf7955b4a2c4aafbe5136ea918276eaec,completed,formal_run_01,true,true,true,true
Kimi K2.6,linux_smarthome_851,114,worker-worktrees/all-task-update-intergration-sync-20260826/runs/kimi-k2.6-lite/core200_20260826/run_01/114_linux_smarthome_851,worker-worktrees/all-task-update-intergration-sync-20260826/runs/kimi-k2.6-lite/core200_20260826/run_01/run_metadata.json,worker-worktrees/all-task-update-intergration-sync-20260826/runs/kimi-k2.6-lite/core200_20260826/run_01/114_linux_smarthome_851/config/task.json,formal_run_01: formal runner summary; archived incomplete attempts excluded,FAIL,FAIL,recorded_automatic_result; no applicable confirmed rescoring record located,0.5,0.5,selected-attempt result.json; no new scoring or reinterpretation,9,377.429,done,3,home+linux,linux_0:linux;linux_1:linux;home_0:home,worker-worktrees/all-task-update-intergration-sync-20260826/runs/kimi-k2.6-lite/core200_20260826/experiment_metadata.json,worker-worktrees/all-task-update-intergration-sync-20260826/runs/kimi-k2.6-lite/core200_20260826/run_01/summary.json,worker-worktrees/all-task-update-intergration-sync-20260826/runs/kimi-k2.6-lite/core200_20260826/run_01/114_linux_smarthome_851/result.json,1e053e2cf7955b4a2c4aafbe5136ea918276eaec,completed,formal_run_01,true,true,true,true
Kimi K2.6,linux_smarthome_433,115,worker-worktrees/all-task-update-intergration-sync-20260826/runs/kimi-k2.6-lite/core200_20260826/run_01/115_linux_smarthome_433,worker-worktrees/all-task-update-intergration-sync-20260826/runs/kimi-k2.6-lite/core200_20260826/run_01/run_metadata.json,worker-worktrees/all-task-update-intergration-sync-20260826/runs/kimi-k2.6-lite/core200_20260826/run_01/115_linux_smarthome_433/config/task.json,formal_run_01: formal runner summary; archived incomplete attempts excluded,FAIL,FAIL,recorded_automatic_result; no applicable confirmed rescoring record located,0.8,0.8,selected-attempt result.json; no new scoring or reinterpretation,7,224.209,done,2,home+linux,linux_0:linux;home_0:home,worker-worktrees/all-task-update-intergration-sync-20260826/runs/kimi-k2.6-lite/core200_20260826/experiment_metadata.json,worker-worktrees/all-task-update-intergration-sync-20260826/runs/kimi-k2.6-lite/core200_20260826/run_01/summary.json,worker-worktrees/all-task-update-intergration-sync-20260826/runs/kimi-k2.6-lite/core200_20260826/run_01/115_linux_smarthome_433/result.json,1e053e2cf7955b4a2c4aafbe5136ea918276eaec,completed,formal_run_01,true,true,true,true
Kimi K2.6,linux_smarthome_1000,116,worker-worktrees/all-task-update-intergration-sync-20260826/runs/kimi-k2.6-lite/core200_20260826/run_01/116_linux_smarthome_1000,worker-worktrees/all-task-update-intergration-sync-20260826/runs/kimi-k2.6-lite/core200_20260826/run_01/run_metadata.json,worker-worktrees/all-task-update-intergration-sync-20260826/runs/kimi-k2.6-lite/core200_20260826/run_01/116_linux_smarthome_1000/config/task.json,formal_run_01: formal runner summary; archived incomplete attempts excluded,FAIL,FAIL,recorded_automatic_result; no applicable confirmed rescoring record located,0.5,0.5,selected-attempt result.json; no new scoring or reinterpretation,8,412.124,done,3,home+linux,linux_0:linux;linux_1:linux;home_0:home,worker-worktrees/all-task-update-intergration-sync-20260826/runs/kimi-k2.6-lite/core200_20260826/experiment_metadata.json,worker-worktrees/all-task-update-intergration-sync-20260826/runs/kimi-k2.6-lite/core200_20260826/run_01/summary.json,worker-worktrees/all-task-update-intergration-sync-20260826/runs/kimi-k2.6-lite/core200_20260826/run_01/116_linux_smarthome_1000/result.json,1e053e2cf7955b4a2c4aafbe5136ea918276eaec,completed,formal_run_01,true,true,true,true
Kimi K2.6,linux_smarthome_796,117,worker-worktrees/all-task-update-intergration-sync-20260826/runs/kimi-k2.6-lite/core200_20260826/run_01/117_linux_smarthome_796,worker-worktrees/all-task-update-intergration-sync-20260826/runs/kimi-k2.6-lite/core200_20260826/run_01/run_metadata.json,worker-worktrees/all-task-update-intergration-sync-20260826/runs/kimi-k2.6-lite/core200_20260826/run_01/117_linux_smarthome_796/config/task.json,formal_run_01: formal runner summary; archived incomplete attempts excluded,FAIL,FAIL,recorded_automatic_result; no applicable confirmed rescoring record located,0.5,0.5,selected-attempt result.json; no new scoring or reinterpretation,9,292.784,done,3,home+linux,linux_0:linux;linux_1:linux;home_0:home,worker-worktrees/all-task-update-intergration-sync-20260826/runs/kimi-k2.6-lite/core200_20260826/experiment_metadata.json,worker-worktrees/all-task-update-intergration-sync-20260826/runs/kimi-k2.6-lite/core200_20260826/run_01/summary.json,worker-worktrees/all-task-update-intergration-sync-20260826/runs/kimi-k2.6-lite/core200_20260826/run_01/117_linux_smarthome_796/result.json,1e053e2cf7955b4a2c4aafbe5136ea918276eaec,completed,formal_run_01,true,true,true,true
Kimi K2.6,linux_smarthome_576,118,worker-worktrees/all-task-update-intergration-sync-20260826/runs/kimi-k2.6-lite/core200_20260826/run_01/118_linux_smarthome_576,worker-worktrees/all-task-update-intergration-sync-20260826/runs/kimi-k2.6-lite/core200_20260826/run_01/run_metadata.json,worker-worktrees/all-task-update-intergration-sync-20260826/runs/kimi-k2.6-lite/core200_20260826/run_01/118_linux_smarthome_576/config/task.json,formal_run_01: formal runner summary; archived incomplete attempts excluded,FAIL,FAIL,recorded_automatic_result; no applicable confirmed rescoring record located,0.5,0.5,selected-attempt result.json; no new scoring or reinterpretation,6,186.87,done,2,home+linux,linux_0:linux;home_0:home,worker-worktrees/all-task-update-intergration-sync-20260826/runs/kimi-k2.6-lite/core200_20260826/experiment_metadata.json,worker-worktrees/all-task-update-intergration-sync-20260826/runs/kimi-k2.6-lite/core200_20260826/run_01/summary.json,worker-worktrees/all-task-update-intergration-sync-20260826/runs/kimi-k2.6-lite/core200_20260826/run_01/118_linux_smarthome_576/result.json,1e053e2cf7955b4a2c4aafbe5136ea918276eaec,completed,formal_run_01,true,true,true,true
Kimi K2.6,linux_smarthome_932,119,worker-worktrees/all-task-update-intergration-sync-20260826/runs/kimi-k2.6-lite/core200_20260826/run_01/119_linux_smarthome_932,worker-worktrees/all-task-update-intergration-sync-20260826/runs/kimi-k2.6-lite/core200_20260826/run_01/run_metadata.json,worker-worktrees/all-task-update-intergration-sync-20260826/runs/kimi-k2.6-lite/core200_20260826/run_01/119_linux_smarthome_932/config/task.json,formal_run_01: formal runner summary; archived incomplete attempts excluded,FAIL,FAIL,recorded_automatic_result; no applicable confirmed rescoring record located,0.5,0.5,selected-attempt result.json; no new scoring or reinterpretation,8,424.35,done,3,home+linux,linux_0:linux;linux_1:linux;home_0:home,worker-worktrees/all-task-update-intergration-sync-20260826/runs/kimi-k2.6-lite/core200_20260826/experiment_metadata.json,worker-worktrees/all-task-update-intergration-sync-20260826/runs/kimi-k2.6-lite/core200_20260826/run_01/summary.json,worker-worktrees/all-task-update-intergration-sync-20260826/runs/kimi-k2.6-lite/core200_20260826/run_01/119_linux_smarthome_932/result.json,1e053e2cf7955b4a2c4aafbe5136ea918276eaec,completed,formal_run_01,true,true,true,true
Kimi K2.6,linux_smarthome_062,120,worker-worktrees/all-task-update-intergration-sync-20260826/runs/kimi-k2.6-lite/core200_20260826/run_01/120_linux_smarthome_062,worker-worktrees/all-task-update-intergration-sync-20260826/runs/kimi-k2.6-lite/core200_20260826/run_01/run_metadata.json,worker-worktrees/all-task-update-intergration-sync-20260826/runs/kimi-k2.6-lite/core200_20260826/run_01/120_linux_smarthome_062/config/task.json,formal_run_01: formal runner summary; archived incomplete attempts excluded,PASS,PASS,recorded_automatic_result; no applicable confirmed rescoring record located,1,1,selected-attempt result.json; no new scoring or reinterpretation,4,112.053,done,2,home+linux,linux_0:linux;home_0:home,worker-worktrees/all-task-update-intergration-sync-20260826/runs/kimi-k2.6-lite/core200_20260826/experiment_metadata.json,worker-worktrees/all-task-update-intergration-sync-20260826/runs/kimi-k2.6-lite/core200_20260826/run_01/summary.json,worker-worktrees/all-task-update-intergration-sync-20260826/runs/kimi-k2.6-lite/core200_20260826/run_01/120_linux_smarthome_062/result.json,1e053e2cf7955b4a2c4aafbe5136ea918276eaec,completed,formal_run_01,true,true,true,true
Kimi K2.6,linux_smarthome_983,121,worker-worktrees/all-task-update-intergration-sync-20260826/runs/kimi-k2.6-lite/core200_20260826/run_01/121_linux_smarthome_983,worker-worktrees/all-task-update-intergration-sync-20260826/runs/kimi-k2.6-lite/core200_20260826/run_01/run_metadata.json,worker-worktrees/all-task-update-intergration-sync-20260826/runs/kimi-k2.6-lite/core200_20260826/run_01/121_linux_smarthome_983/config/task.json,formal_run_01: formal runner summary; archived incomplete attempts excluded,FAIL,FAIL,recorded_automatic_result; no applicable confirmed rescoring record located,0.5,0.5,selected-attempt result.json; no new scoring or reinterpretation,8,428.991,done,3,home+linux,linux_0:linux;linux_1:linux;home_0:home,worker-worktrees/all-task-update-intergration-sync-20260826/runs/kimi-k2.6-lite/core200_20260826/experiment_metadata.json,worker-worktrees/all-task-update-intergration-sync-20260826/runs/kimi-k2.6-lite/core200_20260826/run_01/summary.json,worker-worktrees/all-task-update-intergration-sync-20260826/runs/kimi-k2.6-lite/core200_20260826/run_01/121_linux_smarthome_983/result.json,1e053e2cf7955b4a2c4aafbe5136ea918276eaec,completed,formal_run_01,true,true,true,true
Kimi K2.6,linux_smarthome_656,122,worker-worktrees/all-task-update-intergration-sync-20260826/runs/kimi-k2.6-lite/core200_20260826/run_01/122_linux_smarthome_656,worker-worktrees/all-task-update-intergration-sync-20260826/runs/kimi-k2.6-lite/core200_20260826/run_01/run_metadata.json,worker-worktrees/all-task-update-intergration-sync-20260826/runs/kimi-k2.6-lite/core200_20260826/run_01/122_linux_smarthome_656/config/task.json,formal_run_01: formal runner summary; archived incomplete attempts excluded,PASS,PASS,recorded_automatic_result; no applicable confirmed rescoring record located,1,1,selected-attempt result.json; no new scoring or reinterpretation,10,279.352,done,2,home+linux,linux_0:linux;home_0:home,worker-worktrees/all-task-update-intergration-sync-20260826/runs/kimi-k2.6-lite/core200_20260826/experiment_metadata.json,worker-worktrees/all-task-update-intergration-sync-20260826/runs/kimi-k2.6-lite/core200_20260826/run_01/summary.json,worker-worktrees/all-task-update-intergration-sync-20260826/runs/kimi-k2.6-lite/core200_20260826/run_01/122_linux_smarthome_656/result.json,1e053e2cf7955b4a2c4aafbe5136ea918276eaec,completed,formal_run_01,true,true,true,true
Kimi K2.6,linux_smarthome_982,123,worker-worktrees/all-task-update-intergration-sync-20260826/runs/kimi-k2.6-lite/core200_20260826/run_01/123_linux_smarthome_982,worker-worktrees/all-task-update-intergration-sync-20260826/runs/kimi-k2.6-lite/core200_20260826/run_01/run_metadata.json,worker-worktrees/all-task-update-intergration-sync-20260826/runs/kimi-k2.6-lite/core200_20260826/run_01/123_linux_smarthome_982/config/task.json,formal_run_01: formal runner summary; archived incomplete attempts excluded,FAIL,FAIL,recorded_automatic_result; no applicable confirmed rescoring record located,0.5,0.5,selected-attempt result.json; no new scoring or reinterpretation,14,636.026,done,3,home+linux,linux_0:linux;linux_1:linux;home_0:home,worker-worktrees/all-task-update-intergration-sync-20260826/runs/kimi-k2.6-lite/core200_20260826/experiment_metadata.json,worker-worktrees/all-task-update-intergration-sync-20260826/runs/kimi-k2.6-lite/core200_20260826/run_01/summary.json,worker-worktrees/all-task-update-intergration-sync-20260826/runs/kimi-k2.6-lite/core200_20260826/run_01/123_linux_smarthome_982/result.json,1e053e2cf7955b4a2c4aafbe5136ea918276eaec,completed,formal_run_01,true,true,true,true
Kimi K2.6,linux_smarthome_348,124,worker-worktrees/all-task-update-intergration-sync-20260826/runs/kimi-k2.6-lite/core200_20260826/run_01/124_linux_smarthome_348,worker-worktrees/all-task-update-intergration-sync-20260826/runs/kimi-k2.6-lite/core200_20260826/run_01/run_metadata.json,worker-worktrees/all-task-update-intergration-sync-20260826/runs/kimi-k2.6-lite/core200_20260826/run_01/124_linux_smarthome_348/config/task.json,formal_run_01: formal runner summary; archived incomplete attempts excluded,PASS,PASS,recorded_automatic_result; no applicable confirmed rescoring record located,1,1,selected-attempt result.json; no new scoring or reinterpretation,9,214.517,done,2,home+linux,linux_0:linux;home_0:home,worker-worktrees/all-task-update-intergration-sync-20260826/runs/kimi-k2.6-lite/core200_20260826/experiment_metadata.json,worker-worktrees/all-task-update-intergration-sync-20260826/runs/kimi-k2.6-lite/core200_20260826/run_01/summary.json,worker-worktrees/all-task-update-intergration-sync-20260826/runs/kimi-k2.6-lite/core200_20260826/run_01/124_linux_smarthome_348/result.json,1e053e2cf7955b4a2c4aafbe5136ea918276eaec,completed,formal_run_01,true,true,true,true
Kimi K2.6,linux_smarthome_567,125,worker-worktrees/all-task-update-intergration-sync-20260826/runs/kimi-k2.6-lite/core200_20260826/run_01/125_linux_smarthome_567,worker-worktrees/all-task-update-intergration-sync-20260826/runs/kimi-k2.6-lite/core200_20260826/run_01/run_metadata.json,worker-worktrees/all-task-update-intergration-sync-20260826/runs/kimi-k2.6-lite/core200_20260826/run_01/125_linux_smarthome_567/config/task.json,formal_run_01: formal runner summary; archived incomplete attempts excluded,FAIL,FAIL,recorded_automatic_result; no applicable confirmed rescoring record located,0.5,0.5,selected-attempt result.json; no new scoring or reinterpretation,9,339.385,done,3,home+linux,linux_0:linux;linux_1:linux;home_0:home,worker-worktrees/all-task-update-intergration-sync-20260826/runs/kimi-k2.6-lite/core200_20260826/experiment_metadata.json,worker-worktrees/all-task-update-intergration-sync-20260826/runs/kimi-k2.6-lite/core200_20260826/run_01/summary.json,worker-worktrees/all-task-update-intergration-sync-20260826/runs/kimi-k2.6-lite/core200_20260826/run_01/125_linux_smarthome_567/result.json,1e053e2cf7955b4a2c4aafbe5136ea918276eaec,completed,formal_run_01,true,true,true,true
Kimi K2.6,linux_smarthome_670,126,worker-worktrees/all-task-update-intergration-sync-20260826/runs/kimi-k2.6-lite/core200_20260826/run_01/126_linux_smarthome_670,worker-worktrees/all-task-update-intergration-sync-20260826/runs/kimi-k2.6-lite/core200_20260826/run_01/run_metadata.json,worker-worktrees/all-task-update-intergration-sync-20260826/runs/kimi-k2.6-lite/core200_20260826/run_01/126_linux_smarthome_670/config/task.json,formal_run_01: formal runner summary; archived incomplete attempts excluded,FAIL,FAIL,recorded_automatic_result; no applicable confirmed rescoring record located,0.75,0.75,selected-attempt result.json; no new scoring or reinterpretation,9,681.931,done,3,home+linux,linux_0:linux;linux_1:linux;home_0:home,worker-worktrees/all-task-update-intergration-sync-20260826/runs/kimi-k2.6-lite/core200_20260826/experiment_metadata.json,worker-worktrees/all-task-update-intergration-sync-20260826/runs/kimi-k2.6-lite/core200_20260826/run_01/summary.json,worker-worktrees/all-task-update-intergration-sync-20260826/runs/kimi-k2.6-lite/core200_20260826/run_01/126_linux_smarthome_670/result.json,1e053e2cf7955b4a2c4aafbe5136ea918276eaec,completed,formal_run_01,true,true,true,true
Kimi K2.6,linux_smarthome_359,127,worker-worktrees/all-task-update-intergration-sync-20260826/runs/kimi-k2.6-lite/core200_20260826/run_01/127_linux_smarthome_359,worker-worktrees/all-task-update-intergration-sync-20260826/runs/kimi-k2.6-lite/core200_20260826/run_01/run_metadata.json,worker-worktrees/all-task-update-intergration-sync-20260826/runs/kimi-k2.6-lite/core200_20260826/run_01/127_linux_smarthome_359/config/task.json,formal_run_01: formal runner summary; archived incomplete attempts excluded,FAIL,FAIL,recorded_automatic_result; no applicable confirmed rescoring record located,0.8,0.8,selected-attempt result.json; no new scoring or reinterpretation,6,198.938,done,2,home+linux,linux_0:linux;home_0:home,worker-worktrees/all-task-update-intergration-sync-20260826/runs/kimi-k2.6-lite/core200_20260826/experiment_metadata.json,worker-worktrees/all-task-update-intergration-sync-20260826/runs/kimi-k2.6-lite/core200_20260826/run_01/summary.json,worker-worktrees/all-task-update-intergration-sync-20260826/runs/kimi-k2.6-lite/core200_20260826/run_01/127_linux_smarthome_359/result.json,1e053e2cf7955b4a2c4aafbe5136ea918276eaec,completed,formal_run_01,true,true,true,true
Kimi K2.6,linux_smarthome_373,128,worker-worktrees/all-task-update-intergration-sync-20260826/runs/kimi-k2.6-lite/core200_20260826/run_01/128_linux_smarthome_373,worker-worktrees/all-task-update-intergration-sync-20260826/runs/kimi-k2.6-lite/core200_20260826/run_01/run_metadata.json,worker-worktrees/all-task-update-intergration-sync-20260826/runs/kimi-k2.6-lite/core200_20260826/run_01/128_linux_smarthome_373/config/task.json,formal_run_01: formal runner summary; archived incomplete attempts excluded,FAIL,FAIL,recorded_automatic_result; no applicable confirmed rescoring record located,0.5,0.5,selected-attempt result.json; no new scoring or reinterpretation,9,210.675,done,2,home+linux,linux_0:linux;home_0:home,worker-worktrees/all-task-update-intergration-sync-20260826/runs/kimi-k2.6-lite/core200_20260826/experiment_metadata.json,worker-worktrees/all-task-update-intergration-sync-20260826/runs/kimi-k2.6-lite/core200_20260826/run_01/summary.json,worker-worktrees/all-task-update-intergration-sync-20260826/runs/kimi-k2.6-lite/core200_20260826/run_01/128_linux_smarthome_373/result.json,1e053e2cf7955b4a2c4aafbe5136ea918276eaec,completed,formal_run_01,true,true,true,true
Kimi K2.6,linux_smarthome_065,129,worker-worktrees/all-task-update-intergration-sync-20260826/runs/kimi-k2.6-lite/core200_20260826/run_01/129_linux_smarthome_065,worker-worktrees/all-task-update-intergration-sync-20260826/runs/kimi-k2.6-lite/core200_20260826/run_01/run_metadata.json,worker-worktrees/all-task-update-intergration-sync-20260826/runs/kimi-k2.6-lite/core200_20260826/run_01/129_linux_smarthome_065/config/task.json,formal_run_01: formal runner summary; archived incomplete attempts excluded,PASS,PASS,recorded_automatic_result; no applicable confirmed rescoring record located,1,1,selected-attempt result.json; no new scoring or reinterpretation,4,126.982,done,2,home+linux,linux_0:linux;home_0:home,worker-worktrees/all-task-update-intergration-sync-20260826/runs/kimi-k2.6-lite/core200_20260826/experiment_metadata.json,worker-worktrees/all-task-update-intergration-sync-20260826/runs/kimi-k2.6-lite/core200_20260826/run_01/summary.json,worker-worktrees/all-task-update-intergration-sync-20260826/runs/kimi-k2.6-lite/core200_20260826/run_01/129_linux_smarthome_065/result.json,1e053e2cf7955b4a2c4aafbe5136ea918276eaec,completed,formal_run_01,true,true,true,true
Kimi K2.6,linux_smarthome_370,130,worker-worktrees/all-task-update-intergration-sync-20260826/runs/kimi-k2.6-lite/core200_20260826/run_01/130_linux_smarthome_370,worker-worktrees/all-task-update-intergration-sync-20260826/runs/kimi-k2.6-lite/core200_20260826/run_01/run_metadata.json,worker-worktrees/all-task-update-intergration-sync-20260826/runs/kimi-k2.6-lite/core200_20260826/run_01/130_linux_smarthome_370/config/task.json,formal_run_01: formal runner summary; archived incomplete attempts excluded,PASS,PASS,recorded_automatic_result; no applicable confirmed rescoring record located,1,1,selected-attempt result.json; no new scoring or reinterpretation,4,125.165,done,2,home+linux,linux_0:linux;home_0:home,worker-worktrees/all-task-update-intergration-sync-20260826/runs/kimi-k2.6-lite/core200_20260826/experiment_metadata.json,worker-worktrees/all-task-update-intergration-sync-20260826/runs/kimi-k2.6-lite/core200_20260826/run_01/summary.json,worker-worktrees/all-task-update-intergration-sync-20260826/runs/kimi-k2.6-lite/core200_20260826/run_01/130_linux_smarthome_370/result.json,1e053e2cf7955b4a2c4aafbe5136ea918276eaec,completed,formal_run_01,true,true,true,true
Kimi K2.6,linux_smarthome_372,131,worker-worktrees/all-task-update-intergration-sync-20260826/runs/kimi-k2.6-lite/core200_20260826/run_01/131_linux_smarthome_372,worker-worktrees/all-task-update-intergration-sync-20260826/runs/kimi-k2.6-lite/core200_20260826/run_01/run_metadata.json,worker-worktrees/all-task-update-intergration-sync-20260826/runs/kimi-k2.6-lite/core200_20260826/run_01/131_linux_smarthome_372/config/task.json,formal_run_01: formal runner summary; archived incomplete attempts excluded,FAIL,FAIL,recorded_automatic_result; no applicable confirmed rescoring record located,0,0,selected-attempt result.json; no new scoring or reinterpretation,10,437.142,done,2,home+linux,linux_0:linux;home_0:home,worker-worktrees/all-task-update-intergration-sync-20260826/runs/kimi-k2.6-lite/core200_20260826/experiment_metadata.json,worker-worktrees/all-task-update-intergration-sync-20260826/runs/kimi-k2.6-lite/core200_20260826/run_01/summary.json,worker-worktrees/all-task-update-intergration-sync-20260826/runs/kimi-k2.6-lite/core200_20260826/run_01/131_linux_smarthome_372/result.json,1e053e2cf7955b4a2c4aafbe5136ea918276eaec,completed,formal_run_01,true,true,true,true
Kimi K2.6,linux_smarthome_028,132,worker-worktrees/all-task-update-intergration-sync-20260826/runs/kimi-k2.6-lite/core200_20260826/run_01/132_linux_smarthome_028,worker-worktrees/all-task-update-intergration-sync-20260826/runs/kimi-k2.6-lite/core200_20260826/run_01/run_metadata.json,worker-worktrees/all-task-update-intergration-sync-20260826/runs/kimi-k2.6-lite/core200_20260826/run_01/132_linux_smarthome_028/config/task.json,formal_run_01: formal runner summary; archived incomplete attempts excluded,PASS,PASS,recorded_automatic_result; no applicable confirmed rescoring record located,1,1,selected-attempt result.json; no new scoring or reinterpretation,4,155.958,done,2,home+linux,linux_0:linux;home_0:home,worker-worktrees/all-task-update-intergration-sync-20260826/runs/kimi-k2.6-lite/core200_20260826/experiment_metadata.json,worker-worktrees/all-task-update-intergration-sync-20260826/runs/kimi-k2.6-lite/core200_20260826/run_01/summary.json,worker-worktrees/all-task-update-intergration-sync-20260826/runs/kimi-k2.6-lite/core200_20260826/run_01/132_linux_smarthome_028/result.json,1e053e2cf7955b4a2c4aafbe5136ea918276eaec,completed,formal_run_01,true,true,true,true
Kimi K2.6,linux_smarthome_999,133,worker-worktrees/all-task-update-intergration-sync-20260826/runs/kimi-k2.6-lite/core200_20260826/run_01/133_linux_smarthome_999,worker-worktrees/all-task-update-intergration-sync-20260826/runs/kimi-k2.6-lite/core200_20260826/run_01/run_metadata.json,worker-worktrees/all-task-update-intergration-sync-20260826/runs/kimi-k2.6-lite/core200_20260826/run_01/133_linux_smarthome_999/config/task.json,formal_run_01: formal runner summary; archived incomplete attempts excluded,FAIL,FAIL,recorded_automatic_result; no applicable confirmed rescoring record located,0.5,0.5,selected-attempt result.json; no new scoring or reinterpretation,8,321.919,done,3,home+linux,linux_0:linux;linux_1:linux;home_0:home,worker-worktrees/all-task-update-intergration-sync-20260826/runs/kimi-k2.6-lite/core200_20260826/experiment_metadata.json,worker-worktrees/all-task-update-intergration-sync-20260826/runs/kimi-k2.6-lite/core200_20260826/run_01/summary.json,worker-worktrees/all-task-update-intergration-sync-20260826/runs/kimi-k2.6-lite/core200_20260826/run_01/133_linux_smarthome_999/result.json,1e053e2cf7955b4a2c4aafbe5136ea918276eaec,completed,formal_run_01,true,true,true,true
Kimi K2.6,linux_smarthome_361,134,worker-worktrees/all-task-update-intergration-sync-20260826/runs/kimi-k2.6-lite/core200_20260826/run_01/134_linux_smarthome_361,worker-worktrees/all-task-update-intergration-sync-20260826/runs/kimi-k2.6-lite/core200_20260826/run_01/run_metadata.json,worker-worktrees/all-task-update-intergration-sync-20260826/runs/kimi-k2.6-lite/core200_20260826/run_01/134_linux_smarthome_361/config/task.json,formal_run_01: formal runner summary; archived incomplete attempts excluded,FAIL,FAIL,recorded_automatic_result; no applicable confirmed rescoring record located,0.5,0.5,selected-attempt result.json; no new scoring or reinterpretation,7,243.838,done,2,home+linux,linux_0:linux;home_0:home,worker-worktrees/all-task-update-intergration-sync-20260826/runs/kimi-k2.6-lite/core200_20260826/experiment_metadata.json,worker-worktrees/all-task-update-intergration-sync-20260826/runs/kimi-k2.6-lite/core200_20260826/run_01/summary.json,worker-worktrees/all-task-update-intergration-sync-20260826/runs/kimi-k2.6-lite/core200_20260826/run_01/134_linux_smarthome_361/result.json,1e053e2cf7955b4a2c4aafbe5136ea918276eaec,completed,formal_run_01,true,true,true,true
Kimi K2.6,linux_smarthome_981,135,worker-worktrees/all-task-update-intergration-sync-20260826/runs/kimi-k2.6-lite/core200_20260826/run_01/135_linux_smarthome_981,worker-worktrees/all-task-update-intergration-sync-20260826/runs/kimi-k2.6-lite/core200_20260826/run_01/run_metadata.json,worker-worktrees/all-task-update-intergration-sync-20260826/runs/kimi-k2.6-lite/core200_20260826/run_01/135_linux_smarthome_981/config/task.json,formal_run_01: formal runner summary; archived incomplete attempts excluded,FAIL,FAIL,recorded_automatic_result; no applicable confirmed rescoring record located,0.5,0.5,selected-attempt result.json; no new scoring or reinterpretation,12,735.917,done,3,home+linux,linux_0:linux;linux_1:linux;home_0:home,worker-worktrees/all-task-update-intergration-sync-20260826/runs/kimi-k2.6-lite/core200_20260826/experiment_metadata.json,worker-worktrees/all-task-update-intergration-sync-20260826/runs/kimi-k2.6-lite/core200_20260826/run_01/summary.json,worker-worktrees/all-task-update-intergration-sync-20260826/runs/kimi-k2.6-lite/core200_20260826/run_01/135_linux_smarthome_981/result.json,1e053e2cf7955b4a2c4aafbe5136ea918276eaec,completed,formal_run_01,true,true,true,true
Kimi K2.6,android_smarthome_357,136,worker-worktrees/all-task-update-intergration-sync-20260826/runs/kimi-k2.6-lite/core200_20260826/corrected_revision_reruns/136_android_smarthome_357/136_android_smarthome_357,worker-worktrees/all-task-update-intergration-sync-20260826/runs/kimi-k2.6-lite/core200_20260826/corrected_revision_reruns/136_android_smarthome_357/run_metadata.json,worker-worktrees/all-task-update-intergration-sync-20260826/runs/kimi-k2.6-lite/core200_20260826/corrected_revision_reruns/136_android_smarthome_357/136_android_smarthome_357/config/task.json,corrected_revision_rerun: existing android_smarthome_357 directed contract-repair rerun,FAIL,FAIL,recorded_automatic_result; no applicable confirmed rescoring record located,0.3333333333333333,0.3333333333333333,selected-attempt result.json; no new scoring or reinterpretation,26,1999.442,time_limit,3,android+home,android_0:android;android_1:android;home_0:home,worker-worktrees/all-task-update-intergration-sync-20260826/runs/kimi-k2.6-lite/core200_20260826/experiment_metadata.json,worker-worktrees/all-task-update-intergration-sync-20260826/runs/kimi-k2.6-lite/core200_20260826/corrected_revision_reruns/136_android_smarthome_357/summary.json,worker-worktrees/all-task-update-intergration-sync-20260826/runs/kimi-k2.6-lite/core200_20260826/corrected_revision_reruns/136_android_smarthome_357/136_android_smarthome_357/result.json,1e053e2cf7955b4a2c4aafbe5136ea918276eaec,completed,corrected_revision_rerun,true,true,true,true
Kimi K2.6,android_smarthome_409,137,worker-worktrees/all-task-update-intergration-sync-20260826/runs/kimi-k2.6-lite/core200_20260826/run_01/137_android_smarthome_409,worker-worktrees/all-task-update-intergration-sync-20260826/runs/kimi-k2.6-lite/core200_20260826/run_01/run_metadata.json,worker-worktrees/all-task-update-intergration-sync-20260826/runs/kimi-k2.6-lite/core200_20260826/run_01/137_android_smarthome_409/config/task.json,formal_run_01: formal runner summary; archived incomplete attempts excluded,FAIL,FAIL,recorded_automatic_result; no applicable confirmed rescoring record located,0.25,0.25,selected-attempt result.json; no new scoring or reinterpretation,48,2027.637,time_limit,2,android+home,android_0:android;home_0:home,worker-worktrees/all-task-update-intergration-sync-20260826/runs/kimi-k2.6-lite/core200_20260826/experiment_metadata.json,worker-worktrees/all-task-update-intergration-sync-20260826/runs/kimi-k2.6-lite/core200_20260826/run_01/summary.json,worker-worktrees/all-task-update-intergration-sync-20260826/runs/kimi-k2.6-lite/core200_20260826/run_01/137_android_smarthome_409/result.json,1e053e2cf7955b4a2c4aafbe5136ea918276eaec,completed,formal_run_01,true,true,true,true
Kimi K2.6,android_smarthome_854,138,worker-worktrees/all-task-update-intergration-sync-20260826/runs/kimi-k2.6-lite/core200_20260826/run_01/138_android_smarthome_854,worker-worktrees/all-task-update-intergration-sync-20260826/runs/kimi-k2.6-lite/core200_20260826/run_01/run_metadata.json,worker-worktrees/all-task-update-intergration-sync-20260826/runs/kimi-k2.6-lite/core200_20260826/run_01/138_android_smarthome_854/config/task.json,formal_run_01: formal runner summary; archived incomplete attempts excluded,FAIL,FAIL,recorded_automatic_result; no applicable confirmed rescoring record located,0.75,0.75,selected-attempt result.json; no new scoring or reinterpretation,35,1867.647,time_limit,2,android+home,android_0:android;home_0:home,worker-worktrees/all-task-update-intergration-sync-20260826/runs/kimi-k2.6-lite/core200_20260826/experiment_metadata.json,worker-worktrees/all-task-update-intergration-sync-20260826/runs/kimi-k2.6-lite/core200_20260826/run_01/summary.json,worker-worktrees/all-task-update-intergration-sync-20260826/runs/kimi-k2.6-lite/core200_20260826/run_01/138_android_smarthome_854/result.json,1e053e2cf7955b4a2c4aafbe5136ea918276eaec,completed,formal_run_01,true,true,true,true
Kimi K2.6,android_smarthome_026,139,worker-worktrees/all-task-update-intergration-sync-20260826/runs/kimi-k2.6-lite/core200_20260826/recovery_20260829/per_task/139_android_smarthome_026/139_android_smarthome_026,worker-worktrees/all-task-update-intergration-sync-20260826/runs/kimi-k2.6-lite/core200_20260826/recovery_20260829/per_task/139_android_smarthome_026/run_metadata.json,worker-worktrees/all-task-update-intergration-sync-20260826/runs/kimi-k2.6-lite/core200_20260826/recovery_20260829/per_task/139_android_smarthome_026/139_android_smarthome_026/config/task.json,infrastructure_recovery: recovery_20260829/run_recovery_queue.sh explicitly enumerates this task,FAIL,FAIL,recorded_automatic_result; no applicable confirmed rescoring record located,0,0,selected-attempt result.json; no new scoring or reinterpretation,37,1849.728,time_limit,2,android+home,android_0:android;home_0:home,worker-worktrees/all-task-update-intergration-sync-20260826/runs/kimi-k2.6-lite/core200_20260826/experiment_metadata.json,worker-worktrees/all-task-update-intergration-sync-20260826/runs/kimi-k2.6-lite/core200_20260826/recovery_20260829/per_task/139_android_smarthome_026/summary.json,worker-worktrees/all-task-update-intergration-sync-20260826/runs/kimi-k2.6-lite/core200_20260826/recovery_20260829/per_task/139_android_smarthome_026/139_android_smarthome_026/result.json,1e053e2cf7955b4a2c4aafbe5136ea918276eaec,completed,infrastructure_recovery,true,true,true,true
Kimi K2.6,android_smarthome_407,140,worker-worktrees/all-task-update-intergration-sync-20260826/runs/kimi-k2.6-lite/core200_20260826/run_01/140_android_smarthome_407,worker-worktrees/all-task-update-intergration-sync-20260826/runs/kimi-k2.6-lite/core200_20260826/run_01/run_metadata.json,worker-worktrees/all-task-update-intergration-sync-20260826/runs/kimi-k2.6-lite/core200_20260826/run_01/140_android_smarthome_407/config/task.json,formal_run_01: formal runner summary; archived incomplete attempts excluded,FAIL,FAIL,recorded_automatic_result; no applicable confirmed rescoring record located,0.5,0.5,selected-attempt result.json; no new scoring or reinterpretation,36,1869.981,time_limit,2,android+home,android_0:android;home_0:home,worker-worktrees/all-task-update-intergration-sync-20260826/runs/kimi-k2.6-lite/core200_20260826/experiment_metadata.json,worker-worktrees/all-task-update-intergration-sync-20260826/runs/kimi-k2.6-lite/core200_20260826/run_01/summary.json,worker-worktrees/all-task-update-intergration-sync-20260826/runs/kimi-k2.6-lite/core200_20260826/run_01/140_android_smarthome_407/result.json,1e053e2cf7955b4a2c4aafbe5136ea918276eaec,completed,formal_run_01,true,true,true,true
Kimi K2.6,android_smarthome_149,141,worker-worktrees/all-task-update-intergration-sync-20260826/runs/kimi-k2.6-lite/core200_20260826/run_01/141_android_smarthome_149,worker-worktrees/all-task-update-intergration-sync-20260826/runs/kimi-k2.6-lite/core200_20260826/run_01/run_metadata.json,worker-worktrees/all-task-update-intergration-sync-20260826/runs/kimi-k2.6-lite/core200_20260826/run_01/141_android_smarthome_149/config/task.json,formal_run_01: formal runner summary; archived incomplete attempts excluded,FAIL,FAIL,recorded_automatic_result; no applicable confirmed rescoring record located,0.6666666666666666,0.6666666666666666,selected-attempt result.json; no new scoring or reinterpretation,21,1803.736,time_limit,3,android+home,android_0:android;android_1:android;home_0:home,worker-worktrees/all-task-update-intergration-sync-20260826/runs/kimi-k2.6-lite/core200_20260826/experiment_metadata.json,worker-worktrees/all-task-update-intergration-sync-20260826/runs/kimi-k2.6-lite/core200_20260826/run_01/summary.json,worker-worktrees/all-task-update-intergration-sync-20260826/runs/kimi-k2.6-lite/core200_20260826/run_01/141_android_smarthome_149/result.json,1e053e2cf7955b4a2c4aafbe5136ea918276eaec,completed,formal_run_01,true,true,true,true
Kimi K2.6,android_smarthome_336,142,worker-worktrees/all-task-update-intergration-sync-20260826/runs/kimi-k2.6-lite/core200_20260826/run_01/142_android_smarthome_336,worker-worktrees/all-task-update-intergration-sync-20260826/runs/kimi-k2.6-lite/core200_20260826/run_01/run_metadata.json,worker-worktrees/all-task-update-intergration-sync-20260826/runs/kimi-k2.6-lite/core200_20260826/run_01/142_android_smarthome_336/config/task.json,formal_run_01: formal runner summary; archived incomplete attempts excluded,FAIL,FAIL,recorded_automatic_result; no applicable confirmed rescoring record located,0.75,0.75,selected-attempt result.json; no new scoring or reinterpretation,30,1893.024,time_limit,2,android+home,android_0:android;home_0:home,worker-worktrees/all-task-update-intergration-sync-20260826/runs/kimi-k2.6-lite/core200_20260826/experiment_metadata.json,worker-worktrees/all-task-update-intergration-sync-20260826/runs/kimi-k2.6-lite/core200_20260826/run_01/summary.json,worker-worktrees/all-task-update-intergration-sync-20260826/runs/kimi-k2.6-lite/core200_20260826/run_01/142_android_smarthome_336/result.json,1e053e2cf7955b4a2c4aafbe5136ea918276eaec,completed,formal_run_01,true,true,true,true
Kimi K2.6,android_smarthome_844,143,worker-worktrees/all-task-update-intergration-sync-20260826/runs/kimi-k2.6-lite/core200_20260826/run_01/143_android_smarthome_844,worker-worktrees/all-task-update-intergration-sync-20260826/runs/kimi-k2.6-lite/core200_20260826/run_01/run_metadata.json,worker-worktrees/all-task-update-intergration-sync-20260826/runs/kimi-k2.6-lite/core200_20260826/run_01/143_android_smarthome_844/config/task.json,formal_run_01: formal runner summary; archived incomplete attempts excluded,FAIL,FAIL,recorded_automatic_result; no applicable confirmed rescoring record located,0,0,selected-attempt result.json; no new scoring or reinterpretation,15,1824.023,time_limit,3,android+home,android_0:android;android_1:android;home_0:home,worker-worktrees/all-task-update-intergration-sync-20260826/runs/kimi-k2.6-lite/core200_20260826/experiment_metadata.json,worker-worktrees/all-task-update-intergration-sync-20260826/runs/kimi-k2.6-lite/core200_20260826/run_01/summary.json,worker-worktrees/all-task-update-intergration-sync-20260826/runs/kimi-k2.6-lite/core200_20260826/run_01/143_android_smarthome_844/result.json,1e053e2cf7955b4a2c4aafbe5136ea918276eaec,completed,formal_run_01,true,true,true,true
Kimi K2.6,android_smarthome_144,144,worker-worktrees/all-task-update-intergration-sync-20260826/runs/kimi-k2.6-lite/core200_20260826/run_01/144_android_smarthome_144,worker-worktrees/all-task-update-intergration-sync-20260826/runs/kimi-k2.6-lite/core200_20260826/run_01/run_metadata.json,worker-worktrees/all-task-update-intergration-sync-20260826/runs/kimi-k2.6-lite/core200_20260826/run_01/144_android_smarthome_144/config/task.json,formal_run_01: formal runner summary; archived incomplete attempts excluded,PASS,PASS,recorded_automatic_result; no applicable confirmed rescoring record located,1,1,selected-attempt result.json; no new scoring or reinterpretation,11,1053.207,done,3,android+home,android_0:android;android_1:android;home_0:home,worker-worktrees/all-task-update-intergration-sync-20260826/runs/kimi-k2.6-lite/core200_20260826/experiment_metadata.json,worker-worktrees/all-task-update-intergration-sync-20260826/runs/kimi-k2.6-lite/core200_20260826/run_01/summary.json,worker-worktrees/all-task-update-intergration-sync-20260826/runs/kimi-k2.6-lite/core200_20260826/run_01/144_android_smarthome_144/result.json,1e053e2cf7955b4a2c4aafbe5136ea918276eaec,completed,formal_run_01,true,true,true,true
Kimi K2.6,android_smarthome_241,145,worker-worktrees/all-task-update-intergration-sync-20260826/runs/kimi-k2.6-lite/core200_20260826/recovery_20260829/per_task/145_android_smarthome_241/145_android_smarthome_241,worker-worktrees/all-task-update-intergration-sync-20260826/runs/kimi-k2.6-lite/core200_20260826/recovery_20260829/per_task/145_android_smarthome_241/run_metadata.json,worker-worktrees/all-task-update-intergration-sync-20260826/runs/kimi-k2.6-lite/core200_20260826/recovery_20260829/per_task/145_android_smarthome_241/145_android_smarthome_241/config/task.json,infrastructure_recovery: recovery_20260829/run_recovery_queue.sh explicitly enumerates this task,PASS,PASS,recorded_automatic_result; no applicable confirmed rescoring record located,1,1,selected-attempt result.json; no new scoring or reinterpretation,19,1765.068,done,3,android+home,android_0:android;android_1:android;home_0:home,worker-worktrees/all-task-update-intergration-sync-20260826/runs/kimi-k2.6-lite/core200_20260826/experiment_metadata.json,worker-worktrees/all-task-update-intergration-sync-20260826/runs/kimi-k2.6-lite/core200_20260826/recovery_20260829/per_task/145_android_smarthome_241/summary.json,worker-worktrees/all-task-update-intergration-sync-20260826/runs/kimi-k2.6-lite/core200_20260826/recovery_20260829/per_task/145_android_smarthome_241/145_android_smarthome_241/result.json,1e053e2cf7955b4a2c4aafbe5136ea918276eaec,completed,infrastructure_recovery,true,true,true,true
Kimi K2.6,android_smarthome_251,146,worker-worktrees/all-task-update-intergration-sync-20260826/runs/kimi-k2.6-lite/core200_20260826/run_01/146_android_smarthome_251,worker-worktrees/all-task-update-intergration-sync-20260826/runs/kimi-k2.6-lite/core200_20260826/run_01/run_metadata.json,worker-worktrees/all-task-update-intergration-sync-20260826/runs/kimi-k2.6-lite/core200_20260826/run_01/146_android_smarthome_251/config/task.json,formal_run_01: formal runner summary; archived incomplete attempts excluded,FAIL,FAIL,recorded_automatic_result; no applicable confirmed rescoring record located,0.75,0.75,selected-attempt result.json; no new scoring or reinterpretation,27,2037.227,time_limit,2,android+home,android_0:android;home_0:home,worker-worktrees/all-task-update-intergration-sync-20260826/runs/kimi-k2.6-lite/core200_20260826/experiment_metadata.json,worker-worktrees/all-task-update-intergration-sync-20260826/runs/kimi-k2.6-lite/core200_20260826/run_01/summary.json,worker-worktrees/all-task-update-intergration-sync-20260826/runs/kimi-k2.6-lite/core200_20260826/run_01/146_android_smarthome_251/result.json,1e053e2cf7955b4a2c4aafbe5136ea918276eaec,completed,formal_run_01,true,true,true,true
Kimi K2.6,android_smarthome_265,147,worker-worktrees/all-task-update-intergration-sync-20260826/runs/kimi-k2.6-lite/core200_20260826/run_01/147_android_smarthome_265,worker-worktrees/all-task-update-intergration-sync-20260826/runs/kimi-k2.6-lite/core200_20260826/run_01/run_metadata.json,worker-worktrees/all-task-update-intergration-sync-20260826/runs/kimi-k2.6-lite/core200_20260826/run_01/147_android_smarthome_265/config/task.json,formal_run_01: formal runner summary; archived incomplete attempts excluded,FAIL,FAIL,recorded_automatic_result; no applicable confirmed rescoring record located,0,0,selected-attempt result.json; no new scoring or reinterpretation,30,1864.152,time_limit,2,android+home,android_0:android;home_0:home,worker-worktrees/all-task-update-intergration-sync-20260826/runs/kimi-k2.6-lite/core200_20260826/experiment_metadata.json,worker-worktrees/all-task-update-intergration-sync-20260826/runs/kimi-k2.6-lite/core200_20260826/run_01/summary.json,worker-worktrees/all-task-update-intergration-sync-20260826/runs/kimi-k2.6-lite/core200_20260826/run_01/147_android_smarthome_265/result.json,1e053e2cf7955b4a2c4aafbe5136ea918276eaec,completed,formal_run_01,true,true,true,true
Kimi K2.6,android_smarthome_877,148,worker-worktrees/all-task-update-intergration-sync-20260826/runs/kimi-k2.6-lite/core200_20260826/recovery_20260829/per_task/148_android_smarthome_877/148_android_smarthome_877,worker-worktrees/all-task-update-intergration-sync-20260826/runs/kimi-k2.6-lite/core200_20260826/recovery_20260829/per_task/148_android_smarthome_877/run_metadata.json,worker-worktrees/all-task-update-intergration-sync-20260826/runs/kimi-k2.6-lite/core200_20260826/recovery_20260829/per_task/148_android_smarthome_877/148_android_smarthome_877/config/task.json,infrastructure_recovery: recovery_20260829/run_recovery_queue.sh explicitly enumerates this task,FAIL,FAIL,recorded_automatic_result; no applicable confirmed rescoring record located,0.6666666666666666,0.6666666666666666,selected-attempt result.json; no new scoring or reinterpretation,36,1864.54,time_limit,2,android+home,android_0:android;home_0:home,worker-worktrees/all-task-update-intergration-sync-20260826/runs/kimi-k2.6-lite/core200_20260826/experiment_metadata.json,worker-worktrees/all-task-update-intergration-sync-20260826/runs/kimi-k2.6-lite/core200_20260826/recovery_20260829/per_task/148_android_smarthome_877/summary.json,worker-worktrees/all-task-update-intergration-sync-20260826/runs/kimi-k2.6-lite/core200_20260826/recovery_20260829/per_task/148_android_smarthome_877/148_android_smarthome_877/result.json,1e053e2cf7955b4a2c4aafbe5136ea918276eaec,completed,infrastructure_recovery,true,true,true,true
Kimi K2.6,android_smarthome_846,149,worker-worktrees/all-task-update-intergration-sync-20260826/runs/kimi-k2.6-lite/core200_20260826/run_01/149_android_smarthome_846,worker-worktrees/all-task-update-intergration-sync-20260826/runs/kimi-k2.6-lite/core200_20260826/run_01/run_metadata.json,worker-worktrees/all-task-update-intergration-sync-20260826/runs/kimi-k2.6-lite/core200_20260826/run_01/149_android_smarthome_846/config/task.json,formal_run_01: formal runner summary; archived incomplete attempts excluded,FAIL,FAIL,recorded_automatic_result; no applicable confirmed rescoring record located,0.8333333333333334,0.8333333333333334,selected-attempt result.json; no new scoring or reinterpretation,16,1868.723,time_limit,3,android+home,android_0:android;android_1:android;home_0:home,worker-worktrees/all-task-update-intergration-sync-20260826/runs/kimi-k2.6-lite/core200_20260826/experiment_metadata.json,worker-worktrees/all-task-update-intergration-sync-20260826/runs/kimi-k2.6-lite/core200_20260826/run_01/summary.json,worker-worktrees/all-task-update-intergration-sync-20260826/runs/kimi-k2.6-lite/core200_20260826/run_01/149_android_smarthome_846/result.json,1e053e2cf7955b4a2c4aafbe5136ea918276eaec,completed,formal_run_01,true,true,true,true
Kimi K2.6,android_smarthome_807,150,worker-worktrees/all-task-update-intergration-sync-20260826/runs/kimi-k2.6-lite/core200_20260826/run_01/150_android_smarthome_807,worker-worktrees/all-task-update-intergration-sync-20260826/runs/kimi-k2.6-lite/core200_20260826/run_01/run_metadata.json,worker-worktrees/all-task-update-intergration-sync-20260826/runs/kimi-k2.6-lite/core200_20260826/run_01/150_android_smarthome_807/config/task.json,formal_run_01: formal runner summary; archived incomplete attempts excluded,FAIL,FAIL,recorded_automatic_result; no applicable confirmed rescoring record located,0.25,0.25,selected-attempt result.json; no new scoring or reinterpretation,35,1872.254,time_limit,2,android+home,android_0:android;home_0:home,worker-worktrees/all-task-update-intergration-sync-20260826/runs/kimi-k2.6-lite/core200_20260826/experiment_metadata.json,worker-worktrees/all-task-update-intergration-sync-20260826/runs/kimi-k2.6-lite/core200_20260826/run_01/summary.json,worker-worktrees/all-task-update-intergration-sync-20260826/runs/kimi-k2.6-lite/core200_20260826/run_01/150_android_smarthome_807/result.json,1e053e2cf7955b4a2c4aafbe5136ea918276eaec,completed,formal_run_01,true,true,true,true
Kimi K2.6,android_smarthome_464,151,worker-worktrees/all-task-update-intergration-sync-20260826/runs/kimi-k2.6-lite/core200_20260826/run_01/151_android_smarthome_464,worker-worktrees/all-task-update-intergration-sync-20260826/runs/kimi-k2.6-lite/core200_20260826/run_01/run_metadata.json,worker-worktrees/all-task-update-intergration-sync-20260826/runs/kimi-k2.6-lite/core200_20260826/run_01/151_android_smarthome_464/config/task.json,formal_run_01: formal runner summary; archived incomplete attempts excluded,FAIL,FAIL,recorded_automatic_result; no applicable confirmed rescoring record located,0,0,selected-attempt result.json; no new scoring or reinterpretation,27,1855.723,time_limit,3,android+home,android_0:android;android_1:android;home_0:home,worker-worktrees/all-task-update-intergration-sync-20260826/runs/kimi-k2.6-lite/core200_20260826/experiment_metadata.json,worker-worktrees/all-task-update-intergration-sync-20260826/runs/kimi-k2.6-lite/core200_20260826/run_01/summary.json,worker-worktrees/all-task-update-intergration-sync-20260826/runs/kimi-k2.6-lite/core200_20260826/run_01/151_android_smarthome_464/result.json,1e053e2cf7955b4a2c4aafbe5136ea918276eaec,completed,formal_run_01,true,true,true,true
Kimi K2.6,android_smarthome_875,152,worker-worktrees/all-task-update-intergration-sync-20260826/runs/kimi-k2.6-lite/core200_20260826/run_01/152_android_smarthome_875,worker-worktrees/all-task-update-intergration-sync-20260826/runs/kimi-k2.6-lite/core200_20260826/run_01/run_metadata.json,worker-worktrees/all-task-update-intergration-sync-20260826/runs/kimi-k2.6-lite/core200_20260826/run_01/152_android_smarthome_875/config/task.json,formal_run_01: formal runner summary; archived incomplete attempts excluded,FAIL,FAIL,recorded_automatic_result; no applicable confirmed rescoring record located,0.6666666666666666,0.6666666666666666,selected-attempt result.json; no new scoring or reinterpretation,44,1812.969,time_limit,2,android+home,android_0:android;home_0:home,worker-worktrees/all-task-update-intergration-sync-20260826/runs/kimi-k2.6-lite/core200_20260826/experiment_metadata.json,worker-worktrees/all-task-update-intergration-sync-20260826/runs/kimi-k2.6-lite/core200_20260826/run_01/summary.json,worker-worktrees/all-task-update-intergration-sync-20260826/runs/kimi-k2.6-lite/core200_20260826/run_01/152_android_smarthome_875/result.json,1e053e2cf7955b4a2c4aafbe5136ea918276eaec,completed,formal_run_01,true,true,true,true
Kimi K2.6,android_smarthome_888,153,worker-worktrees/all-task-update-intergration-sync-20260826/runs/kimi-k2.6-lite/core200_20260826/run_01/153_android_smarthome_888,worker-worktrees/all-task-update-intergration-sync-20260826/runs/kimi-k2.6-lite/core200_20260826/run_01/run_metadata.json,worker-worktrees/all-task-update-intergration-sync-20260826/runs/kimi-k2.6-lite/core200_20260826/run_01/153_android_smarthome_888/config/task.json,formal_run_01: formal runner summary; archived incomplete attempts excluded,FAIL,FAIL,recorded_automatic_result; no applicable confirmed rescoring record located,0,0,selected-attempt result.json; no new scoring or reinterpretation,34,1882.822,time_limit,3,android+home,android_0:android;android_1:android;home_0:home,worker-worktrees/all-task-update-intergration-sync-20260826/runs/kimi-k2.6-lite/core200_20260826/experiment_metadata.json,worker-worktrees/all-task-update-intergration-sync-20260826/runs/kimi-k2.6-lite/core200_20260826/run_01/summary.json,worker-worktrees/all-task-update-intergration-sync-20260826/runs/kimi-k2.6-lite/core200_20260826/run_01/153_android_smarthome_888/result.json,1e053e2cf7955b4a2c4aafbe5136ea918276eaec,completed,formal_run_01,true,true,true,true
Kimi K2.6,android_smarthome_766,154,worker-worktrees/all-task-update-intergration-sync-20260826/runs/kimi-k2.6-lite/core200_20260826/run_01/154_android_smarthome_766,worker-worktrees/all-task-update-intergration-sync-20260826/runs/kimi-k2.6-lite/core200_20260826/run_01/run_metadata.json,worker-worktrees/all-task-update-intergration-sync-20260826/runs/kimi-k2.6-lite/core200_20260826/run_01/154_android_smarthome_766/config/task.json,formal_run_01: formal runner summary; archived incomplete attempts excluded,FAIL,FAIL,recorded_automatic_result; no applicable confirmed rescoring record located,0.6666666666666666,0.6666666666666666,selected-attempt result.json; no new scoring or reinterpretation,34,1844.978,time_limit,3,android+home,android_0:android;android_1:android;home_0:home,worker-worktrees/all-task-update-intergration-sync-20260826/runs/kimi-k2.6-lite/core200_20260826/experiment_metadata.json,worker-worktrees/all-task-update-intergration-sync-20260826/runs/kimi-k2.6-lite/core200_20260826/run_01/summary.json,worker-worktrees/all-task-update-intergration-sync-20260826/runs/kimi-k2.6-lite/core200_20260826/run_01/154_android_smarthome_766/result.json,1e053e2cf7955b4a2c4aafbe5136ea918276eaec,completed,formal_run_01,true,true,true,true
Kimi K2.6,android_smarthome_231,155,worker-worktrees/all-task-update-intergration-sync-20260826/runs/kimi-k2.6-lite/core200_20260826/run_01/155_android_smarthome_231,worker-worktrees/all-task-update-intergration-sync-20260826/runs/kimi-k2.6-lite/core200_20260826/run_01/run_metadata.json,worker-worktrees/all-task-update-intergration-sync-20260826/runs/kimi-k2.6-lite/core200_20260826/run_01/155_android_smarthome_231/config/task.json,formal_run_01: formal runner summary; archived incomplete attempts excluded,FAIL,FAIL,recorded_automatic_result; no applicable confirmed rescoring record located,0.5,0.5,selected-attempt result.json; no new scoring or reinterpretation,4,97.259,done,2,android+home,android_0:android;home_0:home,worker-worktrees/all-task-update-intergration-sync-20260826/runs/kimi-k2.6-lite/core200_20260826/experiment_metadata.json,worker-worktrees/all-task-update-intergration-sync-20260826/runs/kimi-k2.6-lite/core200_20260826/run_01/summary.json,worker-worktrees/all-task-update-intergration-sync-20260826/runs/kimi-k2.6-lite/core200_20260826/run_01/155_android_smarthome_231/result.json,1e053e2cf7955b4a2c4aafbe5136ea918276eaec,completed,formal_run_01,true,true,true,true
Kimi K2.6,android_smarthome_016,156,worker-worktrees/all-task-update-intergration-sync-20260826/runs/kimi-k2.6-lite/core200_20260826/run_01/156_android_smarthome_016,worker-worktrees/all-task-update-intergration-sync-20260826/runs/kimi-k2.6-lite/core200_20260826/run_01/run_metadata.json,worker-worktrees/all-task-update-intergration-sync-20260826/runs/kimi-k2.6-lite/core200_20260826/run_01/156_android_smarthome_016/config/task.json,formal_run_01: formal runner summary; archived incomplete attempts excluded,FAIL,FAIL,recorded_automatic_result; no applicable confirmed rescoring record located,0.5,0.5,selected-attempt result.json; no new scoring or reinterpretation,11,299.55,done,2,android+home,android_0:android;home_0:home,worker-worktrees/all-task-update-intergration-sync-20260826/runs/kimi-k2.6-lite/core200_20260826/experiment_metadata.json,worker-worktrees/all-task-update-intergration-sync-20260826/runs/kimi-k2.6-lite/core200_20260826/run_01/summary.json,worker-worktrees/all-task-update-intergration-sync-20260826/runs/kimi-k2.6-lite/core200_20260826/run_01/156_android_smarthome_016/result.json,1e053e2cf7955b4a2c4aafbe5136ea918276eaec,completed,formal_run_01,true,true,true,true
Kimi K2.6,android_smarthome_202,157,worker-worktrees/all-task-update-intergration-sync-20260826/runs/kimi-k2.6-lite/core200_20260826/run_01/157_android_smarthome_202,worker-worktrees/all-task-update-intergration-sync-20260826/runs/kimi-k2.6-lite/core200_20260826/run_01/run_metadata.json,worker-worktrees/all-task-update-intergration-sync-20260826/runs/kimi-k2.6-lite/core200_20260826/run_01/157_android_smarthome_202/config/task.json,formal_run_01: formal runner summary; archived incomplete attempts excluded,PASS,PASS,recorded_automatic_result; no applicable confirmed rescoring record located,1,1,selected-attempt result.json; no new scoring or reinterpretation,2,62.962,done,2,android+home,android_0:android;home_0:home,worker-worktrees/all-task-update-intergration-sync-20260826/runs/kimi-k2.6-lite/core200_20260826/experiment_metadata.json,worker-worktrees/all-task-update-intergration-sync-20260826/runs/kimi-k2.6-lite/core200_20260826/run_01/summary.json,worker-worktrees/all-task-update-intergration-sync-20260826/runs/kimi-k2.6-lite/core200_20260826/run_01/157_android_smarthome_202/result.json,1e053e2cf7955b4a2c4aafbe5136ea918276eaec,completed,formal_run_01,true,true,true,true
Kimi K2.6,android_smarthome_219,158,worker-worktrees/all-task-update-intergration-sync-20260826/runs/kimi-k2.6-lite/core200_20260826/run_01/158_android_smarthome_219,worker-worktrees/all-task-update-intergration-sync-20260826/runs/kimi-k2.6-lite/core200_20260826/run_01/run_metadata.json,worker-worktrees/all-task-update-intergration-sync-20260826/runs/kimi-k2.6-lite/core200_20260826/run_01/158_android_smarthome_219/config/task.json,formal_run_01: formal runner summary; archived incomplete attempts excluded,FAIL,FAIL,recorded_automatic_result; no applicable confirmed rescoring record located,0.5,0.5,selected-attempt result.json; no new scoring or reinterpretation,4,102.18,done,2,android+home,android_0:android;home_0:home,worker-worktrees/all-task-update-intergration-sync-20260826/runs/kimi-k2.6-lite/core200_20260826/experiment_metadata.json,worker-worktrees/all-task-update-intergration-sync-20260826/runs/kimi-k2.6-lite/core200_20260826/run_01/summary.json,worker-worktrees/all-task-update-intergration-sync-20260826/runs/kimi-k2.6-lite/core200_20260826/run_01/158_android_smarthome_219/result.json,1e053e2cf7955b4a2c4aafbe5136ea918276eaec,completed,formal_run_01,true,true,true,true
Kimi K2.6,android_smarthome_233,159,worker-worktrees/all-task-update-intergration-sync-20260826/runs/kimi-k2.6-lite/core200_20260826/run_01/159_android_smarthome_233,worker-worktrees/all-task-update-intergration-sync-20260826/runs/kimi-k2.6-lite/core200_20260826/run_01/run_metadata.json,worker-worktrees/all-task-update-intergration-sync-20260826/runs/kimi-k2.6-lite/core200_20260826/run_01/159_android_smarthome_233/config/task.json,formal_run_01: formal runner summary; archived incomplete attempts excluded,FAIL,FAIL,recorded_automatic_result; no applicable confirmed rescoring record located,0.6666666666666666,0.6666666666666666,selected-attempt result.json; no new scoring or reinterpretation,3,110.867,done,2,android+home,android_0:android;home_0:home,worker-worktrees/all-task-update-intergration-sync-20260826/runs/kimi-k2.6-lite/core200_20260826/experiment_metadata.json,worker-worktrees/all-task-update-intergration-sync-20260826/runs/kimi-k2.6-lite/core200_20260826/run_01/summary.json,worker-worktrees/all-task-update-intergration-sync-20260826/runs/kimi-k2.6-lite/core200_20260826/run_01/159_android_smarthome_233/result.json,1e053e2cf7955b4a2c4aafbe5136ea918276eaec,completed,formal_run_01,true,true,true,true
Kimi K2.6,android_smarthome_147,160,worker-worktrees/all-task-update-intergration-sync-20260826/runs/kimi-k2.6-lite/core200_20260826/run_01/160_android_smarthome_147,worker-worktrees/all-task-update-intergration-sync-20260826/runs/kimi-k2.6-lite/core200_20260826/run_01/run_metadata.json,worker-worktrees/all-task-update-intergration-sync-20260826/runs/kimi-k2.6-lite/core200_20260826/run_01/160_android_smarthome_147/config/task.json,formal_run_01: formal runner summary; archived incomplete attempts excluded,FAIL,FAIL,recorded_automatic_result; no applicable confirmed rescoring record located,0.75,0.75,selected-attempt result.json; no new scoring or reinterpretation,32,1809.254,time_limit,3,android+home,android_0:android;android_1:android;home_0:home,worker-worktrees/all-task-update-intergration-sync-20260826/runs/kimi-k2.6-lite/core200_20260826/experiment_metadata.json,worker-worktrees/all-task-update-intergration-sync-20260826/runs/kimi-k2.6-lite/core200_20260826/run_01/summary.json,worker-worktrees/all-task-update-intergration-sync-20260826/runs/kimi-k2.6-lite/core200_20260826/run_01/160_android_smarthome_147/result.json,1e053e2cf7955b4a2c4aafbe5136ea918276eaec,completed,formal_run_01,true,true,true,true
Kimi K2.6,android_only_267,161,worker-worktrees/all-task-update-intergration-sync-20260826/runs/kimi-k2.6-lite/core200_20260826/run_01/161_android_only_267,worker-worktrees/all-task-update-intergration-sync-20260826/runs/kimi-k2.6-lite/core200_20260826/run_01/run_metadata.json,worker-worktrees/all-task-update-intergration-sync-20260826/runs/kimi-k2.6-lite/core200_20260826/run_01/161_android_only_267/config/task.json,formal_run_01: formal runner summary; archived incomplete attempts excluded,FAIL,FAIL,recorded_automatic_result; no applicable confirmed rescoring record located,0,0,selected-attempt result.json; no new scoring or reinterpretation,21,1867.096,time_limit,2,android,android_0:android;android_1:android,worker-worktrees/all-task-update-intergration-sync-20260826/runs/kimi-k2.6-lite/core200_20260826/experiment_metadata.json,worker-worktrees/all-task-update-intergration-sync-20260826/runs/kimi-k2.6-lite/core200_20260826/run_01/summary.json,worker-worktrees/all-task-update-intergration-sync-20260826/runs/kimi-k2.6-lite/core200_20260826/run_01/161_android_only_267/result.json,1e053e2cf7955b4a2c4aafbe5136ea918276eaec,completed,formal_run_01,true,true,true,true
Kimi K2.6,android_only_234,162,worker-worktrees/all-task-update-intergration-sync-20260826/runs/kimi-k2.6-lite/core200_20260826/run_01/162_android_only_234,worker-worktrees/all-task-update-intergration-sync-20260826/runs/kimi-k2.6-lite/core200_20260826/run_01/run_metadata.json,worker-worktrees/all-task-update-intergration-sync-20260826/runs/kimi-k2.6-lite/core200_20260826/run_01/162_android_only_234/config/task.json,formal_run_01: formal runner summary; archived incomplete attempts excluded,FAIL,FAIL,recorded_automatic_result; no applicable confirmed rescoring record located,0.5,0.5,selected-attempt result.json; no new scoring or reinterpretation,36,1979.793,time_limit,2,android,android_0:android;android_1:android,worker-worktrees/all-task-update-intergration-sync-20260826/runs/kimi-k2.6-lite/core200_20260826/experiment_metadata.json,worker-worktrees/all-task-update-intergration-sync-20260826/runs/kimi-k2.6-lite/core200_20260826/run_01/summary.json,worker-worktrees/all-task-update-intergration-sync-20260826/runs/kimi-k2.6-lite/core200_20260826/run_01/162_android_only_234/result.json,1e053e2cf7955b4a2c4aafbe5136ea918276eaec,completed,formal_run_01,true,true,true,true
Kimi K2.6,android_only_214,163,worker-worktrees/all-task-update-intergration-sync-20260826/runs/kimi-k2.6-lite/core200_20260826/run_01/163_android_only_214,worker-worktrees/all-task-update-intergration-sync-20260826/runs/kimi-k2.6-lite/core200_20260826/run_01/run_metadata.json,worker-worktrees/all-task-update-intergration-sync-20260826/runs/kimi-k2.6-lite/core200_20260826/run_01/163_android_only_214/config/task.json,formal_run_01: formal runner summary; archived incomplete attempts excluded,FAIL,FAIL,recorded_automatic_result; no applicable confirmed rescoring record located,0,0,selected-attempt result.json; no new scoring or reinterpretation,23,1929.135,time_limit,2,android,android_0:android;android_1:android,worker-worktrees/all-task-update-intergration-sync-20260826/runs/kimi-k2.6-lite/core200_20260826/experiment_metadata.json,worker-worktrees/all-task-update-intergration-sync-20260826/runs/kimi-k2.6-lite/core200_20260826/run_01/summary.json,worker-worktrees/all-task-update-intergration-sync-20260826/runs/kimi-k2.6-lite/core200_20260826/run_01/163_android_only_214/result.json,1e053e2cf7955b4a2c4aafbe5136ea918276eaec,completed,formal_run_01,true,true,true,true
Kimi K2.6,android_only_305,164,worker-worktrees/all-task-update-intergration-sync-20260826/runs/kimi-k2.6-lite/core200_20260826/run_01/164_android_only_305,worker-worktrees/all-task-update-intergration-sync-20260826/runs/kimi-k2.6-lite/core200_20260826/run_01/run_metadata.json,worker-worktrees/all-task-update-intergration-sync-20260826/runs/kimi-k2.6-lite/core200_20260826/run_01/164_android_only_305/config/task.json,formal_run_01: formal runner summary; archived incomplete attempts excluded,FAIL,FAIL,recorded_automatic_result; no applicable confirmed rescoring record located,0.5,0.5,selected-attempt result.json; no new scoring or reinterpretation,20,1903.753,time_limit,2,android,android_0:android;android_1:android,worker-worktrees/all-task-update-intergration-sync-20260826/runs/kimi-k2.6-lite/core200_20260826/experiment_metadata.json,worker-worktrees/all-task-update-intergration-sync-20260826/runs/kimi-k2.6-lite/core200_20260826/run_01/summary.json,worker-worktrees/all-task-update-intergration-sync-20260826/runs/kimi-k2.6-lite/core200_20260826/run_01/164_android_only_305/result.json,1e053e2cf7955b4a2c4aafbe5136ea918276eaec,completed,formal_run_01,true,true,true,true
Kimi K2.6,android_only_264,165,worker-worktrees/all-task-update-intergration-sync-20260826/runs/kimi-k2.6-lite/core200_20260826/run_01/165_android_only_264,worker-worktrees/all-task-update-intergration-sync-20260826/runs/kimi-k2.6-lite/core200_20260826/run_01/run_metadata.json,worker-worktrees/all-task-update-intergration-sync-20260826/runs/kimi-k2.6-lite/core200_20260826/run_01/165_android_only_264/config/task.json,formal_run_01: formal runner summary; archived incomplete attempts excluded,FAIL,FAIL,recorded_automatic_result; no applicable confirmed rescoring record located,0,0,selected-attempt result.json; no new scoring or reinterpretation,22,1816.778,time_limit,2,android,android_0:android;android_1:android,worker-worktrees/all-task-update-intergration-sync-20260826/runs/kimi-k2.6-lite/core200_20260826/experiment_metadata.json,worker-worktrees/all-task-update-intergration-sync-20260826/runs/kimi-k2.6-lite/core200_20260826/run_01/summary.json,worker-worktrees/all-task-update-intergration-sync-20260826/runs/kimi-k2.6-lite/core200_20260826/run_01/165_android_only_264/result.json,1e053e2cf7955b4a2c4aafbe5136ea918276eaec,completed,formal_run_01,true,true,true,true
Kimi K2.6,android_only_236,166,worker-worktrees/all-task-update-intergration-sync-20260826/runs/kimi-k2.6-lite/core200_20260826/run_01/166_android_only_236,worker-worktrees/all-task-update-intergration-sync-20260826/runs/kimi-k2.6-lite/core200_20260826/run_01/run_metadata.json,worker-worktrees/all-task-update-intergration-sync-20260826/runs/kimi-k2.6-lite/core200_20260826/run_01/166_android_only_236/config/task.json,formal_run_01: formal runner summary; archived incomplete attempts excluded,FAIL,FAIL,recorded_automatic_result; no applicable confirmed rescoring record located,0.75,0.75,selected-attempt result.json; no new scoring or reinterpretation,23,1893.679,time_limit,2,android,android_0:android;android_1:android,worker-worktrees/all-task-update-intergration-sync-20260826/runs/kimi-k2.6-lite/core200_20260826/experiment_metadata.json,worker-worktrees/all-task-update-intergration-sync-20260826/runs/kimi-k2.6-lite/core200_20260826/run_01/summary.json,worker-worktrees/all-task-update-intergration-sync-20260826/runs/kimi-k2.6-lite/core200_20260826/run_01/166_android_only_236/result.json,1e053e2cf7955b4a2c4aafbe5136ea918276eaec,completed,formal_run_01,true,true,true,true
Kimi K2.6,android_only_254,167,worker-worktrees/all-task-update-intergration-sync-20260826/runs/kimi-k2.6-lite/core200_20260826/recovery_20260829/per_task/167_android_only_254/167_android_only_254,worker-worktrees/all-task-update-intergration-sync-20260826/runs/kimi-k2.6-lite/core200_20260826/recovery_20260829/per_task/167_android_only_254/run_metadata.json,worker-worktrees/all-task-update-intergration-sync-20260826/runs/kimi-k2.6-lite/core200_20260826/recovery_20260829/per_task/167_android_only_254/167_android_only_254/config/task.json,infrastructure_recovery: recovery_20260829/run_recovery_queue.sh explicitly enumerates this task,FAIL,FAIL,recorded_automatic_result; no applicable confirmed rescoring record located,0,0,selected-attempt result.json; no new scoring or reinterpretation,30,1838.817,time_limit,2,android,android_0:android;android_1:android,worker-worktrees/all-task-update-intergration-sync-20260826/runs/kimi-k2.6-lite/core200_20260826/experiment_metadata.json,worker-worktrees/all-task-update-intergration-sync-20260826/runs/kimi-k2.6-lite/core200_20260826/recovery_20260829/per_task/167_android_only_254/summary.json,worker-worktrees/all-task-update-intergration-sync-20260826/runs/kimi-k2.6-lite/core200_20260826/recovery_20260829/per_task/167_android_only_254/167_android_only_254/result.json,1e053e2cf7955b4a2c4aafbe5136ea918276eaec,completed,infrastructure_recovery,true,true,true,true
Kimi K2.6,android_only_218,168,worker-worktrees/all-task-update-intergration-sync-20260826/runs/kimi-k2.6-lite/core200_20260826/run_01/168_android_only_218,worker-worktrees/all-task-update-intergration-sync-20260826/runs/kimi-k2.6-lite/core200_20260826/run_01/run_metadata.json,worker-worktrees/all-task-update-intergration-sync-20260826/runs/kimi-k2.6-lite/core200_20260826/run_01/168_android_only_218/config/task.json,formal_run_01: formal runner summary; archived incomplete attempts excluded,FAIL,FAIL,recorded_automatic_result; no applicable confirmed rescoring record located,0,0,selected-attempt result.json; no new scoring or reinterpretation,15,1943.043,time_limit,2,android,android_0:android;android_1:android,worker-worktrees/all-task-update-intergration-sync-20260826/runs/kimi-k2.6-lite/core200_20260826/experiment_metadata.json,worker-worktrees/all-task-update-intergration-sync-20260826/runs/kimi-k2.6-lite/core200_20260826/run_01/summary.json,worker-worktrees/all-task-update-intergration-sync-20260826/runs/kimi-k2.6-lite/core200_20260826/run_01/168_android_only_218/result.json,1e053e2cf7955b4a2c4aafbe5136ea918276eaec,completed,formal_run_01,true,true,true,true
Kimi K2.6,android_only_260,169,worker-worktrees/all-task-update-intergration-sync-20260826/runs/kimi-k2.6-lite/core200_20260826/run_01/169_android_only_260,worker-worktrees/all-task-update-intergration-sync-20260826/runs/kimi-k2.6-lite/core200_20260826/run_01/run_metadata.json,worker-worktrees/all-task-update-intergration-sync-20260826/runs/kimi-k2.6-lite/core200_20260826/run_01/169_android_only_260/config/task.json,formal_run_01: formal runner summary; archived incomplete attempts excluded,FAIL,FAIL,recorded_automatic_result; no applicable confirmed rescoring record located,0,0,selected-attempt result.json; no new scoring or reinterpretation,12,1897.695,time_limit,2,android,android_0:android;android_1:android,worker-worktrees/all-task-update-intergration-sync-20260826/runs/kimi-k2.6-lite/core200_20260826/experiment_metadata.json,worker-worktrees/all-task-update-intergration-sync-20260826/runs/kimi-k2.6-lite/core200_20260826/run_01/summary.json,worker-worktrees/all-task-update-intergration-sync-20260826/runs/kimi-k2.6-lite/core200_20260826/run_01/169_android_only_260/result.json,1e053e2cf7955b4a2c4aafbe5136ea918276eaec,completed,formal_run_01,true,true,true,true
Kimi K2.6,android_only_285,170,worker-worktrees/all-task-update-intergration-sync-20260826/runs/kimi-k2.6-lite/core200_20260826/run_01/170_android_only_285,worker-worktrees/all-task-update-intergration-sync-20260826/runs/kimi-k2.6-lite/core200_20260826/run_01/run_metadata.json,worker-worktrees/all-task-update-intergration-sync-20260826/runs/kimi-k2.6-lite/core200_20260826/run_01/170_android_only_285/config/task.json,formal_run_01: formal runner summary; archived incomplete attempts excluded,FAIL,FAIL,recorded_automatic_result; no applicable confirmed rescoring record located,0.5,0.5,selected-attempt result.json; no new scoring or reinterpretation,28,1821.041,time_limit,2,android,android_0:android;android_1:android,worker-worktrees/all-task-update-intergration-sync-20260826/runs/kimi-k2.6-lite/core200_20260826/experiment_metadata.json,worker-worktrees/all-task-update-intergration-sync-20260826/runs/kimi-k2.6-lite/core200_20260826/run_01/summary.json,worker-worktrees/all-task-update-intergration-sync-20260826/runs/kimi-k2.6-lite/core200_20260826/run_01/170_android_only_285/result.json,1e053e2cf7955b4a2c4aafbe5136ea918276eaec,completed,formal_run_01,true,true,true,true
Kimi K2.6,android_only_210,171,worker-worktrees/all-task-update-intergration-sync-20260826/runs/kimi-k2.6-lite/core200_20260826/recovery_20260829/per_task/171_android_only_210/171_android_only_210,worker-worktrees/all-task-update-intergration-sync-20260826/runs/kimi-k2.6-lite/core200_20260826/recovery_20260829/per_task/171_android_only_210/run_metadata.json,worker-worktrees/all-task-update-intergration-sync-20260826/runs/kimi-k2.6-lite/core200_20260826/recovery_20260829/per_task/171_android_only_210/171_android_only_210/config/task.json,infrastructure_recovery: recovery_20260829/run_recovery_queue.sh explicitly enumerates this task,FAIL,FAIL,recorded_automatic_result; no applicable confirmed rescoring record located,0,0,selected-attempt result.json; no new scoring or reinterpretation,17,1922.316,time_limit,2,android,android_0:android;android_1:android,worker-worktrees/all-task-update-intergration-sync-20260826/runs/kimi-k2.6-lite/core200_20260826/experiment_metadata.json,worker-worktrees/all-task-update-intergration-sync-20260826/runs/kimi-k2.6-lite/core200_20260826/recovery_20260829/per_task/171_android_only_210/summary.json,worker-worktrees/all-task-update-intergration-sync-20260826/runs/kimi-k2.6-lite/core200_20260826/recovery_20260829/per_task/171_android_only_210/171_android_only_210/result.json,1e053e2cf7955b4a2c4aafbe5136ea918276eaec,completed,infrastructure_recovery,true,true,true,true
Kimi K2.6,android_only_274,172,worker-worktrees/all-task-update-intergration-sync-20260826/runs/kimi-k2.6-lite/core200_20260826/run_01/172_android_only_274,worker-worktrees/all-task-update-intergration-sync-20260826/runs/kimi-k2.6-lite/core200_20260826/run_01/run_metadata.json,worker-worktrees/all-task-update-intergration-sync-20260826/runs/kimi-k2.6-lite/core200_20260826/run_01/172_android_only_274/config/task.json,formal_run_01: formal runner summary; archived incomplete attempts excluded,FAIL,FAIL,recorded_automatic_result; no applicable confirmed rescoring record located,0,0,selected-attempt result.json; no new scoring or reinterpretation,26,1859.289,time_limit,2,android,android_0:android;android_1:android,worker-worktrees/all-task-update-intergration-sync-20260826/runs/kimi-k2.6-lite/core200_20260826/experiment_metadata.json,worker-worktrees/all-task-update-intergration-sync-20260826/runs/kimi-k2.6-lite/core200_20260826/run_01/summary.json,worker-worktrees/all-task-update-intergration-sync-20260826/runs/kimi-k2.6-lite/core200_20260826/run_01/172_android_only_274/result.json,1e053e2cf7955b4a2c4aafbe5136ea918276eaec,completed,formal_run_01,true,true,true,true
Kimi K2.6,android_only_223,173,worker-worktrees/all-task-update-intergration-sync-20260826/runs/kimi-k2.6-lite/core200_20260826/run_01/173_android_only_223,worker-worktrees/all-task-update-intergration-sync-20260826/runs/kimi-k2.6-lite/core200_20260826/run_01/run_metadata.json,worker-worktrees/all-task-update-intergration-sync-20260826/runs/kimi-k2.6-lite/core200_20260826/run_01/173_android_only_223/config/task.json,formal_run_01: formal runner summary; archived incomplete attempts excluded,FAIL,FAIL,recorded_automatic_result; no applicable confirmed rescoring record located,0,0,selected-attempt result.json; no new scoring or reinterpretation,24,1822.819,time_limit,2,android,android_0:android;android_1:android,worker-worktrees/all-task-update-intergration-sync-20260826/runs/kimi-k2.6-lite/core200_20260826/experiment_metadata.json,worker-worktrees/all-task-update-intergration-sync-20260826/runs/kimi-k2.6-lite/core200_20260826/run_01/summary.json,worker-worktrees/all-task-update-intergration-sync-20260826/runs/kimi-k2.6-lite/core200_20260826/run_01/173_android_only_223/result.json,1e053e2cf7955b4a2c4aafbe5136ea918276eaec,completed,formal_run_01,true,true,true,true
Kimi K2.6,android_only_247,174,worker-worktrees/all-task-update-intergration-sync-20260826/runs/kimi-k2.6-lite/core200_20260826/run_01/174_android_only_247,worker-worktrees/all-task-update-intergration-sync-20260826/runs/kimi-k2.6-lite/core200_20260826/run_01/run_metadata.json,worker-worktrees/all-task-update-intergration-sync-20260826/runs/kimi-k2.6-lite/core200_20260826/run_01/174_android_only_247/config/task.json,formal_run_01: formal runner summary; archived incomplete attempts excluded,FAIL,FAIL,recorded_automatic_result; no applicable confirmed rescoring record located,0.5,0.5,selected-attempt result.json; no new scoring or reinterpretation,21,1831.091,time_limit,2,android,android_0:android;android_1:android,worker-worktrees/all-task-update-intergration-sync-20260826/runs/kimi-k2.6-lite/core200_20260826/experiment_metadata.json,worker-worktrees/all-task-update-intergration-sync-20260826/runs/kimi-k2.6-lite/core200_20260826/run_01/summary.json,worker-worktrees/all-task-update-intergration-sync-20260826/runs/kimi-k2.6-lite/core200_20260826/run_01/174_android_only_247/result.json,1e053e2cf7955b4a2c4aafbe5136ea918276eaec,completed,formal_run_01,true,true,true,true
Kimi K2.6,android_only_270,175,worker-worktrees/all-task-update-intergration-sync-20260826/runs/kimi-k2.6-lite/core200_20260826/run_01/175_android_only_270,worker-worktrees/all-task-update-intergration-sync-20260826/runs/kimi-k2.6-lite/core200_20260826/run_01/run_metadata.json,worker-worktrees/all-task-update-intergration-sync-20260826/runs/kimi-k2.6-lite/core200_20260826/run_01/175_android_only_270/config/task.json,formal_run_01: formal runner summary; archived incomplete attempts excluded,FAIL,FAIL,recorded_automatic_result; no applicable confirmed rescoring record located,0,0,selected-attempt result.json; no new scoring or reinterpretation,34,2053.635,time_limit,2,android,android_0:android;android_1:android,worker-worktrees/all-task-update-intergration-sync-20260826/runs/kimi-k2.6-lite/core200_20260826/experiment_metadata.json,worker-worktrees/all-task-update-intergration-sync-20260826/runs/kimi-k2.6-lite/core200_20260826/run_01/summary.json,worker-worktrees/all-task-update-intergration-sync-20260826/runs/kimi-k2.6-lite/core200_20260826/run_01/175_android_only_270/result.json,1e053e2cf7955b4a2c4aafbe5136ea918276eaec,completed,formal_run_01,true,true,true,true
Kimi K2.6,linux_only_279,176,worker-worktrees/all-task-update-intergration-sync-20260826/runs/kimi-k2.6-lite/core200_20260826/run_01/176_linux_only_279,worker-worktrees/all-task-update-intergration-sync-20260826/runs/kimi-k2.6-lite/core200_20260826/run_01/run_metadata.json,worker-worktrees/all-task-update-intergration-sync-20260826/runs/kimi-k2.6-lite/core200_20260826/run_01/176_linux_only_279/config/task.json,formal_run_01: formal runner summary; archived incomplete attempts excluded,FAIL,FAIL,recorded_automatic_result; no applicable confirmed rescoring record located,0,0,selected-attempt result.json; no new scoring or reinterpretation,4,220.965,done,2,linux,linux_0:linux;linux_1:linux,worker-worktrees/all-task-update-intergration-sync-20260826/runs/kimi-k2.6-lite/core200_20260826/experiment_metadata.json,worker-worktrees/all-task-update-intergration-sync-20260826/runs/kimi-k2.6-lite/core200_20260826/run_01/summary.json,worker-worktrees/all-task-update-intergration-sync-20260826/runs/kimi-k2.6-lite/core200_20260826/run_01/176_linux_only_279/result.json,1e053e2cf7955b4a2c4aafbe5136ea918276eaec,completed,formal_run_01,true,true,true,true
Kimi K2.6,linux_only_305,177,worker-worktrees/all-task-update-intergration-sync-20260826/runs/kimi-k2.6-lite/core200_20260826/run_01/177_linux_only_305,worker-worktrees/all-task-update-intergration-sync-20260826/runs/kimi-k2.6-lite/core200_20260826/run_01/run_metadata.json,worker-worktrees/all-task-update-intergration-sync-20260826/runs/kimi-k2.6-lite/core200_20260826/run_01/177_linux_only_305/config/task.json,formal_run_01: formal runner summary; archived incomplete attempts excluded,PASS,PASS,recorded_automatic_result; no applicable confirmed rescoring record located,1,1,selected-attempt result.json; no new scoring or reinterpretation,7,380.267,done,2,linux,linux_0:linux;linux_1:linux,worker-worktrees/all-task-update-intergration-sync-20260826/runs/kimi-k2.6-lite/core200_20260826/experiment_metadata.json,worker-worktrees/all-task-update-intergration-sync-20260826/runs/kimi-k2.6-lite/core200_20260826/run_01/summary.json,worker-worktrees/all-task-update-intergration-sync-20260826/runs/kimi-k2.6-lite/core200_20260826/run_01/177_linux_only_305/result.json,1e053e2cf7955b4a2c4aafbe5136ea918276eaec,completed,formal_run_01,true,true,true,true
Kimi K2.6,linux_only_249,178,worker-worktrees/all-task-update-intergration-sync-20260826/runs/kimi-k2.6-lite/core200_20260826/run_01/178_linux_only_249,worker-worktrees/all-task-update-intergration-sync-20260826/runs/kimi-k2.6-lite/core200_20260826/run_01/run_metadata.json,worker-worktrees/all-task-update-intergration-sync-20260826/runs/kimi-k2.6-lite/core200_20260826/run_01/178_linux_only_249/config/task.json,formal_run_01: formal runner summary; archived incomplete attempts excluded,PASS,PASS,recorded_automatic_result; no applicable confirmed rescoring record located,1,1,selected-attempt result.json; no new scoring or reinterpretation,6,208.265,done,2,linux,linux_0:linux;linux_1:linux,worker-worktrees/all-task-update-intergration-sync-20260826/runs/kimi-k2.6-lite/core200_20260826/experiment_metadata.json,worker-worktrees/all-task-update-intergration-sync-20260826/runs/kimi-k2.6-lite/core200_20260826/run_01/summary.json,worker-worktrees/all-task-update-intergration-sync-20260826/runs/kimi-k2.6-lite/core200_20260826/run_01/178_linux_only_249/result.json,1e053e2cf7955b4a2c4aafbe5136ea918276eaec,completed,formal_run_01,true,true,true,true
Kimi K2.6,linux_only_224,179,worker-worktrees/all-task-update-intergration-sync-20260826/runs/kimi-k2.6-lite/core200_20260826/run_01/179_linux_only_224,worker-worktrees/all-task-update-intergration-sync-20260826/runs/kimi-k2.6-lite/core200_20260826/run_01/run_metadata.json,worker-worktrees/all-task-update-intergration-sync-20260826/runs/kimi-k2.6-lite/core200_20260826/run_01/179_linux_only_224/config/task.json,formal_run_01: formal runner summary; archived incomplete attempts excluded,FAIL,FAIL,recorded_automatic_result; no applicable confirmed rescoring record located,0,0,selected-attempt result.json; no new scoring or reinterpretation,5,259.088,done,2,linux,linux_0:linux;linux_1:linux,worker-worktrees/all-task-update-intergration-sync-20260826/runs/kimi-k2.6-lite/core200_20260826/experiment_metadata.json,worker-worktrees/all-task-update-intergration-sync-20260826/runs/kimi-k2.6-lite/core200_20260826/run_01/summary.json,worker-worktrees/all-task-update-intergration-sync-20260826/runs/kimi-k2.6-lite/core200_20260826/run_01/179_linux_only_224/result.json,1e053e2cf7955b4a2c4aafbe5136ea918276eaec,completed,formal_run_01,true,true,true,true
Kimi K2.6,linux_only_298,180,worker-worktrees/all-task-update-intergration-sync-20260826/runs/kimi-k2.6-lite/core200_20260826/run_01/180_linux_only_298,worker-worktrees/all-task-update-intergration-sync-20260826/runs/kimi-k2.6-lite/core200_20260826/run_01/run_metadata.json,worker-worktrees/all-task-update-intergration-sync-20260826/runs/kimi-k2.6-lite/core200_20260826/run_01/180_linux_only_298/config/task.json,formal_run_01: formal runner summary; archived incomplete attempts excluded,PASS,PASS,recorded_automatic_result; no applicable confirmed rescoring record located,1,1,selected-attempt result.json; no new scoring or reinterpretation,5,188.936,done,2,linux,linux_0:linux;linux_1:linux,worker-worktrees/all-task-update-intergration-sync-20260826/runs/kimi-k2.6-lite/core200_20260826/experiment_metadata.json,worker-worktrees/all-task-update-intergration-sync-20260826/runs/kimi-k2.6-lite/core200_20260826/run_01/summary.json,worker-worktrees/all-task-update-intergration-sync-20260826/runs/kimi-k2.6-lite/core200_20260826/run_01/180_linux_only_298/result.json,1e053e2cf7955b4a2c4aafbe5136ea918276eaec,completed,formal_run_01,true,true,true,true
Kimi K2.6,linux_only_218,181,worker-worktrees/all-task-update-intergration-sync-20260826/runs/kimi-k2.6-lite/core200_20260826/run_01/181_linux_only_218,worker-worktrees/all-task-update-intergration-sync-20260826/runs/kimi-k2.6-lite/core200_20260826/run_01/run_metadata.json,worker-worktrees/all-task-update-intergration-sync-20260826/runs/kimi-k2.6-lite/core200_20260826/run_01/181_linux_only_218/config/task.json,formal_run_01: formal runner summary; archived incomplete attempts excluded,FAIL,FAIL,recorded_automatic_result; no applicable confirmed rescoring record located,0.5,0.5,selected-attempt result.json; no new scoring or reinterpretation,5,215.414,done,2,linux,linux_0:linux;linux_1:linux,worker-worktrees/all-task-update-intergration-sync-20260826/runs/kimi-k2.6-lite/core200_20260826/experiment_metadata.json,worker-worktrees/all-task-update-intergration-sync-20260826/runs/kimi-k2.6-lite/core200_20260826/run_01/summary.json,worker-worktrees/all-task-update-intergration-sync-20260826/runs/kimi-k2.6-lite/core200_20260826/run_01/181_linux_only_218/result.json,1e053e2cf7955b4a2c4aafbe5136ea918276eaec,completed,formal_run_01,true,true,true,true
Kimi K2.6,linux_only_259,182,worker-worktrees/all-task-update-intergration-sync-20260826/runs/kimi-k2.6-lite/core200_20260826/run_01/182_linux_only_259,worker-worktrees/all-task-update-intergration-sync-20260826/runs/kimi-k2.6-lite/core200_20260826/run_01/run_metadata.json,worker-worktrees/all-task-update-intergration-sync-20260826/runs/kimi-k2.6-lite/core200_20260826/run_01/182_linux_only_259/config/task.json,formal_run_01: formal runner summary; archived incomplete attempts excluded,PASS,PASS,recorded_automatic_result; no applicable confirmed rescoring record located,1,1,selected-attempt result.json; no new scoring or reinterpretation,7,306.458,done,2,linux,linux_0:linux;linux_1:linux,worker-worktrees/all-task-update-intergration-sync-20260826/runs/kimi-k2.6-lite/core200_20260826/experiment_metadata.json,worker-worktrees/all-task-update-intergration-sync-20260826/runs/kimi-k2.6-lite/core200_20260826/run_01/summary.json,worker-worktrees/all-task-update-intergration-sync-20260826/runs/kimi-k2.6-lite/core200_20260826/run_01/182_linux_only_259/result.json,1e053e2cf7955b4a2c4aafbe5136ea918276eaec,completed,formal_run_01,true,true,true,true
Kimi K2.6,linux_only_295,183,worker-worktrees/all-task-update-intergration-sync-20260826/runs/kimi-k2.6-lite/core200_20260826/run_01/183_linux_only_295,worker-worktrees/all-task-update-intergration-sync-20260826/runs/kimi-k2.6-lite/core200_20260826/run_01/run_metadata.json,worker-worktrees/all-task-update-intergration-sync-20260826/runs/kimi-k2.6-lite/core200_20260826/run_01/183_linux_only_295/config/task.json,formal_run_01: formal runner summary; archived incomplete attempts excluded,FAIL,FAIL,recorded_automatic_result; no applicable confirmed rescoring record located,0.5,0.5,selected-attempt result.json; no new scoring or reinterpretation,5,278.27,done,2,linux,linux_0:linux;linux_1:linux,worker-worktrees/all-task-update-intergration-sync-20260826/runs/kimi-k2.6-lite/core200_20260826/experiment_metadata.json,worker-worktrees/all-task-update-intergration-sync-20260826/runs/kimi-k2.6-lite/core200_20260826/run_01/summary.json,worker-worktrees/all-task-update-intergration-sync-20260826/runs/kimi-k2.6-lite/core200_20260826/run_01/183_linux_only_295/result.json,1e053e2cf7955b4a2c4aafbe5136ea918276eaec,completed,formal_run_01,true,true,true,true
Kimi K2.6,linux_only_313,184,worker-worktrees/all-task-update-intergration-sync-20260826/runs/kimi-k2.6-lite/core200_20260826/run_01/184_linux_only_313,worker-worktrees/all-task-update-intergration-sync-20260826/runs/kimi-k2.6-lite/core200_20260826/run_01/run_metadata.json,worker-worktrees/all-task-update-intergration-sync-20260826/runs/kimi-k2.6-lite/core200_20260826/run_01/184_linux_only_313/config/task.json,formal_run_01: formal runner summary; archived incomplete attempts excluded,PASS,PASS,recorded_automatic_result; no applicable confirmed rescoring record located,1,1,selected-attempt result.json; no new scoring or reinterpretation,37,1501.388,done,2,linux,linux_0:linux;linux_1:linux,worker-worktrees/all-task-update-intergration-sync-20260826/runs/kimi-k2.6-lite/core200_20260826/experiment_metadata.json,worker-worktrees/all-task-update-intergration-sync-20260826/runs/kimi-k2.6-lite/core200_20260826/run_01/summary.json,worker-worktrees/all-task-update-intergration-sync-20260826/runs/kimi-k2.6-lite/core200_20260826/run_01/184_linux_only_313/result.json,1e053e2cf7955b4a2c4aafbe5136ea918276eaec,completed,formal_run_01,true,true,true,true
Kimi K2.6,linux_only_275,185,worker-worktrees/all-task-update-intergration-sync-20260826/runs/kimi-k2.6-lite/core200_20260826/run_01/185_linux_only_275,worker-worktrees/all-task-update-intergration-sync-20260826/runs/kimi-k2.6-lite/core200_20260826/run_01/run_metadata.json,worker-worktrees/all-task-update-intergration-sync-20260826/runs/kimi-k2.6-lite/core200_20260826/run_01/185_linux_only_275/config/task.json,formal_run_01: formal runner summary; archived incomplete attempts excluded,FAIL,FAIL,recorded_automatic_result; no applicable confirmed rescoring record located,0,0,selected-attempt result.json; no new scoring or reinterpretation,5,219.598,done,2,linux,linux_0:linux;linux_1:linux,worker-worktrees/all-task-update-intergration-sync-20260826/runs/kimi-k2.6-lite/core200_20260826/experiment_metadata.json,worker-worktrees/all-task-update-intergration-sync-20260826/runs/kimi-k2.6-lite/core200_20260826/run_01/summary.json,worker-worktrees/all-task-update-intergration-sync-20260826/runs/kimi-k2.6-lite/core200_20260826/run_01/185_linux_only_275/result.json,1e053e2cf7955b4a2c4aafbe5136ea918276eaec,completed,formal_run_01,true,true,true,true
Kimi K2.6,linux_only_283,186,worker-worktrees/all-task-update-intergration-sync-20260826/runs/kimi-k2.6-lite/core200_20260826/run_01/186_linux_only_283,worker-worktrees/all-task-update-intergration-sync-20260826/runs/kimi-k2.6-lite/core200_20260826/run_01/run_metadata.json,worker-worktrees/all-task-update-intergration-sync-20260826/runs/kimi-k2.6-lite/core200_20260826/run_01/186_linux_only_283/config/task.json,formal_run_01: formal runner summary; archived incomplete attempts excluded,FAIL,FAIL,recorded_automatic_result; no applicable confirmed rescoring record located,0,0,selected-attempt result.json; no new scoring or reinterpretation,7,276.325,done,2,linux,linux_0:linux;linux_1:linux,worker-worktrees/all-task-update-intergration-sync-20260826/runs/kimi-k2.6-lite/core200_20260826/experiment_metadata.json,worker-worktrees/all-task-update-intergration-sync-20260826/runs/kimi-k2.6-lite/core200_20260826/run_01/summary.json,worker-worktrees/all-task-update-intergration-sync-20260826/runs/kimi-k2.6-lite/core200_20260826/run_01/186_linux_only_283/result.json,1e053e2cf7955b4a2c4aafbe5136ea918276eaec,completed,formal_run_01,true,true,true,true
Kimi K2.6,linux_only_300,187,worker-worktrees/all-task-update-intergration-sync-20260826/runs/kimi-k2.6-lite/core200_20260826/run_01/187_linux_only_300,worker-worktrees/all-task-update-intergration-sync-20260826/runs/kimi-k2.6-lite/core200_20260826/run_01/run_metadata.json,worker-worktrees/all-task-update-intergration-sync-20260826/runs/kimi-k2.6-lite/core200_20260826/run_01/187_linux_only_300/config/task.json,formal_run_01: formal runner summary; archived incomplete attempts excluded,FAIL,FAIL,recorded_automatic_result; no applicable confirmed rescoring record located,0.3333333333333333,0.3333333333333333,selected-attempt result.json; no new scoring or reinterpretation,5,218.484,done,2,linux,linux_0:linux;linux_1:linux,worker-worktrees/all-task-update-intergration-sync-20260826/runs/kimi-k2.6-lite/core200_20260826/experiment_metadata.json,worker-worktrees/all-task-update-intergration-sync-20260826/runs/kimi-k2.6-lite/core200_20260826/run_01/summary.json,worker-worktrees/all-task-update-intergration-sync-20260826/runs/kimi-k2.6-lite/core200_20260826/run_01/187_linux_only_300/result.json,1e053e2cf7955b4a2c4aafbe5136ea918276eaec,completed,formal_run_01,true,true,true,true
Kimi K2.6,linux_only_251,188,worker-worktrees/all-task-update-intergration-sync-20260826/runs/kimi-k2.6-lite/core200_20260826/run_01/188_linux_only_251,worker-worktrees/all-task-update-intergration-sync-20260826/runs/kimi-k2.6-lite/core200_20260826/run_01/run_metadata.json,worker-worktrees/all-task-update-intergration-sync-20260826/runs/kimi-k2.6-lite/core200_20260826/run_01/188_linux_only_251/config/task.json,formal_run_01: formal runner summary; archived incomplete attempts excluded,PASS,PASS,recorded_automatic_result; no applicable confirmed rescoring record located,1,1,selected-attempt result.json; no new scoring or reinterpretation,7,276.9,done,2,linux,linux_0:linux;linux_1:linux,worker-worktrees/all-task-update-intergration-sync-20260826/runs/kimi-k2.6-lite/core200_20260826/experiment_metadata.json,worker-worktrees/all-task-update-intergration-sync-20260826/runs/kimi-k2.6-lite/core200_20260826/run_01/summary.json,worker-worktrees/all-task-update-intergration-sync-20260826/runs/kimi-k2.6-lite/core200_20260826/run_01/188_linux_only_251/result.json,1e053e2cf7955b4a2c4aafbe5136ea918276eaec,completed,formal_run_01,true,true,true,true
Kimi K2.6,linux_only_327,189,worker-worktrees/all-task-update-intergration-sync-20260826/runs/kimi-k2.6-lite/core200_20260826/run_01/189_linux_only_327,worker-worktrees/all-task-update-intergration-sync-20260826/runs/kimi-k2.6-lite/core200_20260826/run_01/run_metadata.json,worker-worktrees/all-task-update-intergration-sync-20260826/runs/kimi-k2.6-lite/core200_20260826/run_01/189_linux_only_327/config/task.json,formal_run_01: formal runner summary; archived incomplete attempts excluded,PASS,PASS,recorded_automatic_result; no applicable confirmed rescoring record located,1,1,selected-attempt result.json; no new scoring or reinterpretation,7,278.31,done,2,linux,linux_0:linux;linux_1:linux,worker-worktrees/all-task-update-intergration-sync-20260826/runs/kimi-k2.6-lite/core200_20260826/experiment_metadata.json,worker-worktrees/all-task-update-intergration-sync-20260826/runs/kimi-k2.6-lite/core200_20260826/run_01/summary.json,worker-worktrees/all-task-update-intergration-sync-20260826/runs/kimi-k2.6-lite/core200_20260826/run_01/189_linux_only_327/result.json,1e053e2cf7955b4a2c4aafbe5136ea918276eaec,completed,formal_run_01,true,true,true,true
Kimi K2.6,linux_only_331,190,worker-worktrees/all-task-update-intergration-sync-20260826/runs/kimi-k2.6-lite/core200_20260826/run_01/190_linux_only_331,worker-worktrees/all-task-update-intergration-sync-20260826/runs/kimi-k2.6-lite/core200_20260826/run_01/run_metadata.json,worker-worktrees/all-task-update-intergration-sync-20260826/runs/kimi-k2.6-lite/core200_20260826/run_01/190_linux_only_331/config/task.json,formal_run_01: formal runner summary; archived incomplete attempts excluded,PASS,PASS,recorded_automatic_result; no applicable confirmed rescoring record located,1,1,selected-attempt result.json; no new scoring or reinterpretation,4,190.803,done,2,linux,linux_0:linux;linux_1:linux,worker-worktrees/all-task-update-intergration-sync-20260826/runs/kimi-k2.6-lite/core200_20260826/experiment_metadata.json,worker-worktrees/all-task-update-intergration-sync-20260826/runs/kimi-k2.6-lite/core200_20260826/run_01/summary.json,worker-worktrees/all-task-update-intergration-sync-20260826/runs/kimi-k2.6-lite/core200_20260826/run_01/190_linux_only_331/result.json,1e053e2cf7955b4a2c4aafbe5136ea918276eaec,completed,formal_run_01,true,true,true,true
Kimi K2.6,sh2_implicit_intent_nursery_air_comfort_infeasible_0011,191,worker-worktrees/all-task-update-intergration-sync-20260826/runs/kimi-k2.6-lite/core200_20260826/run_01/191_sh2_implicit_intent_nursery_air_comfort_infeasible_0011,worker-worktrees/all-task-update-intergration-sync-20260826/runs/kimi-k2.6-lite/core200_20260826/run_01/run_metadata.json,worker-worktrees/all-task-update-intergration-sync-20260826/runs/kimi-k2.6-lite/core200_20260826/run_01/191_sh2_implicit_intent_nursery_air_comfort_infeasible_0011/config/task.json,formal_run_01: formal runner summary; archived incomplete attempts excluded,FAIL,FAIL,recorded_automatic_result; no applicable confirmed rescoring record located,0,0,selected-attempt result.json; no new scoring or reinterpretation,5,277.046,done,1,home,home_0:home,worker-worktrees/all-task-update-intergration-sync-20260826/runs/kimi-k2.6-lite/core200_20260826/experiment_metadata.json,worker-worktrees/all-task-update-intergration-sync-20260826/runs/kimi-k2.6-lite/core200_20260826/run_01/summary.json,worker-worktrees/all-task-update-intergration-sync-20260826/runs/kimi-k2.6-lite/core200_20260826/run_01/191_sh2_implicit_intent_nursery_air_comfort_infeasible_0011/result.json,1e053e2cf7955b4a2c4aafbe5136ea918276eaec,completed,formal_run_01,true,true,true,true
Kimi K2.6,sh3_explicit_control_plain_light_dimming_infeasible_0013,192,worker-worktrees/all-task-update-intergration-sync-20260826/runs/kimi-k2.6-lite/core200_20260826/run_01/192_sh3_explicit_control_plain_light_dimming_infeasible_0013,worker-worktrees/all-task-update-intergration-sync-20260826/runs/kimi-k2.6-lite/core200_20260826/run_01/run_metadata.json,worker-worktrees/all-task-update-intergration-sync-20260826/runs/kimi-k2.6-lite/core200_20260826/run_01/192_sh3_explicit_control_plain_light_dimming_infeasible_0013/config/task.json,formal_run_01: formal runner summary; archived incomplete attempts excluded,FAIL,FAIL,recorded_automatic_result; no applicable confirmed rescoring record located,0,0,selected-attempt result.json; no new scoring or reinterpretation,2,116.34,done,1,home,home_0:home,worker-worktrees/all-task-update-intergration-sync-20260826/runs/kimi-k2.6-lite/core200_20260826/experiment_metadata.json,worker-worktrees/all-task-update-intergration-sync-20260826/runs/kimi-k2.6-lite/core200_20260826/run_01/summary.json,worker-worktrees/all-task-update-intergration-sync-20260826/runs/kimi-k2.6-lite/core200_20260826/run_01/192_sh3_explicit_control_plain_light_dimming_infeasible_0013/result.json,1e053e2cf7955b4a2c4aafbe5136ea918276eaec,completed,formal_run_01,true,true,true,true
Kimi K2.6,sh4_time_schedule_study_focus_sequence_feasible_0030,193,worker-worktrees/all-task-update-intergration-sync-20260826/runs/kimi-k2.6-lite/core200_20260826/run_01/193_sh4_time_schedule_study_focus_sequence_feasible_0030,worker-worktrees/all-task-update-intergration-sync-20260826/runs/kimi-k2.6-lite/core200_20260826/run_01/run_metadata.json,worker-worktrees/all-task-update-intergration-sync-20260826/runs/kimi-k2.6-lite/core200_20260826/run_01/193_sh4_time_schedule_study_focus_sequence_feasible_0030/config/task.json,formal_run_01: formal runner summary; archived incomplete attempts excluded,PASS,PASS,recorded_automatic_result; no applicable confirmed rescoring record located,1,1,selected-attempt result.json; no new scoring or reinterpretation,3,67.923,done,1,home,home_0:home,worker-worktrees/all-task-update-intergration-sync-20260826/runs/kimi-k2.6-lite/core200_20260826/experiment_metadata.json,worker-worktrees/all-task-update-intergration-sync-20260826/runs/kimi-k2.6-lite/core200_20260826/run_01/summary.json,worker-worktrees/all-task-update-intergration-sync-20260826/runs/kimi-k2.6-lite/core200_20260826/run_01/193_sh4_time_schedule_study_focus_sequence_feasible_0030/result.json,1e053e2cf7955b4a2c4aafbe5136ea918276eaec,completed,formal_run_01,true,true,true,true
Kimi K2.6,sh1_state_inquiry_bedroom_energy_query_infeasible_0012,194,worker-worktrees/all-task-update-intergration-sync-20260826/runs/kimi-k2.6-lite/core200_20260826/run_01/194_sh1_state_inquiry_bedroom_energy_query_infeasible_0012,worker-worktrees/all-task-update-intergration-sync-20260826/runs/kimi-k2.6-lite/core200_20260826/run_01/run_metadata.json,worker-worktrees/all-task-update-intergration-sync-20260826/runs/kimi-k2.6-lite/core200_20260826/run_01/194_sh1_state_inquiry_bedroom_energy_query_infeasible_0012/config/task.json,formal_run_01: formal runner summary; archived incomplete attempts excluded,PASS,PASS,recorded_automatic_result; no applicable confirmed rescoring record located,1,1,selected-attempt result.json; no new scoring or reinterpretation,2,102.16,done,1,home,home_0:home,worker-worktrees/all-task-update-intergration-sync-20260826/runs/kimi-k2.6-lite/core200_20260826/experiment_metadata.json,worker-worktrees/all-task-update-intergration-sync-20260826/runs/kimi-k2.6-lite/core200_20260826/run_01/summary.json,worker-worktrees/all-task-update-intergration-sync-20260826/runs/kimi-k2.6-lite/core200_20260826/run_01/194_sh1_state_inquiry_bedroom_energy_query_infeasible_0012/result.json,1e053e2cf7955b4a2c4aafbe5136ea918276eaec,completed,formal_run_01,true,true,true,true
Kimi K2.6,sh4_time_schedule_missing_balcony_light_infeasible_0014,195,worker-worktrees/all-task-update-intergration-sync-20260826/runs/kimi-k2.6-lite/core200_20260826/run_01/195_sh4_time_schedule_missing_balcony_light_infeasible_0014,worker-worktrees/all-task-update-intergration-sync-20260826/runs/kimi-k2.6-lite/core200_20260826/run_01/run_metadata.json,worker-worktrees/all-task-update-intergration-sync-20260826/runs/kimi-k2.6-lite/core200_20260826/run_01/195_sh4_time_schedule_missing_balcony_light_infeasible_0014/config/task.json,formal_run_01: formal runner summary; archived incomplete attempts excluded,PASS,PASS,recorded_automatic_result; no applicable confirmed rescoring record located,1,1,selected-attempt result.json; no new scoring or reinterpretation,3,250.488,done,1,home,home_0:home,worker-worktrees/all-task-update-intergration-sync-20260826/runs/kimi-k2.6-lite/core200_20260826/experiment_metadata.json,worker-worktrees/all-task-update-intergration-sync-20260826/runs/kimi-k2.6-lite/core200_20260826/run_01/summary.json,worker-worktrees/all-task-update-intergration-sync-20260826/runs/kimi-k2.6-lite/core200_20260826/run_01/195_sh4_time_schedule_missing_balcony_light_infeasible_0014/result.json,1e053e2cf7955b4a2c4aafbe5136ea918276eaec,completed,formal_run_01,true,true,true,true
Kimi K2.6,sh3_explicit_control_close_living_curtain_feasible_0001,196,worker-worktrees/all-task-update-intergration-sync-20260826/runs/kimi-k2.6-lite/core200_20260826/run_01/196_sh3_explicit_control_close_living_curtain_feasible_0001,worker-worktrees/all-task-update-intergration-sync-20260826/runs/kimi-k2.6-lite/core200_20260826/run_01/run_metadata.json,worker-worktrees/all-task-update-intergration-sync-20260826/runs/kimi-k2.6-lite/core200_20260826/run_01/196_sh3_explicit_control_close_living_curtain_feasible_0001/config/task.json,formal_run_01: formal runner summary; archived incomplete attempts excluded,PASS,PASS,recorded_automatic_result; no applicable confirmed rescoring record located,1,1,selected-attempt result.json; no new scoring or reinterpretation,2,19.757,done,1,home,home_0:home,worker-worktrees/all-task-update-intergration-sync-20260826/runs/kimi-k2.6-lite/core200_20260826/experiment_metadata.json,worker-worktrees/all-task-update-intergration-sync-20260826/runs/kimi-k2.6-lite/core200_20260826/run_01/summary.json,worker-worktrees/all-task-update-intergration-sync-20260826/runs/kimi-k2.6-lite/core200_20260826/run_01/196_sh3_explicit_control_close_living_curtain_feasible_0001/result.json,1e053e2cf7955b4a2c4aafbe5136ea918276eaec,completed,formal_run_01,true,true,true,true
Kimi K2.6,sh4_time_schedule_living_ac_temperature_feasible_0032,197,worker-worktrees/all-task-update-intergration-sync-20260826/runs/kimi-k2.6-lite/core200_20260826/run_01/197_sh4_time_schedule_living_ac_temperature_feasible_0032,worker-worktrees/all-task-update-intergration-sync-20260826/runs/kimi-k2.6-lite/core200_20260826/run_01/run_metadata.json,worker-worktrees/all-task-update-intergration-sync-20260826/runs/kimi-k2.6-lite/core200_20260826/run_01/197_sh4_time_schedule_living_ac_temperature_feasible_0032/config/task.json,formal_run_01: formal runner summary; archived incomplete attempts excluded,PASS,PASS,recorded_automatic_result; no applicable confirmed rescoring record located,1,1,selected-attempt result.json; no new scoring or reinterpretation,2,33.263,done,1,home,home_0:home,worker-worktrees/all-task-update-intergration-sync-20260826/runs/kimi-k2.6-lite/core200_20260826/experiment_metadata.json,worker-worktrees/all-task-update-intergration-sync-20260826/runs/kimi-k2.6-lite/core200_20260826/run_01/summary.json,worker-worktrees/all-task-update-intergration-sync-20260826/runs/kimi-k2.6-lite/core200_20260826/run_01/197_sh4_time_schedule_living_ac_temperature_feasible_0032/result.json,1e053e2cf7955b4a2c4aafbe5136ea918276eaec,completed,formal_run_01,true,true,true,true
Kimi K2.6,sh1_state_inquiry_bathroom_humidity_feasible_0001,198,worker-worktrees/all-task-update-intergration-sync-20260826/runs/kimi-k2.6-lite/core200_20260826/run_01/198_sh1_state_inquiry_bathroom_humidity_feasible_0001,worker-worktrees/all-task-update-intergration-sync-20260826/runs/kimi-k2.6-lite/core200_20260826/run_01/run_metadata.json,worker-worktrees/all-task-update-intergration-sync-20260826/runs/kimi-k2.6-lite/core200_20260826/run_01/198_sh1_state_inquiry_bathroom_humidity_feasible_0001/config/task.json,formal_run_01: formal runner summary; archived incomplete attempts excluded,PASS,PASS,recorded_automatic_result; no applicable confirmed rescoring record located,1,1,selected-attempt result.json; no new scoring or reinterpretation,3,65.396,done,1,home,home_0:home,worker-worktrees/all-task-update-intergration-sync-20260826/runs/kimi-k2.6-lite/core200_20260826/experiment_metadata.json,worker-worktrees/all-task-update-intergration-sync-20260826/runs/kimi-k2.6-lite/core200_20260826/run_01/summary.json,worker-worktrees/all-task-update-intergration-sync-20260826/runs/kimi-k2.6-lite/core200_20260826/run_01/198_sh1_state_inquiry_bathroom_humidity_feasible_0001/result.json,1e053e2cf7955b4a2c4aafbe5136ea918276eaec,completed,formal_run_01,true,true,true,true
Kimi K2.6,sh5_event_schedule_plain_light_dim_after_dryer_infeasible_0016,199,worker-worktrees/all-task-update-intergration-sync-20260826/runs/kimi-k2.6-lite/core200_20260826/run_01/199_sh5_event_schedule_plain_light_dim_after_dryer_infeasible_0016,worker-worktrees/all-task-update-intergration-sync-20260826/runs/kimi-k2.6-lite/core200_20260826/run_01/run_metadata.json,worker-worktrees/all-task-update-intergration-sync-20260826/runs/kimi-k2.6-lite/core200_20260826/run_01/199_sh5_event_schedule_plain_light_dim_after_dryer_infeasible_0016/config/task.json,formal_run_01: formal runner summary; archived incomplete attempts excluded,FAIL,FAIL,recorded_automatic_result; no applicable confirmed rescoring record located,0.5,0.5,selected-attempt result.json; no new scoring or reinterpretation,3,84.243,done,1,home,home_0:home,worker-worktrees/all-task-update-intergration-sync-20260826/runs/kimi-k2.6-lite/core200_20260826/experiment_metadata.json,worker-worktrees/all-task-update-intergration-sync-20260826/runs/kimi-k2.6-lite/core200_20260826/run_01/summary.json,worker-worktrees/all-task-update-intergration-sync-20260826/runs/kimi-k2.6-lite/core200_20260826/run_01/199_sh5_event_schedule_plain_light_dim_after_dryer_infeasible_0016/result.json,1e053e2cf7955b4a2c4aafbe5136ea918276eaec,completed,formal_run_01,true,true,true,true
Kimi K2.6,sh6_coordinated_schedule_missing_guest_room_workflow_infeasible_0016,200,worker-worktrees/all-task-update-intergration-sync-20260826/runs/kimi-k2.6-lite/core200_20260826/run_01/200_sh6_coordinated_schedule_missing_guest_room_workflow_infeasible_0016,worker-worktrees/all-task-update-intergration-sync-20260826/runs/kimi-k2.6-lite/core200_20260826/run_01/run_metadata.json,worker-worktrees/all-task-update-intergration-sync-20260826/runs/kimi-k2.6-lite/core200_20260826/run_01/200_sh6_coordinated_schedule_missing_guest_room_workflow_infeasible_0016/config/task.json,formal_run_01: formal runner summary; archived incomplete attempts excluded,FAIL,FAIL,recorded_automatic_result; no applicable confirmed rescoring record located,0.5,0.5,selected-attempt result.json; no new scoring or reinterpretation,2,47.324,done,1,home,home_0:home,worker-worktrees/all-task-update-intergration-sync-20260826/runs/kimi-k2.6-lite/core200_20260826/experiment_metadata.json,worker-worktrees/all-task-update-intergration-sync-20260826/runs/kimi-k2.6-lite/core200_20260826/run_01/summary.json,worker-worktrees/all-task-update-intergration-sync-20260826/runs/kimi-k2.6-lite/core200_20260826/run_01/200_sh6_coordinated_schedule_missing_guest_room_workflow_infeasible_0016/result.json,1e053e2cf7955b4a2c4aafbe5136ea918276eaec,completed,formal_run_01,true,true,true,true
Doubao-Seed-2.0-Pro,a2l2_meeting_packet_full,1,worker-worktrees/all-task-update-intergration-sync-20260826/runs/doubao-seed-2.0-pro-lite/core200_20260830/run_01/001_a2l2_meeting_packet_full,worker-worktrees/all-task-update-intergration-sync-20260826/runs/doubao-seed-2.0-pro-lite/core200_20260830/run_01/run_metadata.json,worker-worktrees/all-task-update-intergration-sync-20260826/runs/doubao-seed-2.0-pro-lite/core200_20260830/run_01/001_a2l2_meeting_packet_full/config/task.json,formal_run_01: formal runner summary; archived incomplete attempts excluded,FAIL,FAIL,recorded_automatic_result; no applicable confirmed rescoring record located,0,0,selected-attempt result.json; no new scoring or reinterpretation,26,1820.617,time_limit,4,android+linux,android_0:android;android_1:android;linux_0:linux;linux_1:linux,worker-worktrees/all-task-update-intergration-sync-20260826/runs/doubao-seed-2.0-pro-lite/core200_20260830/experiment_metadata.json,worker-worktrees/all-task-update-intergration-sync-20260826/runs/doubao-seed-2.0-pro-lite/core200_20260830/run_01/summary.json,worker-worktrees/all-task-update-intergration-sync-20260826/runs/doubao-seed-2.0-pro-lite/core200_20260830/run_01/001_a2l2_meeting_packet_full/result.json,7348e006ce2a72ef39e134d3c1042de35ae11148,completed,formal_run_01,true,true,true,true
Doubao-Seed-2.0-Pro,al2_data_transform_sync,2,worker-worktrees/all-task-update-intergration-sync-20260826/runs/doubao-seed-2.0-pro-lite/core200_20260830/run_01/002_al2_data_transform_sync,worker-worktrees/all-task-update-intergration-sync-20260826/runs/doubao-seed-2.0-pro-lite/core200_20260830/run_01/run_metadata.json,worker-worktrees/all-task-update-intergration-sync-20260826/runs/doubao-seed-2.0-pro-lite/core200_20260830/run_01/002_al2_data_transform_sync/config/task.json,formal_run_01: formal runner summary; archived incomplete attempts excluded,PASS,PASS,recorded_automatic_result; no applicable confirmed rescoring record located,1,1,selected-attempt result.json; no new scoring or reinterpretation,29,1750.914,done,3,android+linux,android_0:android;linux_0:linux;linux_1:linux,worker-worktrees/all-task-update-intergration-sync-20260826/runs/doubao-seed-2.0-pro-lite/core200_20260830/experiment_metadata.json,worker-worktrees/all-task-update-intergration-sync-20260826/runs/doubao-seed-2.0-pro-lite/core200_20260830/run_01/summary.json,worker-worktrees/all-task-update-intergration-sync-20260826/runs/doubao-seed-2.0-pro-lite/core200_20260830/run_01/002_al2_data_transform_sync/result.json,7348e006ce2a72ef39e134d3c1042de35ae11148,completed,formal_run_01,true,true,true,true
Doubao-Seed-2.0-Pro,al_tutorial_screenshot,3,worker-worktrees/all-task-update-intergration-sync-20260826/runs/doubao-seed-2.0-pro-lite/core200_20260830/run_01/003_al_tutorial_screenshot,worker-worktrees/all-task-update-intergration-sync-20260826/runs/doubao-seed-2.0-pro-lite/core200_20260830/run_01/run_metadata.json,worker-worktrees/all-task-update-intergration-sync-20260826/runs/doubao-seed-2.0-pro-lite/core200_20260830/run_01/003_al_tutorial_screenshot/config/task.json,formal_run_01: formal runner summary; archived incomplete attempts excluded,FAIL,FAIL,recorded_automatic_result; no applicable confirmed rescoring record located,0,0,selected-attempt result.json; no new scoring or reinterpretation,31,1807.656,time_limit,2,android+linux,android_0:android;linux_0:linux,worker-worktrees/all-task-update-intergration-sync-20260826/runs/doubao-seed-2.0-pro-lite/core200_20260830/experiment_metadata.json,worker-worktrees/all-task-update-intergration-sync-20260826/runs/doubao-seed-2.0-pro-lite/core200_20260830/run_01/summary.json,worker-worktrees/all-task-update-intergration-sync-20260826/runs/doubao-seed-2.0-pro-lite/core200_20260830/run_01/003_al_tutorial_screenshot/result.json,7348e006ce2a72ef39e134d3c1042de35ae11148,completed,formal_run_01,true,true,true,true
Doubao-Seed-2.0-Pro,al_calendar_schedule_conflict,4,worker-worktrees/all-task-update-intergration-sync-20260826/runs/doubao-seed-2.0-pro-lite/core200_20260830/run_01/004_al_calendar_schedule_conflict,worker-worktrees/all-task-update-intergration-sync-20260826/runs/doubao-seed-2.0-pro-lite/core200_20260830/run_01/run_metadata.json,worker-worktrees/all-task-update-intergration-sync-20260826/runs/doubao-seed-2.0-pro-lite/core200_20260830/run_01/004_al_calendar_schedule_conflict/config/task.json,formal_run_01: formal runner summary; archived incomplete attempts excluded,FAIL,FAIL,recorded_automatic_result; no applicable confirmed rescoring record located,0,0,selected-attempt result.json; no new scoring or reinterpretation,50,1763.652,max_steps,2,android+linux,android_0:android;linux_0:linux,worker-worktrees/all-task-update-intergration-sync-20260826/runs/doubao-seed-2.0-pro-lite/core200_20260830/experiment_metadata.json,worker-worktrees/all-task-update-intergration-sync-20260826/runs/doubao-seed-2.0-pro-lite/core200_20260830/run_01/summary.json,worker-worktrees/all-task-update-intergration-sync-20260826/runs/doubao-seed-2.0-pro-lite/core200_20260830/run_01/004_al_calendar_schedule_conflict/result.json,7348e006ce2a72ef39e134d3c1042de35ae11148,completed,formal_run_01,true,true,true,true
Doubao-Seed-2.0-Pro,a2l_agenda_from_two_phones,5,worker-worktrees/all-task-update-intergration-sync-20260826/runs/doubao-seed-2.0-pro-lite/core200_20260830/run_01/005_a2l_agenda_from_two_phones,worker-worktrees/all-task-update-intergration-sync-20260826/runs/doubao-seed-2.0-pro-lite/core200_20260830/run_01/run_metadata.json,worker-worktrees/all-task-update-intergration-sync-20260826/runs/doubao-seed-2.0-pro-lite/core200_20260830/run_01/005_a2l_agenda_from_two_phones/config/task.json,formal_run_01: formal runner summary; archived incomplete attempts excluded,FAIL,FAIL,recorded_automatic_result; no applicable confirmed rescoring record located,0,0,selected-attempt result.json; no new scoring or reinterpretation,49,1808.066,time_limit,3,android+linux,android_0:android;android_1:android;linux_0:linux,worker-worktrees/all-task-update-intergration-sync-20260826/runs/doubao-seed-2.0-pro-lite/core200_20260830/experiment_metadata.json,worker-worktrees/all-task-update-intergration-sync-20260826/runs/doubao-seed-2.0-pro-lite/core200_20260830/run_01/summary.json,worker-worktrees/all-task-update-intergration-sync-20260826/runs/doubao-seed-2.0-pro-lite/core200_20260830/run_01/005_a2l_agenda_from_two_phones/result.json,7348e006ce2a72ef39e134d3c1042de35ae11148,completed,formal_run_01,true,true,true,true
Doubao-Seed-2.0-Pro,a2_missing_media_status,6,worker-worktrees/all-task-update-intergration-sync-20260826/runs/doubao-seed-2.0-pro-lite/core200_20260830/run_01/006_a2_missing_media_status,worker-worktrees/all-task-update-intergration-sync-20260826/runs/doubao-seed-2.0-pro-lite/core200_20260830/run_01/run_metadata.json,worker-worktrees/all-task-update-intergration-sync-20260826/runs/doubao-seed-2.0-pro-lite/core200_20260830/run_01/006_a2_missing_media_status/config/task.json,formal_run_01: formal runner summary; archived incomplete attempts excluded,PASS,PASS,recorded_automatic_result; no applicable confirmed rescoring record located,1,1,selected-attempt result.json; no new scoring or reinterpretation,33,1514.145,done,2,android,android_0:android;android_1:android,worker-worktrees/all-task-update-intergration-sync-20260826/runs/doubao-seed-2.0-pro-lite/core200_20260830/experiment_metadata.json,worker-worktrees/all-task-update-intergration-sync-20260826/runs/doubao-seed-2.0-pro-lite/core200_20260830/run_01/summary.json,worker-worktrees/all-task-update-intergration-sync-20260826/runs/doubao-seed-2.0-pro-lite/core200_20260830/run_01/006_a2_missing_media_status/result.json,7348e006ce2a72ef39e134d3c1042de35ae11148,completed,formal_run_01,true,true,true,true
Doubao-Seed-2.0-Pro,l2_csv_to_json,7,worker-worktrees/all-task-update-intergration-sync-20260826/runs/doubao-seed-2.0-pro-lite/core200_20260830/run_01/007_l2_csv_to_json,worker-worktrees/all-task-update-intergration-sync-20260826/runs/doubao-seed-2.0-pro-lite/core200_20260830/run_01/run_metadata.json,worker-worktrees/all-task-update-intergration-sync-20260826/runs/doubao-seed-2.0-pro-lite/core200_20260830/run_01/007_l2_csv_to_json/config/task.json,formal_run_01: formal runner summary; archived incomplete attempts excluded,PASS,PASS,recorded_automatic_result; no applicable confirmed rescoring record located,1,1,selected-attempt result.json; no new scoring or reinterpretation,4,259.319,done,2,linux,linux_0:linux;linux_1:linux,worker-worktrees/all-task-update-intergration-sync-20260826/runs/doubao-seed-2.0-pro-lite/core200_20260830/experiment_metadata.json,worker-worktrees/all-task-update-intergration-sync-20260826/runs/doubao-seed-2.0-pro-lite/core200_20260830/run_01/summary.json,worker-worktrees/all-task-update-intergration-sync-20260826/runs/doubao-seed-2.0-pro-lite/core200_20260830/run_01/007_l2_csv_to_json/result.json,7348e006ce2a72ef39e134d3c1042de35ae11148,completed,formal_run_01,true,true,true,true
Doubao-Seed-2.0-Pro,al_request_audio,8,worker-worktrees/all-task-update-intergration-sync-20260826/runs/doubao-seed-2.0-pro-lite/core200_20260830/run_01/008_al_request_audio,worker-worktrees/all-task-update-intergration-sync-20260826/runs/doubao-seed-2.0-pro-lite/core200_20260830/run_01/run_metadata.json,worker-worktrees/all-task-update-intergration-sync-20260826/runs/doubao-seed-2.0-pro-lite/core200_20260830/run_01/008_al_request_audio/config/task.json,formal_run_01: formal runner summary; archived incomplete attempts excluded,FAIL,FAIL,recorded_automatic_result; no applicable confirmed rescoring record located,0,0,selected-attempt result.json; no new scoring or reinterpretation,50,1602.173,max_steps,2,android+linux,android_0:android;linux_0:linux,worker-worktrees/all-task-update-intergration-sync-20260826/runs/doubao-seed-2.0-pro-lite/core200_20260830/experiment_metadata.json,worker-worktrees/all-task-update-intergration-sync-20260826/runs/doubao-seed-2.0-pro-lite/core200_20260830/run_01/summary.json,worker-worktrees/all-task-update-intergration-sync-20260826/runs/doubao-seed-2.0-pro-lite/core200_20260830/run_01/008_al_request_audio/result.json,7348e006ce2a72ef39e134d3c1042de35ae11148,completed,formal_run_01,true,true,true,true
Doubao-Seed-2.0-Pro,a2l2_training_deck_notify,9,worker-worktrees/all-task-update-intergration-sync-20260826/runs/doubao-seed-2.0-pro-lite/core200_20260830/run_01/009_a2l2_training_deck_notify,worker-worktrees/all-task-update-intergration-sync-20260826/runs/doubao-seed-2.0-pro-lite/core200_20260830/run_01/run_metadata.json,worker-worktrees/all-task-update-intergration-sync-20260826/runs/doubao-seed-2.0-pro-lite/core200_20260830/run_01/009_a2l2_training_deck_notify/config/task.json,formal_run_01: formal runner summary; archived incomplete attempts excluded,FAIL,FAIL,recorded_automatic_result; no applicable confirmed rescoring record located,0.3333333333333333,0.3333333333333333,selected-attempt result.json; no new scoring or reinterpretation,33,1818.354,time_limit,4,android+linux,android_0:android;android_1:android;linux_0:linux;linux_1:linux,worker-worktrees/all-task-update-intergration-sync-20260826/runs/doubao-seed-2.0-pro-lite/core200_20260830/experiment_metadata.json,worker-worktrees/all-task-update-intergration-sync-20260826/runs/doubao-seed-2.0-pro-lite/core200_20260830/run_01/summary.json,worker-worktrees/all-task-update-intergration-sync-20260826/runs/doubao-seed-2.0-pro-lite/core200_20260830/run_01/009_a2l2_training_deck_notify/result.json,7348e006ce2a72ef39e134d3c1042de35ae11148,completed,formal_run_01,true,true,true,true
Doubao-Seed-2.0-Pro,a2_route_media_status,10,worker-worktrees/all-task-update-intergration-sync-20260826/runs/doubao-seed-2.0-pro-lite/core200_20260830/run_01/010_a2_route_media_status,worker-worktrees/all-task-update-intergration-sync-20260826/runs/doubao-seed-2.0-pro-lite/core200_20260830/run_01/run_metadata.json,worker-worktrees/all-task-update-intergration-sync-20260826/runs/doubao-seed-2.0-pro-lite/core200_20260830/run_01/010_a2_route_media_status/config/task.json,formal_run_01: formal runner summary; archived incomplete attempts excluded,FAIL,FAIL,recorded_automatic_result; no applicable confirmed rescoring record located,0,0,selected-attempt result.json; no new scoring or reinterpretation,42,1808.699,time_limit,2,android,android_0:android;android_1:android,worker-worktrees/all-task-update-intergration-sync-20260826/runs/doubao-seed-2.0-pro-lite/core200_20260830/experiment_metadata.json,worker-worktrees/all-task-update-intergration-sync-20260826/runs/doubao-seed-2.0-pro-lite/core200_20260830/run_01/summary.json,worker-worktrees/all-task-update-intergration-sync-20260826/runs/doubao-seed-2.0-pro-lite/core200_20260830/run_01/010_a2_route_media_status/result.json,7348e006ce2a72ef39e134d3c1042de35ae11148,completed,formal_run_01,true,true,true,true
Doubao-Seed-2.0-Pro,al2_alarm_calc_email,11,worker-worktrees/all-task-update-intergration-sync-20260826/runs/doubao-seed-2.0-pro-lite/core200_20260830/run_01/011_al2_alarm_calc_email,worker-worktrees/all-task-update-intergration-sync-20260826/runs/doubao-seed-2.0-pro-lite/core200_20260830/run_01/run_metadata.json,worker-worktrees/all-task-update-intergration-sync-20260826/runs/doubao-seed-2.0-pro-lite/core200_20260830/run_01/011_al2_alarm_calc_email/config/task.json,formal_run_01: formal runner summary; archived incomplete attempts excluded,FAIL,FAIL,recorded_automatic_result; no applicable confirmed rescoring record located,0.5,0.5,selected-attempt result.json; no new scoring or reinterpretation,37,1833.099,time_limit,3,android+linux,android_0:android;linux_0:linux;linux_1:linux,worker-worktrees/all-task-update-intergration-sync-20260826/runs/doubao-seed-2.0-pro-lite/core200_20260830/experiment_metadata.json,worker-worktrees/all-task-update-intergration-sync-20260826/runs/doubao-seed-2.0-pro-lite/core200_20260830/run_01/summary.json,worker-worktrees/all-task-update-intergration-sync-20260826/runs/doubao-seed-2.0-pro-lite/core200_20260830/run_01/011_al2_alarm_calc_email/result.json,7348e006ce2a72ef39e134d3c1042de35ae11148,completed,formal_run_01,true,true,true,true
Doubao-Seed-2.0-Pro,a2l_contact_otp_web_form,12,worker-worktrees/all-task-update-intergration-sync-20260826/runs/doubao-seed-2.0-pro-lite/core200_20260830/run_01/012_a2l_contact_otp_web_form,worker-worktrees/all-task-update-intergration-sync-20260826/runs/doubao-seed-2.0-pro-lite/core200_20260830/run_01/run_metadata.json,worker-worktrees/all-task-update-intergration-sync-20260826/runs/doubao-seed-2.0-pro-lite/core200_20260830/run_01/012_a2l_contact_otp_web_form/config/task.json,formal_run_01: formal runner summary; archived incomplete attempts excluded,PASS,PASS,recorded_automatic_result; no applicable confirmed rescoring record located,1,1,selected-attempt result.json; no new scoring or reinterpretation,29,1330.352,done,3,android+linux,android_0:android;android_1:android;linux_0:linux,worker-worktrees/all-task-update-intergration-sync-20260826/runs/doubao-seed-2.0-pro-lite/core200_20260830/experiment_metadata.json,worker-worktrees/all-task-update-intergration-sync-20260826/runs/doubao-seed-2.0-pro-lite/core200_20260830/run_01/summary.json,worker-worktrees/all-task-update-intergration-sync-20260826/runs/doubao-seed-2.0-pro-lite/core200_20260830/run_01/012_a2l_contact_otp_web_form/result.json,7348e006ce2a72ef39e134d3c1042de35ae11148,completed,formal_run_01,true,true,true,true
Doubao-Seed-2.0-Pro,al_thunderbird_attachment_to_tasks,13,worker-worktrees/all-task-update-intergration-sync-20260826/runs/doubao-seed-2.0-pro-lite/core200_20260830/run_01/013_al_thunderbird_attachment_to_tasks,worker-worktrees/all-task-update-intergration-sync-20260826/runs/doubao-seed-2.0-pro-lite/core200_20260830/run_01/run_metadata.json,worker-worktrees/all-task-update-intergration-sync-20260826/runs/doubao-seed-2.0-pro-lite/core200_20260830/run_01/013_al_thunderbird_attachment_to_tasks/config/task.json,formal_run_01: formal runner summary; archived incomplete attempts excluded,FAIL,FAIL,recorded_automatic_result; no applicable confirmed rescoring record located,0,0,selected-attempt result.json; no new scoring or reinterpretation,50,1686.637,max_steps,2,android+linux,android_0:android;linux_0:linux,worker-worktrees/all-task-update-intergration-sync-20260826/runs/doubao-seed-2.0-pro-lite/core200_20260830/experiment_metadata.json,worker-worktrees/all-task-update-intergration-sync-20260826/runs/doubao-seed-2.0-pro-lite/core200_20260830/run_01/summary.json,worker-worktrees/all-task-update-intergration-sync-20260826/runs/doubao-seed-2.0-pro-lite/core200_20260830/run_01/013_al_thunderbird_attachment_to_tasks/result.json,7348e006ce2a72ef39e134d3c1042de35ae11148,completed,formal_run_01,true,true,true,true
Doubao-Seed-2.0-Pro,l2_vscode_settings_update,14,worker-worktrees/all-task-update-intergration-sync-20260826/runs/doubao-seed-2.0-pro-lite/core200_20260830/run_01/014_l2_vscode_settings_update,worker-worktrees/all-task-update-intergration-sync-20260826/runs/doubao-seed-2.0-pro-lite/core200_20260830/run_01/run_metadata.json,worker-worktrees/all-task-update-intergration-sync-20260826/runs/doubao-seed-2.0-pro-lite/core200_20260830/run_01/014_l2_vscode_settings_update/config/task.json,formal_run_01: formal runner summary; archived incomplete attempts excluded,PASS,PASS,recorded_automatic_result; no applicable confirmed rescoring record located,1,1,selected-attempt result.json; no new scoring or reinterpretation,38,1815.492,time_limit,2,linux,linux_0:linux;linux_1:linux,worker-worktrees/all-task-update-intergration-sync-20260826/runs/doubao-seed-2.0-pro-lite/core200_20260830/experiment_metadata.json,worker-worktrees/all-task-update-intergration-sync-20260826/runs/doubao-seed-2.0-pro-lite/core200_20260830/run_01/summary.json,worker-worktrees/all-task-update-intergration-sync-20260826/runs/doubao-seed-2.0-pro-lite/core200_20260830/run_01/014_l2_vscode_settings_update/result.json,7348e006ce2a72ef39e134d3c1042de35ae11148,completed,formal_run_01,true,true,true,true
Doubao-Seed-2.0-Pro,a2l_media_manifest,15,worker-worktrees/all-task-update-intergration-sync-20260826/runs/doubao-seed-2.0-pro-lite/core200_20260830/run_01/015_a2l_media_manifest,worker-worktrees/all-task-update-intergration-sync-20260826/runs/doubao-seed-2.0-pro-lite/core200_20260830/run_01/run_metadata.json,worker-worktrees/all-task-update-intergration-sync-20260826/runs/doubao-seed-2.0-pro-lite/core200_20260830/run_01/015_a2l_media_manifest/config/task.json,formal_run_01: formal runner summary; archived incomplete attempts excluded,FAIL,FAIL,recorded_automatic_result; no applicable confirmed rescoring record located,0,0,selected-attempt result.json; no new scoring or reinterpretation,25,1808.846,time_limit,3,android+linux,android_0:android;android_1:android;linux_0:linux,worker-worktrees/all-task-update-intergration-sync-20260826/runs/doubao-seed-2.0-pro-lite/core200_20260830/experiment_metadata.json,worker-worktrees/all-task-update-intergration-sync-20260826/runs/doubao-seed-2.0-pro-lite/core200_20260830/run_01/summary.json,worker-worktrees/all-task-update-intergration-sync-20260826/runs/doubao-seed-2.0-pro-lite/core200_20260830/run_01/015_a2l_media_manifest/result.json,7348e006ce2a72ef39e134d3c1042de35ae11148,completed,formal_run_01,true,true,true,true
Doubao-Seed-2.0-Pro,a2_alarm_conflict_log,16,worker-worktrees/all-task-update-intergration-sync-20260826/runs/doubao-seed-2.0-pro-lite/core200_20260830/run_01/016_a2_alarm_conflict_log,worker-worktrees/all-task-update-intergration-sync-20260826/runs/doubao-seed-2.0-pro-lite/core200_20260830/run_01/run_metadata.json,worker-worktrees/all-task-update-intergration-sync-20260826/runs/doubao-seed-2.0-pro-lite/core200_20260830/run_01/016_a2_alarm_conflict_log/config/task.json,formal_run_01: formal runner summary; archived incomplete attempts excluded,FAIL,FAIL,recorded_automatic_result; no applicable confirmed rescoring record located,0.3333333333333333,0.3333333333333333,selected-attempt result.json; no new scoring or reinterpretation,16,1827.475,time_limit,2,android,android_0:android;android_1:android,worker-worktrees/all-task-update-intergration-sync-20260826/runs/doubao-seed-2.0-pro-lite/core200_20260830/experiment_metadata.json,worker-worktrees/all-task-update-intergration-sync-20260826/runs/doubao-seed-2.0-pro-lite/core200_20260830/run_01/summary.json,worker-worktrees/all-task-update-intergration-sync-20260826/runs/doubao-seed-2.0-pro-lite/core200_20260830/run_01/016_a2_alarm_conflict_log/result.json,7348e006ce2a72ef39e134d3c1042de35ae11148,completed,formal_run_01,true,true,true,true
Doubao-Seed-2.0-Pro,al_writer_from_note_gui,17,worker-worktrees/all-task-update-intergration-sync-20260826/runs/doubao-seed-2.0-pro-lite/core200_20260830/run_01/017_al_writer_from_note_gui,worker-worktrees/all-task-update-intergration-sync-20260826/runs/doubao-seed-2.0-pro-lite/core200_20260830/run_01/run_metadata.json,worker-worktrees/all-task-update-intergration-sync-20260826/runs/doubao-seed-2.0-pro-lite/core200_20260830/run_01/017_al_writer_from_note_gui/config/task.json,formal_run_01: formal runner summary; archived incomplete attempts excluded,FAIL,FAIL,recorded_automatic_result; no applicable confirmed rescoring record located,0,0,selected-attempt result.json; no new scoring or reinterpretation,32,1807.753,time_limit,2,android+linux,android_0:android;linux_0:linux,worker-worktrees/all-task-update-intergration-sync-20260826/runs/doubao-seed-2.0-pro-lite/core200_20260830/experiment_metadata.json,worker-worktrees/all-task-update-intergration-sync-20260826/runs/doubao-seed-2.0-pro-lite/core200_20260830/run_01/summary.json,worker-worktrees/all-task-update-intergration-sync-20260826/runs/doubao-seed-2.0-pro-lite/core200_20260830/run_01/017_al_writer_from_note_gui/result.json,7348e006ce2a72ef39e134d3c1042de35ae11148,completed,formal_run_01,true,true,true,true
Doubao-Seed-2.0-Pro,al_playlist_from_csv,18,worker-worktrees/all-task-update-intergration-sync-20260826/runs/doubao-seed-2.0-pro-lite/core200_20260830/run_01/018_al_playlist_from_csv,worker-worktrees/all-task-update-intergration-sync-20260826/runs/doubao-seed-2.0-pro-lite/core200_20260830/run_01/run_metadata.json,worker-worktrees/all-task-update-intergration-sync-20260826/runs/doubao-seed-2.0-pro-lite/core200_20260830/run_01/018_al_playlist_from_csv/config/task.json,formal_run_01: formal runner summary; archived incomplete attempts excluded,FAIL,FAIL,recorded_automatic_result; no applicable confirmed rescoring record located,0,0,selected-attempt result.json; no new scoring or reinterpretation,39,1811.897,time_limit,2,android+linux,android_0:android;linux_0:linux,worker-worktrees/all-task-update-intergration-sync-20260826/runs/doubao-seed-2.0-pro-lite/core200_20260830/experiment_metadata.json,worker-worktrees/all-task-update-intergration-sync-20260826/runs/doubao-seed-2.0-pro-lite/core200_20260830/run_01/summary.json,worker-worktrees/all-task-update-intergration-sync-20260826/runs/doubao-seed-2.0-pro-lite/core200_20260830/run_01/018_al_playlist_from_csv/result.json,7348e006ce2a72ef39e134d3c1042de35ae11148,completed,formal_run_01,true,true,true,true
Doubao-Seed-2.0-Pro,a2l2_vscode_web_music_final_gate,19,worker-worktrees/all-task-update-intergration-sync-20260826/runs/doubao-seed-2.0-pro-lite/core200_20260830/run_01/019_a2l2_vscode_web_music_final_gate,worker-worktrees/all-task-update-intergration-sync-20260826/runs/doubao-seed-2.0-pro-lite/core200_20260830/run_01/run_metadata.json,worker-worktrees/all-task-update-intergration-sync-20260826/runs/doubao-seed-2.0-pro-lite/core200_20260830/run_01/019_a2l2_vscode_web_music_final_gate/config/task.json,formal_run_01: formal runner summary; archived incomplete attempts excluded,FAIL,FAIL,recorded_automatic_result; no applicable confirmed rescoring record located,0,0,selected-attempt result.json; no new scoring or reinterpretation,50,1741.533,max_steps,4,android+linux,android_0:android;android_1:android;linux_0:linux;linux_1:linux,worker-worktrees/all-task-update-intergration-sync-20260826/runs/doubao-seed-2.0-pro-lite/core200_20260830/experiment_metadata.json,worker-worktrees/all-task-update-intergration-sync-20260826/runs/doubao-seed-2.0-pro-lite/core200_20260830/run_01/summary.json,worker-worktrees/all-task-update-intergration-sync-20260826/runs/doubao-seed-2.0-pro-lite/core200_20260830/run_01/019_a2l2_vscode_web_music_final_gate/result.json,7348e006ce2a72ef39e134d3c1042de35ae11148,completed,formal_run_01,true,true,true,true
Doubao-Seed-2.0-Pro,al2_mail_calc_alarm_sync,20,worker-worktrees/all-task-update-intergration-sync-20260826/runs/doubao-seed-2.0-pro-lite/core200_20260830/run_01/020_al2_mail_calc_alarm_sync,worker-worktrees/all-task-update-intergration-sync-20260826/runs/doubao-seed-2.0-pro-lite/core200_20260830/run_01/run_metadata.json,worker-worktrees/all-task-update-intergration-sync-20260826/runs/doubao-seed-2.0-pro-lite/core200_20260830/run_01/020_al2_mail_calc_alarm_sync/config/task.json,formal_run_01: formal runner summary; archived incomplete attempts excluded,FAIL,FAIL,recorded_automatic_result; no applicable confirmed rescoring record located,0.3333333333333333,0.3333333333333333,selected-attempt result.json; no new scoring or reinterpretation,35,1836.205,time_limit,3,android+linux,android_0:android;linux_0:linux;linux_1:linux,worker-worktrees/all-task-update-intergration-sync-20260826/runs/doubao-seed-2.0-pro-lite/core200_20260830/experiment_metadata.json,worker-worktrees/all-task-update-intergration-sync-20260826/runs/doubao-seed-2.0-pro-lite/core200_20260830/run_01/summary.json,worker-worktrees/all-task-update-intergration-sync-20260826/runs/doubao-seed-2.0-pro-lite/core200_20260830/run_01/020_al2_mail_calc_alarm_sync/result.json,7348e006ce2a72ef39e134d3c1042de35ae11148,completed,formal_run_01,true,true,true,true
Doubao-Seed-2.0-Pro,al_map_audio_packet,21,worker-worktrees/all-task-update-intergration-sync-20260826/runs/doubao-seed-2.0-pro-lite/core200_20260830/run_01/021_al_map_audio_packet,worker-worktrees/all-task-update-intergration-sync-20260826/runs/doubao-seed-2.0-pro-lite/core200_20260830/run_01/run_metadata.json,worker-worktrees/all-task-update-intergration-sync-20260826/runs/doubao-seed-2.0-pro-lite/core200_20260830/run_01/021_al_map_audio_packet/config/task.json,formal_run_01: formal runner summary; archived incomplete attempts excluded,FAIL,FAIL,recorded_automatic_result; no applicable confirmed rescoring record located,0,0,selected-attempt result.json; no new scoring or reinterpretation,50,1254.012,max_steps,2,android+linux,android_0:android;linux_0:linux,worker-worktrees/all-task-update-intergration-sync-20260826/runs/doubao-seed-2.0-pro-lite/core200_20260830/experiment_metadata.json,worker-worktrees/all-task-update-intergration-sync-20260826/runs/doubao-seed-2.0-pro-lite/core200_20260830/run_01/summary.json,worker-worktrees/all-task-update-intergration-sync-20260826/runs/doubao-seed-2.0-pro-lite/core200_20260830/run_01/021_al_map_audio_packet/result.json,7348e006ce2a72ef39e134d3c1042de35ae11148,completed,formal_run_01,true,true,true,true
Doubao-Seed-2.0-Pro,a2l_audio_thunderbird_draft,22,worker-worktrees/all-task-update-intergration-sync-20260826/runs/doubao-seed-2.0-pro-lite/core200_20260830/run_01/022_a2l_audio_thunderbird_draft,worker-worktrees/all-task-update-intergration-sync-20260826/runs/doubao-seed-2.0-pro-lite/core200_20260830/run_01/run_metadata.json,worker-worktrees/all-task-update-intergration-sync-20260826/runs/doubao-seed-2.0-pro-lite/core200_20260830/run_01/022_a2l_audio_thunderbird_draft/config/task.json,formal_run_01: formal runner summary; archived incomplete attempts excluded,FAIL,FAIL,recorded_automatic_result; no applicable confirmed rescoring record located,0,0,selected-attempt result.json; no new scoring or reinterpretation,50,1465.327,max_steps,3,android+linux,android_0:android;android_1:android;linux_0:linux,worker-worktrees/all-task-update-intergration-sync-20260826/runs/doubao-seed-2.0-pro-lite/core200_20260830/experiment_metadata.json,worker-worktrees/all-task-update-intergration-sync-20260826/runs/doubao-seed-2.0-pro-lite/core200_20260830/run_01/summary.json,worker-worktrees/all-task-update-intergration-sync-20260826/runs/doubao-seed-2.0-pro-lite/core200_20260830/run_01/022_a2l_audio_thunderbird_draft/result.json,7348e006ce2a72ef39e134d3c1042de35ae11148,completed,formal_run_01,true,true,true,true
Doubao-Seed-2.0-Pro,al_camera_web_upload_form,23,worker-worktrees/all-task-update-intergration-sync-20260826/runs/doubao-seed-2.0-pro-lite/core200_20260830/run_01/023_al_camera_web_upload_form,worker-worktrees/all-task-update-intergration-sync-20260826/runs/doubao-seed-2.0-pro-lite/core200_20260830/run_01/run_metadata.json,worker-worktrees/all-task-update-intergration-sync-20260826/runs/doubao-seed-2.0-pro-lite/core200_20260830/run_01/023_al_camera_web_upload_form/config/task.json,formal_run_01: formal runner summary; archived incomplete attempts excluded,PASS,PASS,recorded_automatic_result; no applicable confirmed rescoring record located,1,1,selected-attempt result.json; no new scoring or reinterpretation,19,1026.756,done,2,android+linux,android_0:android;linux_0:linux,worker-worktrees/all-task-update-intergration-sync-20260826/runs/doubao-seed-2.0-pro-lite/core200_20260830/experiment_metadata.json,worker-worktrees/all-task-update-intergration-sync-20260826/runs/doubao-seed-2.0-pro-lite/core200_20260830/run_01/summary.json,worker-worktrees/all-task-update-intergration-sync-20260826/runs/doubao-seed-2.0-pro-lite/core200_20260830/run_01/023_al_camera_web_upload_form/result.json,7348e006ce2a72ef39e134d3c1042de35ae11148,completed,formal_run_01,true,true,true,true
Doubao-Seed-2.0-Pro,a2l_osmand_calc_visit,24,worker-worktrees/all-task-update-intergration-sync-20260826/runs/doubao-seed-2.0-pro-lite/core200_20260830/run_01/024_a2l_osmand_calc_visit,worker-worktrees/all-task-update-intergration-sync-20260826/runs/doubao-seed-2.0-pro-lite/core200_20260830/run_01/run_metadata.json,worker-worktrees/all-task-update-intergration-sync-20260826/runs/doubao-seed-2.0-pro-lite/core200_20260830/run_01/024_a2l_osmand_calc_visit/config/task.json,formal_run_01: formal runner summary; archived incomplete attempts excluded,FAIL,FAIL,recorded_automatic_result; no applicable confirmed rescoring record located,0,0,selected-attempt result.json; no new scoring or reinterpretation,38,1335.188,done,3,android+linux,android_0:android;android_1:android;linux_0:linux,worker-worktrees/all-task-update-intergration-sync-20260826/runs/doubao-seed-2.0-pro-lite/core200_20260830/experiment_metadata.json,worker-worktrees/all-task-update-intergration-sync-20260826/runs/doubao-seed-2.0-pro-lite/core200_20260830/run_01/summary.json,worker-worktrees/all-task-update-intergration-sync-20260826/runs/doubao-seed-2.0-pro-lite/core200_20260830/run_01/024_a2l_osmand_calc_visit/result.json,7348e006ce2a72ef39e134d3c1042de35ae11148,completed,formal_run_01,true,true,true,true
Doubao-Seed-2.0-Pro,a2_gallery_cleanup_log,25,worker-worktrees/all-task-update-intergration-sync-20260826/runs/doubao-seed-2.0-pro-lite/core200_20260830/run_01/025_a2_gallery_cleanup_log,worker-worktrees/all-task-update-intergration-sync-20260826/runs/doubao-seed-2.0-pro-lite/core200_20260830/run_01/run_metadata.json,worker-worktrees/all-task-update-intergration-sync-20260826/runs/doubao-seed-2.0-pro-lite/core200_20260830/run_01/025_a2_gallery_cleanup_log/config/task.json,formal_run_01: formal runner summary; archived incomplete attempts excluded,FAIL,FAIL,recorded_automatic_result; no applicable confirmed rescoring record located,0,0,selected-attempt result.json; no new scoring or reinterpretation,42,1801.889,time_limit,2,android,android_0:android;android_1:android,worker-worktrees/all-task-update-intergration-sync-20260826/runs/doubao-seed-2.0-pro-lite/core200_20260830/experiment_metadata.json,worker-worktrees/all-task-update-intergration-sync-20260826/runs/doubao-seed-2.0-pro-lite/core200_20260830/run_01/summary.json,worker-worktrees/all-task-update-intergration-sync-20260826/runs/doubao-seed-2.0-pro-lite/core200_20260830/run_01/025_a2_gallery_cleanup_log/result.json,7348e006ce2a72ef39e134d3c1042de35ae11148,completed,formal_run_01,true,true,true,true
Doubao-Seed-2.0-Pro,l2_mail_rule_foldering,26,worker-worktrees/all-task-update-intergration-sync-20260826/runs/doubao-seed-2.0-pro-lite/core200_20260830/run_01/026_l2_mail_rule_foldering,worker-worktrees/all-task-update-intergration-sync-20260826/runs/doubao-seed-2.0-pro-lite/core200_20260830/run_01/run_metadata.json,worker-worktrees/all-task-update-intergration-sync-20260826/runs/doubao-seed-2.0-pro-lite/core200_20260830/run_01/026_l2_mail_rule_foldering/config/task.json,formal_run_01: formal runner summary; archived incomplete attempts excluded,FAIL,FAIL,recorded_automatic_result; no applicable confirmed rescoring record located,0,0,selected-attempt result.json; no new scoring or reinterpretation,50,1404.306,max_steps,2,linux,linux_0:linux;linux_1:linux,worker-worktrees/all-task-update-intergration-sync-20260826/runs/doubao-seed-2.0-pro-lite/core200_20260830/experiment_metadata.json,worker-worktrees/all-task-update-intergration-sync-20260826/runs/doubao-seed-2.0-pro-lite/core200_20260830/run_01/summary.json,worker-worktrees/all-task-update-intergration-sync-20260826/runs/doubao-seed-2.0-pro-lite/core200_20260830/run_01/026_l2_mail_rule_foldering/result.json,7348e006ce2a72ef39e134d3c1042de35ae11148,completed,formal_run_01,true,true,true,true
Doubao-Seed-2.0-Pro,a2l2_training_media_deck_email,27,worker-worktrees/all-task-update-intergration-sync-20260826/runs/doubao-seed-2.0-pro-lite/core200_20260830/run_01/027_a2l2_training_media_deck_email,worker-worktrees/all-task-update-intergration-sync-20260826/runs/doubao-seed-2.0-pro-lite/core200_20260830/run_01/run_metadata.json,worker-worktrees/all-task-update-intergration-sync-20260826/runs/doubao-seed-2.0-pro-lite/core200_20260830/run_01/027_a2l2_training_media_deck_email/config/task.json,formal_run_01: formal runner summary; archived incomplete attempts excluded,FAIL,FAIL,recorded_automatic_result; no applicable confirmed rescoring record located,0,0,selected-attempt result.json; no new scoring or reinterpretation,50,1767.448,max_steps,4,android+linux,android_0:android;android_1:android;linux_0:linux;linux_1:linux,worker-worktrees/all-task-update-intergration-sync-20260826/runs/doubao-seed-2.0-pro-lite/core200_20260830/experiment_metadata.json,worker-worktrees/all-task-update-intergration-sync-20260826/runs/doubao-seed-2.0-pro-lite/core200_20260830/run_01/summary.json,worker-worktrees/all-task-update-intergration-sync-20260826/runs/doubao-seed-2.0-pro-lite/core200_20260830/run_01/027_a2l2_training_media_deck_email/result.json,7348e006ce2a72ef39e134d3c1042de35ae11148,completed,formal_run_01,true,true,true,true
Doubao-Seed-2.0-Pro,a2l_browser_dual_phone_code,28,worker-worktrees/all-task-update-intergration-sync-20260826/runs/doubao-seed-2.0-pro-lite/core200_20260830/run_01/028_a2l_browser_dual_phone_code,worker-worktrees/all-task-update-intergration-sync-20260826/runs/doubao-seed-2.0-pro-lite/core200_20260830/run_01/run_metadata.json,worker-worktrees/all-task-update-intergration-sync-20260826/runs/doubao-seed-2.0-pro-lite/core200_20260830/run_01/028_a2l_browser_dual_phone_code/config/task.json,formal_run_01: formal runner summary; archived incomplete attempts excluded,FAIL,FAIL,recorded_automatic_result; no applicable confirmed rescoring record located,0,0,selected-attempt result.json; no new scoring or reinterpretation,50,1060.636,max_steps,3,android+linux,android_0:android;android_1:android;linux_0:linux,worker-worktrees/all-task-update-intergration-sync-20260826/runs/doubao-seed-2.0-pro-lite/core200_20260830/experiment_metadata.json,worker-worktrees/all-task-update-intergration-sync-20260826/runs/doubao-seed-2.0-pro-lite/core200_20260830/run_01/summary.json,worker-worktrees/all-task-update-intergration-sync-20260826/runs/doubao-seed-2.0-pro-lite/core200_20260830/run_01/028_a2l_browser_dual_phone_code/result.json,7348e006ce2a72ef39e134d3c1042de35ae11148,completed,formal_run_01,true,true,true,true
Doubao-Seed-2.0-Pro,al_sms_web_download_statement,29,worker-worktrees/all-task-update-intergration-sync-20260826/runs/doubao-seed-2.0-pro-lite/core200_20260830/run_01/029_al_sms_web_download_statement,worker-worktrees/all-task-update-intergration-sync-20260826/runs/doubao-seed-2.0-pro-lite/core200_20260830/run_01/run_metadata.json,worker-worktrees/all-task-update-intergration-sync-20260826/runs/doubao-seed-2.0-pro-lite/core200_20260830/run_01/029_al_sms_web_download_statement/config/task.json,formal_run_01: formal runner summary; archived incomplete attempts excluded,PASS,PASS,recorded_automatic_result; no applicable confirmed rescoring record located,1,1,selected-attempt result.json; no new scoring or reinterpretation,15,672.164,done,2,android+linux,android_0:android;linux_0:linux,worker-worktrees/all-task-update-intergration-sync-20260826/runs/doubao-seed-2.0-pro-lite/core200_20260830/experiment_metadata.json,worker-worktrees/all-task-update-intergration-sync-20260826/runs/doubao-seed-2.0-pro-lite/core200_20260830/run_01/summary.json,worker-worktrees/all-task-update-intergration-sync-20260826/runs/doubao-seed-2.0-pro-lite/core200_20260830/run_01/029_al_sms_web_download_statement/result.json,7348e006ce2a72ef39e134d3c1042de35ae11148,completed,formal_run_01,true,true,true,true
Doubao-Seed-2.0-Pro,a2_gallery_album_to_tasks,30,worker-worktrees/all-task-update-intergration-sync-20260826/runs/doubao-seed-2.0-pro-lite/core200_20260830/run_01/030_a2_gallery_album_to_tasks,worker-worktrees/all-task-update-intergration-sync-20260826/runs/doubao-seed-2.0-pro-lite/core200_20260830/run_01/run_metadata.json,worker-worktrees/all-task-update-intergration-sync-20260826/runs/doubao-seed-2.0-pro-lite/core200_20260830/run_01/030_a2_gallery_album_to_tasks/config/task.json,formal_run_01: formal runner summary; archived incomplete attempts excluded,FAIL,FAIL,recorded_automatic_result; no applicable confirmed rescoring record located,0,0,selected-attempt result.json; no new scoring or reinterpretation,48,1804.98,time_limit,2,android,android_0:android;android_1:android,worker-worktrees/all-task-update-intergration-sync-20260826/runs/doubao-seed-2.0-pro-lite/core200_20260830/experiment_metadata.json,worker-worktrees/all-task-update-intergration-sync-20260826/runs/doubao-seed-2.0-pro-lite/core200_20260830/run_01/summary.json,worker-worktrees/all-task-update-intergration-sync-20260826/runs/doubao-seed-2.0-pro-lite/core200_20260830/run_01/030_a2_gallery_album_to_tasks/result.json,7348e006ce2a72ef39e134d3c1042de35ae11148,completed,formal_run_01,true,true,true,true
Doubao-Seed-2.0-Pro,linux_android_904,31,worker-worktrees/all-task-update-intergration-sync-20260826/runs/doubao-seed-2.0-pro-lite/core200_20260830/run_01/031_linux_android_904,worker-worktrees/all-task-update-intergration-sync-20260826/runs/doubao-seed-2.0-pro-lite/core200_20260830/run_01/run_metadata.json,worker-worktrees/all-task-update-intergration-sync-20260826/runs/doubao-seed-2.0-pro-lite/core200_20260830/run_01/031_linux_android_904/config/task.json,formal_run_01: formal runner summary; archived incomplete attempts excluded,FAIL,FAIL,recorded_automatic_result; no applicable confirmed rescoring record located,0,0,selected-attempt result.json; no new scoring or reinterpretation,50,1762.124,max_steps,4,android+linux,android_0:android;android_1:android;linux_0:linux;linux_1:linux,worker-worktrees/all-task-update-intergration-sync-20260826/runs/doubao-seed-2.0-pro-lite/core200_20260830/experiment_metadata.json,worker-worktrees/all-task-update-intergration-sync-20260826/runs/doubao-seed-2.0-pro-lite/core200_20260830/run_01/summary.json,worker-worktrees/all-task-update-intergration-sync-20260826/runs/doubao-seed-2.0-pro-lite/core200_20260830/run_01/031_linux_android_904/result.json,7348e006ce2a72ef39e134d3c1042de35ae11148,completed,formal_run_01,true,true,true,true
Doubao-Seed-2.0-Pro,linux_android_1040,32,worker-worktrees/all-task-update-intergration-sync-20260826/runs/doubao-seed-2.0-pro-lite/core200_20260830/run_01/032_linux_android_1040,worker-worktrees/all-task-update-intergration-sync-20260826/runs/doubao-seed-2.0-pro-lite/core200_20260830/run_01/run_metadata.json,worker-worktrees/all-task-update-intergration-sync-20260826/runs/doubao-seed-2.0-pro-lite/core200_20260830/run_01/032_linux_android_1040/config/task.json,formal_run_01: formal runner summary; archived incomplete attempts excluded,FAIL,FAIL,recorded_automatic_result; no applicable confirmed rescoring record located,0.3333333333333333,0.3333333333333333,selected-attempt result.json; no new scoring or reinterpretation,50,1262.812,max_steps,3,android+linux,android_0:android;android_1:android;linux_0:linux,worker-worktrees/all-task-update-intergration-sync-20260826/runs/doubao-seed-2.0-pro-lite/core200_20260830/experiment_metadata.json,worker-worktrees/all-task-update-intergration-sync-20260826/runs/doubao-seed-2.0-pro-lite/core200_20260830/run_01/summary.json,worker-worktrees/all-task-update-intergration-sync-20260826/runs/doubao-seed-2.0-pro-lite/core200_20260830/run_01/032_linux_android_1040/result.json,7348e006ce2a72ef39e134d3c1042de35ae11148,completed,formal_run_01,true,true,true,true
Doubao-Seed-2.0-Pro,linux_android_1313,33,worker-worktrees/all-task-update-intergration-sync-20260826/runs/doubao-seed-2.0-pro-lite/core200_20260830/run_01/033_linux_android_1313,worker-worktrees/all-task-update-intergration-sync-20260826/runs/doubao-seed-2.0-pro-lite/core200_20260830/run_01/run_metadata.json,worker-worktrees/all-task-update-intergration-sync-20260826/runs/doubao-seed-2.0-pro-lite/core200_20260830/run_01/033_linux_android_1313/config/task.json,formal_run_01: formal runner summary; archived incomplete attempts excluded,FAIL,FAIL,recorded_automatic_result; no applicable confirmed rescoring record located,0,0,selected-attempt result.json; no new scoring or reinterpretation,50,1701.051,max_steps,4,android+linux,linux_0:linux;linux_1:linux;android_0:android;android_1:android,worker-worktrees/all-task-update-intergration-sync-20260826/runs/doubao-seed-2.0-pro-lite/core200_20260830/experiment_metadata.json,worker-worktrees/all-task-update-intergration-sync-20260826/runs/doubao-seed-2.0-pro-lite/core200_20260830/run_01/summary.json,worker-worktrees/all-task-update-intergration-sync-20260826/runs/doubao-seed-2.0-pro-lite/core200_20260830/run_01/033_linux_android_1313/result.json,7348e006ce2a72ef39e134d3c1042de35ae11148,completed,formal_run_01,true,true,true,true
Doubao-Seed-2.0-Pro,linux_android_1798,34,worker-worktrees/all-task-update-intergration-sync-20260826/runs/doubao-seed-2.0-pro-lite/core200_20260830/run_01/034_linux_android_1798,worker-worktrees/all-task-update-intergration-sync-20260826/runs/doubao-seed-2.0-pro-lite/core200_20260830/run_01/run_metadata.json,worker-worktrees/all-task-update-intergration-sync-20260826/runs/doubao-seed-2.0-pro-lite/core200_20260830/run_01/034_linux_android_1798/config/task.json,formal_run_01: formal runner summary; archived incomplete attempts excluded,PASS,PASS,recorded_automatic_result; no applicable confirmed rescoring record located,1,1,selected-attempt result.json; no new scoring or reinterpretation,5,282.9,done,3,android+linux,android_0:android;linux_0:linux;linux_1:linux,worker-worktrees/all-task-update-intergration-sync-20260826/runs/doubao-seed-2.0-pro-lite/core200_20260830/experiment_metadata.json,worker-worktrees/all-task-update-intergration-sync-20260826/runs/doubao-seed-2.0-pro-lite/core200_20260830/run_01/summary.json,worker-worktrees/all-task-update-intergration-sync-20260826/runs/doubao-seed-2.0-pro-lite/core200_20260830/run_01/034_linux_android_1798/result.json,7348e006ce2a72ef39e134d3c1042de35ae11148,completed,formal_run_01,true,true,true,true
Doubao-Seed-2.0-Pro,linux_android_1368,35,worker-worktrees/all-task-update-intergration-sync-20260826/runs/doubao-seed-2.0-pro-lite/core200_20260830/run_01/035_linux_android_1368,worker-worktrees/all-task-update-intergration-sync-20260826/runs/doubao-seed-2.0-pro-lite/core200_20260830/run_01/run_metadata.json,worker-worktrees/all-task-update-intergration-sync-20260826/runs/doubao-seed-2.0-pro-lite/core200_20260830/run_01/035_linux_android_1368/config/task.json,formal_run_01: formal runner summary; archived incomplete attempts excluded,FAIL,FAIL,recorded_automatic_result; no applicable confirmed rescoring record located,0,0,selected-attempt result.json; no new scoring or reinterpretation,50,1481.65,max_steps,3,android+linux,linux_0:linux;android_0:android;android_1:android,worker-worktrees/all-task-update-intergration-sync-20260826/runs/doubao-seed-2.0-pro-lite/core200_20260830/experiment_metadata.json,worker-worktrees/all-task-update-intergration-sync-20260826/runs/doubao-seed-2.0-pro-lite/core200_20260830/run_01/summary.json,worker-worktrees/all-task-update-intergration-sync-20260826/runs/doubao-seed-2.0-pro-lite/core200_20260830/run_01/035_linux_android_1368/result.json,7348e006ce2a72ef39e134d3c1042de35ae11148,completed,formal_run_01,true,true,true,true
Doubao-Seed-2.0-Pro,linux_android_1078,36,worker-worktrees/all-task-update-intergration-sync-20260826/runs/doubao-seed-2.0-pro-lite/core200_20260830/run_01/036_linux_android_1078,worker-worktrees/all-task-update-intergration-sync-20260826/runs/doubao-seed-2.0-pro-lite/core200_20260830/run_01/run_metadata.json,worker-worktrees/all-task-update-intergration-sync-20260826/runs/doubao-seed-2.0-pro-lite/core200_20260830/run_01/036_linux_android_1078/config/task.json,formal_run_01: formal runner summary; archived incomplete attempts excluded,FAIL,FAIL,recorded_automatic_result; no applicable confirmed rescoring record located,0.5,0.5,selected-attempt result.json; no new scoring or reinterpretation,50,1141.969,max_steps,2,android+linux,android_0:android;linux_0:linux,worker-worktrees/all-task-update-intergration-sync-20260826/runs/doubao-seed-2.0-pro-lite/core200_20260830/experiment_metadata.json,worker-worktrees/all-task-update-intergration-sync-20260826/runs/doubao-seed-2.0-pro-lite/core200_20260830/run_01/summary.json,worker-worktrees/all-task-update-intergration-sync-20260826/runs/doubao-seed-2.0-pro-lite/core200_20260830/run_01/036_linux_android_1078/result.json,7348e006ce2a72ef39e134d3c1042de35ae11148,completed,formal_run_01,true,true,true,true
Doubao-Seed-2.0-Pro,linux_android_1255,37,worker-worktrees/all-task-update-intergration-sync-20260826/runs/doubao-seed-2.0-pro-lite/core200_20260830/run_01/037_linux_android_1255,worker-worktrees/all-task-update-intergration-sync-20260826/runs/doubao-seed-2.0-pro-lite/core200_20260830/run_01/run_metadata.json,worker-worktrees/all-task-update-intergration-sync-20260826/runs/doubao-seed-2.0-pro-lite/core200_20260830/run_01/037_linux_android_1255/config/task.json,formal_run_01: formal runner summary; archived incomplete attempts excluded,FAIL,FAIL,recorded_automatic_result; no applicable confirmed rescoring record located,0.3333333333333333,0.3333333333333333,selected-attempt result.json; no new scoring or reinterpretation,50,1321.177,max_steps,2,android+linux,linux_0:linux;android_0:android,worker-worktrees/all-task-update-intergration-sync-20260826/runs/doubao-seed-2.0-pro-lite/core200_20260830/experiment_metadata.json,worker-worktrees/all-task-update-intergration-sync-20260826/runs/doubao-seed-2.0-pro-lite/core200_20260830/run_01/summary.json,worker-worktrees/all-task-update-intergration-sync-20260826/runs/doubao-seed-2.0-pro-lite/core200_20260830/run_01/037_linux_android_1255/result.json,7348e006ce2a72ef39e134d3c1042de35ae11148,completed,formal_run_01,true,true,true,true
Doubao-Seed-2.0-Pro,linux_android_1241,38,worker-worktrees/all-task-update-intergration-sync-20260826/runs/doubao-seed-2.0-pro-lite/core200_20260830/run_01/038_linux_android_1241,worker-worktrees/all-task-update-intergration-sync-20260826/runs/doubao-seed-2.0-pro-lite/core200_20260830/run_01/run_metadata.json,worker-worktrees/all-task-update-intergration-sync-20260826/runs/doubao-seed-2.0-pro-lite/core200_20260830/run_01/038_linux_android_1241/config/task.json,formal_run_01: formal runner summary; archived incomplete attempts excluded,FAIL,FAIL,recorded_automatic_result; no applicable confirmed rescoring record located,0.2,0.2,selected-attempt result.json; no new scoring or reinterpretation,43,1822.758,time_limit,3,android+linux,linux_0:linux;linux_1:linux;android_0:android,worker-worktrees/all-task-update-intergration-sync-20260826/runs/doubao-seed-2.0-pro-lite/core200_20260830/experiment_metadata.json,worker-worktrees/all-task-update-intergration-sync-20260826/runs/doubao-seed-2.0-pro-lite/core200_20260830/run_01/summary.json,worker-worktrees/all-task-update-intergration-sync-20260826/runs/doubao-seed-2.0-pro-lite/core200_20260830/run_01/038_linux_android_1241/result.json,7348e006ce2a72ef39e134d3c1042de35ae11148,completed,formal_run_01,true,true,true,true
Doubao-Seed-2.0-Pro,linux_android_1357,39,worker-worktrees/all-task-update-intergration-sync-20260826/runs/doubao-seed-2.0-pro-lite/core200_20260830/run_01/039_linux_android_1357,worker-worktrees/all-task-update-intergration-sync-20260826/runs/doubao-seed-2.0-pro-lite/core200_20260830/run_01/run_metadata.json,worker-worktrees/all-task-update-intergration-sync-20260826/runs/doubao-seed-2.0-pro-lite/core200_20260830/run_01/039_linux_android_1357/config/task.json,formal_run_01: formal runner summary; archived incomplete attempts excluded,FAIL,FAIL,recorded_automatic_result; no applicable confirmed rescoring record located,0,0,selected-attempt result.json; no new scoring or reinterpretation,50,1668.96,max_steps,3,android+linux,linux_0:linux;android_0:android;android_1:android,worker-worktrees/all-task-update-intergration-sync-20260826/runs/doubao-seed-2.0-pro-lite/core200_20260830/experiment_metadata.json,worker-worktrees/all-task-update-intergration-sync-20260826/runs/doubao-seed-2.0-pro-lite/core200_20260830/run_01/summary.json,worker-worktrees/all-task-update-intergration-sync-20260826/runs/doubao-seed-2.0-pro-lite/core200_20260830/run_01/039_linux_android_1357/result.json,7348e006ce2a72ef39e134d3c1042de35ae11148,completed,formal_run_01,true,true,true,true
Doubao-Seed-2.0-Pro,linux_android_1831,40,worker-worktrees/all-task-update-intergration-sync-20260826/runs/doubao-seed-2.0-pro-lite/core200_20260830/run_01/040_linux_android_1831,worker-worktrees/all-task-update-intergration-sync-20260826/runs/doubao-seed-2.0-pro-lite/core200_20260830/run_01/run_metadata.json,worker-worktrees/all-task-update-intergration-sync-20260826/runs/doubao-seed-2.0-pro-lite/core200_20260830/run_01/040_linux_android_1831/config/task.json,formal_run_01: formal runner summary; archived incomplete attempts excluded,FAIL,FAIL,recorded_automatic_result; no applicable confirmed rescoring record located,0,0,selected-attempt result.json; no new scoring or reinterpretation,50,1520.507,max_steps,2,android+linux,android_0:android;linux_0:linux,worker-worktrees/all-task-update-intergration-sync-20260826/runs/doubao-seed-2.0-pro-lite/core200_20260830/experiment_metadata.json,worker-worktrees/all-task-update-intergration-sync-20260826/runs/doubao-seed-2.0-pro-lite/core200_20260830/run_01/summary.json,worker-worktrees/all-task-update-intergration-sync-20260826/runs/doubao-seed-2.0-pro-lite/core200_20260830/run_01/040_linux_android_1831/result.json,7348e006ce2a72ef39e134d3c1042de35ae11148,completed,formal_run_01,true,true,true,true
Doubao-Seed-2.0-Pro,linux_android_1324,41,worker-worktrees/all-task-update-intergration-sync-20260826/runs/doubao-seed-2.0-pro-lite/core200_20260830/run_01/041_linux_android_1324,worker-worktrees/all-task-update-intergration-sync-20260826/runs/doubao-seed-2.0-pro-lite/core200_20260830/run_01/run_metadata.json,worker-worktrees/all-task-update-intergration-sync-20260826/runs/doubao-seed-2.0-pro-lite/core200_20260830/run_01/041_linux_android_1324/config/task.json,formal_run_01: formal runner summary; archived incomplete attempts excluded,FAIL,FAIL,recorded_automatic_result; no applicable confirmed rescoring record located,0.3333333333333333,0.3333333333333333,selected-attempt result.json; no new scoring or reinterpretation,50,1257.843,max_steps,3,android+linux,linux_0:linux;android_0:android;android_1:android,worker-worktrees/all-task-update-intergration-sync-20260826/runs/doubao-seed-2.0-pro-lite/core200_20260830/experiment_metadata.json,worker-worktrees/all-task-update-intergration-sync-20260826/runs/doubao-seed-2.0-pro-lite/core200_20260830/run_01/summary.json,worker-worktrees/all-task-update-intergration-sync-20260826/runs/doubao-seed-2.0-pro-lite/core200_20260830/run_01/041_linux_android_1324/result.json,7348e006ce2a72ef39e134d3c1042de35ae11148,completed,formal_run_01,true,true,true,true
Doubao-Seed-2.0-Pro,linux_android_1215,42,worker-worktrees/all-task-update-intergration-sync-20260826/runs/doubao-seed-2.0-pro-lite/core200_20260830/run_01/042_linux_android_1215,worker-worktrees/all-task-update-intergration-sync-20260826/runs/doubao-seed-2.0-pro-lite/core200_20260830/run_01/run_metadata.json,worker-worktrees/all-task-update-intergration-sync-20260826/runs/doubao-seed-2.0-pro-lite/core200_20260830/run_01/042_linux_android_1215/config/task.json,formal_run_01: formal runner summary; archived incomplete attempts excluded,FAIL,FAIL,recorded_automatic_result; no applicable confirmed rescoring record located,0,0,selected-attempt result.json; no new scoring or reinterpretation,49,1815.03,time_limit,3,android+linux,linux_0:linux;android_0:android;android_1:android,worker-worktrees/all-task-update-intergration-sync-20260826/runs/doubao-seed-2.0-pro-lite/core200_20260830/experiment_metadata.json,worker-worktrees/all-task-update-intergration-sync-20260826/runs/doubao-seed-2.0-pro-lite/core200_20260830/run_01/summary.json,worker-worktrees/all-task-update-intergration-sync-20260826/runs/doubao-seed-2.0-pro-lite/core200_20260830/run_01/042_linux_android_1215/result.json,7348e006ce2a72ef39e134d3c1042de35ae11148,completed,formal_run_01,true,true,true,true
Doubao-Seed-2.0-Pro,linux_android_1320,43,worker-worktrees/all-task-update-intergration-sync-20260826/runs/doubao-seed-2.0-pro-lite/core200_20260830/run_01/043_linux_android_1320,worker-worktrees/all-task-update-intergration-sync-20260826/runs/doubao-seed-2.0-pro-lite/core200_20260830/run_01/run_metadata.json,worker-worktrees/all-task-update-intergration-sync-20260826/runs/doubao-seed-2.0-pro-lite/core200_20260830/run_01/043_linux_android_1320/config/task.json,formal_run_01: formal runner summary; archived incomplete attempts excluded,FAIL,FAIL,recorded_automatic_result; no applicable confirmed rescoring record located,0.5,0.5,selected-attempt result.json; no new scoring or reinterpretation,5,381.62,done,4,android+linux,linux_0:linux;linux_1:linux;android_0:android;android_1:android,worker-worktrees/all-task-update-intergration-sync-20260826/runs/doubao-seed-2.0-pro-lite/core200_20260830/experiment_metadata.json,worker-worktrees/all-task-update-intergration-sync-20260826/runs/doubao-seed-2.0-pro-lite/core200_20260830/run_01/summary.json,worker-worktrees/all-task-update-intergration-sync-20260826/runs/doubao-seed-2.0-pro-lite/core200_20260830/run_01/043_linux_android_1320/result.json,7348e006ce2a72ef39e134d3c1042de35ae11148,completed,formal_run_01,true,true,true,true
Doubao-Seed-2.0-Pro,linux_android_1814,44,worker-worktrees/all-task-update-intergration-sync-20260826/runs/doubao-seed-2.0-pro-lite/core200_20260830/run_01/044_linux_android_1814,worker-worktrees/all-task-update-intergration-sync-20260826/runs/doubao-seed-2.0-pro-lite/core200_20260830/run_01/run_metadata.json,worker-worktrees/all-task-update-intergration-sync-20260826/runs/doubao-seed-2.0-pro-lite/core200_20260830/run_01/044_linux_android_1814/config/task.json,formal_run_01: formal runner summary; archived incomplete attempts excluded,FAIL,FAIL,recorded_automatic_result; no applicable confirmed rescoring record located,0,0,selected-attempt result.json; no new scoring or reinterpretation,50,1663.446,max_steps,3,android+linux,android_0:android;android_1:android;linux_0:linux,worker-worktrees/all-task-update-intergration-sync-20260826/runs/doubao-seed-2.0-pro-lite/core200_20260830/experiment_metadata.json,worker-worktrees/all-task-update-intergration-sync-20260826/runs/doubao-seed-2.0-pro-lite/core200_20260830/run_01/summary.json,worker-worktrees/all-task-update-intergration-sync-20260826/runs/doubao-seed-2.0-pro-lite/core200_20260830/run_01/044_linux_android_1814/result.json,7348e006ce2a72ef39e134d3c1042de35ae11148,completed,formal_run_01,true,true,true,true
Doubao-Seed-2.0-Pro,linux_android_1289,45,worker-worktrees/all-task-update-intergration-sync-20260826/runs/doubao-seed-2.0-pro-lite/core200_20260830/run_01/045_linux_android_1289,worker-worktrees/all-task-update-intergration-sync-20260826/runs/doubao-seed-2.0-pro-lite/core200_20260830/run_01/run_metadata.json,worker-worktrees/all-task-update-intergration-sync-20260826/runs/doubao-seed-2.0-pro-lite/core200_20260830/run_01/045_linux_android_1289/config/task.json,formal_run_01: formal runner summary; archived incomplete attempts excluded,FAIL,FAIL,recorded_automatic_result; no applicable confirmed rescoring record located,0.5,0.5,selected-attempt result.json; no new scoring or reinterpretation,50,1794.046,max_steps,2,android+linux,linux_0:linux;android_0:android,worker-worktrees/all-task-update-intergration-sync-20260826/runs/doubao-seed-2.0-pro-lite/core200_20260830/experiment_metadata.json,worker-worktrees/all-task-update-intergration-sync-20260826/runs/doubao-seed-2.0-pro-lite/core200_20260830/run_01/summary.json,worker-worktrees/all-task-update-intergration-sync-20260826/runs/doubao-seed-2.0-pro-lite/core200_20260830/run_01/045_linux_android_1289/result.json,7348e006ce2a72ef39e134d3c1042de35ae11148,completed,formal_run_01,true,true,true,true
Doubao-Seed-2.0-Pro,linux_android_1851,46,worker-worktrees/all-task-update-intergration-sync-20260826/runs/doubao-seed-2.0-pro-lite/core200_20260830/run_01/046_linux_android_1851,worker-worktrees/all-task-update-intergration-sync-20260826/runs/doubao-seed-2.0-pro-lite/core200_20260830/run_01/run_metadata.json,worker-worktrees/all-task-update-intergration-sync-20260826/runs/doubao-seed-2.0-pro-lite/core200_20260830/run_01/046_linux_android_1851/config/task.json,formal_run_01: formal runner summary; archived incomplete attempts excluded,FAIL,FAIL,recorded_automatic_result; no applicable confirmed rescoring record located,0,0,selected-attempt result.json; no new scoring or reinterpretation,50,1679.368,max_steps,2,android+linux,android_0:android;linux_0:linux,worker-worktrees/all-task-update-intergration-sync-20260826/runs/doubao-seed-2.0-pro-lite/core200_20260830/experiment_metadata.json,worker-worktrees/all-task-update-intergration-sync-20260826/runs/doubao-seed-2.0-pro-lite/core200_20260830/run_01/summary.json,worker-worktrees/all-task-update-intergration-sync-20260826/runs/doubao-seed-2.0-pro-lite/core200_20260830/run_01/046_linux_android_1851/result.json,7348e006ce2a72ef39e134d3c1042de35ae11148,completed,formal_run_01,true,true,true,true
Doubao-Seed-2.0-Pro,linux_android_1365,47,worker-worktrees/all-task-update-intergration-sync-20260826/runs/doubao-seed-2.0-pro-lite/core200_20260830/run_01/047_linux_android_1365,worker-worktrees/all-task-update-intergration-sync-20260826/runs/doubao-seed-2.0-pro-lite/core200_20260830/run_01/run_metadata.json,worker-worktrees/all-task-update-intergration-sync-20260826/runs/doubao-seed-2.0-pro-lite/core200_20260830/run_01/047_linux_android_1365/config/task.json,formal_run_01: formal runner summary; archived incomplete attempts excluded,FAIL,FAIL,recorded_automatic_result; no applicable confirmed rescoring record located,0.5,0.5,selected-attempt result.json; no new scoring or reinterpretation,48,1847.216,time_limit,3,android+linux,linux_0:linux;android_0:android;android_1:android,worker-worktrees/all-task-update-intergration-sync-20260826/runs/doubao-seed-2.0-pro-lite/core200_20260830/experiment_metadata.json,worker-worktrees/all-task-update-intergration-sync-20260826/runs/doubao-seed-2.0-pro-lite/core200_20260830/run_01/summary.json,worker-worktrees/all-task-update-intergration-sync-20260826/runs/doubao-seed-2.0-pro-lite/core200_20260830/run_01/047_linux_android_1365/result.json,7348e006ce2a72ef39e134d3c1042de35ae11148,completed,formal_run_01,true,true,true,true
Doubao-Seed-2.0-Pro,linux_android_1853,48,worker-worktrees/all-task-update-intergration-sync-20260826/runs/doubao-seed-2.0-pro-lite/core200_20260830/run_01/048_linux_android_1853,worker-worktrees/all-task-update-intergration-sync-20260826/runs/doubao-seed-2.0-pro-lite/core200_20260830/run_01/run_metadata.json,worker-worktrees/all-task-update-intergration-sync-20260826/runs/doubao-seed-2.0-pro-lite/core200_20260830/run_01/048_linux_android_1853/config/task.json,formal_run_01: formal runner summary; archived incomplete attempts excluded,FAIL,FAIL,recorded_automatic_result; no applicable confirmed rescoring record located,0.5,0.5,selected-attempt result.json; no new scoring or reinterpretation,46,1810.48,time_limit,3,android+linux,android_0:android;android_1:android;linux_0:linux,worker-worktrees/all-task-update-intergration-sync-20260826/runs/doubao-seed-2.0-pro-lite/core200_20260830/experiment_metadata.json,worker-worktrees/all-task-update-intergration-sync-20260826/runs/doubao-seed-2.0-pro-lite/core200_20260830/run_01/summary.json,worker-worktrees/all-task-update-intergration-sync-20260826/runs/doubao-seed-2.0-pro-lite/core200_20260830/run_01/048_linux_android_1853/result.json,7348e006ce2a72ef39e134d3c1042de35ae11148,completed,formal_run_01,true,true,true,true
Doubao-Seed-2.0-Pro,linux_android_1185,49,worker-worktrees/all-task-update-intergration-sync-20260826/runs/doubao-seed-2.0-pro-lite/core200_20260830/run_01/049_linux_android_1185,worker-worktrees/all-task-update-intergration-sync-20260826/runs/doubao-seed-2.0-pro-lite/core200_20260830/run_01/run_metadata.json,worker-worktrees/all-task-update-intergration-sync-20260826/runs/doubao-seed-2.0-pro-lite/core200_20260830/run_01/049_linux_android_1185/config/task.json,formal_run_01: formal runner summary; archived incomplete attempts excluded,FAIL,FAIL,recorded_automatic_result; no applicable confirmed rescoring record located,0.3333333333333333,0.3333333333333333,selected-attempt result.json; no new scoring or reinterpretation,42,1821.376,time_limit,4,android+linux,linux_0:linux;linux_1:linux;android_0:android;android_1:android,worker-worktrees/all-task-update-intergration-sync-20260826/runs/doubao-seed-2.0-pro-lite/core200_20260830/experiment_metadata.json,worker-worktrees/all-task-update-intergration-sync-20260826/runs/doubao-seed-2.0-pro-lite/core200_20260830/run_01/summary.json,worker-worktrees/all-task-update-intergration-sync-20260826/runs/doubao-seed-2.0-pro-lite/core200_20260830/run_01/049_linux_android_1185/result.json,7348e006ce2a72ef39e134d3c1042de35ae11148,completed,formal_run_01,true,true,true,true
Doubao-Seed-2.0-Pro,linux_android_1217,50,worker-worktrees/all-task-update-intergration-sync-20260826/runs/doubao-seed-2.0-pro-lite/core200_20260830/run_01/050_linux_android_1217,worker-worktrees/all-task-update-intergration-sync-20260826/runs/doubao-seed-2.0-pro-lite/core200_20260830/run_01/run_metadata.json,worker-worktrees/all-task-update-intergration-sync-20260826/runs/doubao-seed-2.0-pro-lite/core200_20260830/run_01/050_linux_android_1217/config/task.json,formal_run_01: formal runner summary; archived incomplete attempts excluded,FAIL,FAIL,recorded_automatic_result; no applicable confirmed rescoring record located,0,0,selected-attempt result.json; no new scoring or reinterpretation,35,1817.927,time_limit,3,android+linux,linux_0:linux;linux_1:linux;android_0:android,worker-worktrees/all-task-update-intergration-sync-20260826/runs/doubao-seed-2.0-pro-lite/core200_20260830/experiment_metadata.json,worker-worktrees/all-task-update-intergration-sync-20260826/runs/doubao-seed-2.0-pro-lite/core200_20260830/run_01/summary.json,worker-worktrees/all-task-update-intergration-sync-20260826/runs/doubao-seed-2.0-pro-lite/core200_20260830/run_01/050_linux_android_1217/result.json,7348e006ce2a72ef39e134d3c1042de35ae11148,completed,formal_run_01,true,true,true,true
Doubao-Seed-2.0-Pro,linux_android_1858,51,worker-worktrees/all-task-update-intergration-sync-20260826/runs/doubao-seed-2.0-pro-lite/core200_20260830/run_01/051_linux_android_1858,worker-worktrees/all-task-update-intergration-sync-20260826/runs/doubao-seed-2.0-pro-lite/core200_20260830/run_01/run_metadata.json,worker-worktrees/all-task-update-intergration-sync-20260826/runs/doubao-seed-2.0-pro-lite/core200_20260830/run_01/051_linux_android_1858/config/task.json,formal_run_01: formal runner summary; archived incomplete attempts excluded,FAIL,FAIL,recorded_automatic_result; no applicable confirmed rescoring record located,0.6666666666666666,0.6666666666666666,selected-attempt result.json; no new scoring or reinterpretation,4,341.894,done,3,android+linux,android_0:android;linux_0:linux;linux_1:linux,worker-worktrees/all-task-update-intergration-sync-20260826/runs/doubao-seed-2.0-pro-lite/core200_20260830/experiment_metadata.json,worker-worktrees/all-task-update-intergration-sync-20260826/runs/doubao-seed-2.0-pro-lite/core200_20260830/run_01/summary.json,worker-worktrees/all-task-update-intergration-sync-20260826/runs/doubao-seed-2.0-pro-lite/core200_20260830/run_01/051_linux_android_1858/result.json,7348e006ce2a72ef39e134d3c1042de35ae11148,completed,formal_run_01,true,true,true,true
Doubao-Seed-2.0-Pro,linux_android_1181,52,worker-worktrees/all-task-update-intergration-sync-20260826/runs/doubao-seed-2.0-pro-lite/core200_20260830/run_01/052_linux_android_1181,worker-worktrees/all-task-update-intergration-sync-20260826/runs/doubao-seed-2.0-pro-lite/core200_20260830/run_01/run_metadata.json,worker-worktrees/all-task-update-intergration-sync-20260826/runs/doubao-seed-2.0-pro-lite/core200_20260830/run_01/052_linux_android_1181/config/task.json,formal_run_01: formal runner summary; archived incomplete attempts excluded,PASS,PASS,recorded_automatic_result; no applicable confirmed rescoring record located,1,1,selected-attempt result.json; no new scoring or reinterpretation,15,866.464,done,2,android+linux,linux_0:linux;android_0:android,worker-worktrees/all-task-update-intergration-sync-20260826/runs/doubao-seed-2.0-pro-lite/core200_20260830/experiment_metadata.json,worker-worktrees/all-task-update-intergration-sync-20260826/runs/doubao-seed-2.0-pro-lite/core200_20260830/run_01/summary.json,worker-worktrees/all-task-update-intergration-sync-20260826/runs/doubao-seed-2.0-pro-lite/core200_20260830/run_01/052_linux_android_1181/result.json,7348e006ce2a72ef39e134d3c1042de35ae11148,completed,formal_run_01,true,true,true,true
Doubao-Seed-2.0-Pro,linux_android_1869,53,worker-worktrees/all-task-update-intergration-sync-20260826/runs/doubao-seed-2.0-pro-lite/core200_20260830/run_01/053_linux_android_1869,worker-worktrees/all-task-update-intergration-sync-20260826/runs/doubao-seed-2.0-pro-lite/core200_20260830/run_01/run_metadata.json,worker-worktrees/all-task-update-intergration-sync-20260826/runs/doubao-seed-2.0-pro-lite/core200_20260830/run_01/053_linux_android_1869/config/task.json,formal_run_01: formal runner summary; archived incomplete attempts excluded,FAIL,FAIL,recorded_automatic_result; no applicable confirmed rescoring record located,0.5,0.5,selected-attempt result.json; no new scoring or reinterpretation,34,1818.287,time_limit,4,android+linux,android_0:android;android_1:android;linux_0:linux;linux_1:linux,worker-worktrees/all-task-update-intergration-sync-20260826/runs/doubao-seed-2.0-pro-lite/core200_20260830/experiment_metadata.json,worker-worktrees/all-task-update-intergration-sync-20260826/runs/doubao-seed-2.0-pro-lite/core200_20260830/run_01/summary.json,worker-worktrees/all-task-update-intergration-sync-20260826/runs/doubao-seed-2.0-pro-lite/core200_20260830/run_01/053_linux_android_1869/result.json,7348e006ce2a72ef39e134d3c1042de35ae11148,completed,formal_run_01,true,true,true,true
Doubao-Seed-2.0-Pro,linux_android_943,54,worker-worktrees/all-task-update-intergration-sync-20260826/runs/doubao-seed-2.0-pro-lite/core200_20260830/run_01/054_linux_android_943,worker-worktrees/all-task-update-intergration-sync-20260826/runs/doubao-seed-2.0-pro-lite/core200_20260830/run_01/run_metadata.json,worker-worktrees/all-task-update-intergration-sync-20260826/runs/doubao-seed-2.0-pro-lite/core200_20260830/run_01/054_linux_android_943/config/task.json,formal_run_01: formal runner summary; archived incomplete attempts excluded,FAIL,FAIL,recorded_automatic_result; no applicable confirmed rescoring record located,0,0,selected-attempt result.json; no new scoring or reinterpretation,44,1807.689,time_limit,2,android+linux,android_0:android;linux_0:linux,worker-worktrees/all-task-update-intergration-sync-20260826/runs/doubao-seed-2.0-pro-lite/core200_20260830/experiment_metadata.json,worker-worktrees/all-task-update-intergration-sync-20260826/runs/doubao-seed-2.0-pro-lite/core200_20260830/run_01/summary.json,worker-worktrees/all-task-update-intergration-sync-20260826/runs/doubao-seed-2.0-pro-lite/core200_20260830/run_01/054_linux_android_943/result.json,7348e006ce2a72ef39e134d3c1042de35ae11148,completed,formal_run_01,true,true,true,true
Doubao-Seed-2.0-Pro,linux_android_1274,55,worker-worktrees/all-task-update-intergration-sync-20260826/runs/doubao-seed-2.0-pro-lite/core200_20260830/run_01/055_linux_android_1274,worker-worktrees/all-task-update-intergration-sync-20260826/runs/doubao-seed-2.0-pro-lite/core200_20260830/run_01/run_metadata.json,worker-worktrees/all-task-update-intergration-sync-20260826/runs/doubao-seed-2.0-pro-lite/core200_20260830/run_01/055_linux_android_1274/config/task.json,formal_run_01: formal runner summary; archived incomplete attempts excluded,FAIL,FAIL,recorded_automatic_result; no applicable confirmed rescoring record located,0.6666666666666666,0.6666666666666666,selected-attempt result.json; no new scoring or reinterpretation,40,1817.767,time_limit,3,android+linux,linux_0:linux;android_0:android;android_1:android,worker-worktrees/all-task-update-intergration-sync-20260826/runs/doubao-seed-2.0-pro-lite/core200_20260830/experiment_metadata.json,worker-worktrees/all-task-update-intergration-sync-20260826/runs/doubao-seed-2.0-pro-lite/core200_20260830/run_01/summary.json,worker-worktrees/all-task-update-intergration-sync-20260826/runs/doubao-seed-2.0-pro-lite/core200_20260830/run_01/055_linux_android_1274/result.json,7348e006ce2a72ef39e134d3c1042de35ae11148,completed,formal_run_01,true,true,true,true
Doubao-Seed-2.0-Pro,linux_android_1863,56,worker-worktrees/all-task-update-intergration-sync-20260826/runs/doubao-seed-2.0-pro-lite/core200_20260830/run_01/056_linux_android_1863,worker-worktrees/all-task-update-intergration-sync-20260826/runs/doubao-seed-2.0-pro-lite/core200_20260830/run_01/run_metadata.json,worker-worktrees/all-task-update-intergration-sync-20260826/runs/doubao-seed-2.0-pro-lite/core200_20260830/run_01/056_linux_android_1863/config/task.json,formal_run_01: formal runner summary; archived incomplete attempts excluded,FAIL,FAIL,recorded_automatic_result; no applicable confirmed rescoring record located,0,0,selected-attempt result.json; no new scoring or reinterpretation,32,1816.005,time_limit,4,android+linux,android_0:android;android_1:android;linux_0:linux;linux_1:linux,worker-worktrees/all-task-update-intergration-sync-20260826/runs/doubao-seed-2.0-pro-lite/core200_20260830/experiment_metadata.json,worker-worktrees/all-task-update-intergration-sync-20260826/runs/doubao-seed-2.0-pro-lite/core200_20260830/run_01/summary.json,worker-worktrees/all-task-update-intergration-sync-20260826/runs/doubao-seed-2.0-pro-lite/core200_20260830/run_01/056_linux_android_1863/result.json,7348e006ce2a72ef39e134d3c1042de35ae11148,completed,formal_run_01,true,true,true,true
Doubao-Seed-2.0-Pro,linux_android_1866,57,worker-worktrees/all-task-update-intergration-sync-20260826/runs/doubao-seed-2.0-pro-lite/core200_20260830/run_01/057_linux_android_1866,worker-worktrees/all-task-update-intergration-sync-20260826/runs/doubao-seed-2.0-pro-lite/core200_20260830/run_01/run_metadata.json,worker-worktrees/all-task-update-intergration-sync-20260826/runs/doubao-seed-2.0-pro-lite/core200_20260830/run_01/057_linux_android_1866/config/task.json,formal_run_01: formal runner summary; archived incomplete attempts excluded,FAIL,FAIL,recorded_automatic_result; no applicable confirmed rescoring record located,0,0,selected-attempt result.json; no new scoring or reinterpretation,35,1818.734,time_limit,4,android+linux,android_0:android;android_1:android;linux_0:linux;linux_1:linux,worker-worktrees/all-task-update-intergration-sync-20260826/runs/doubao-seed-2.0-pro-lite/core200_20260830/experiment_metadata.json,worker-worktrees/all-task-update-intergration-sync-20260826/runs/doubao-seed-2.0-pro-lite/core200_20260830/run_01/summary.json,worker-worktrees/all-task-update-intergration-sync-20260826/runs/doubao-seed-2.0-pro-lite/core200_20260830/run_01/057_linux_android_1866/result.json,7348e006ce2a72ef39e134d3c1042de35ae11148,completed,formal_run_01,true,true,true,true
Doubao-Seed-2.0-Pro,linux_android_997,58,worker-worktrees/all-task-update-intergration-sync-20260826/runs/doubao-seed-2.0-pro-lite/core200_20260830/run_01/058_linux_android_997,worker-worktrees/all-task-update-intergration-sync-20260826/runs/doubao-seed-2.0-pro-lite/core200_20260830/run_01/run_metadata.json,worker-worktrees/all-task-update-intergration-sync-20260826/runs/doubao-seed-2.0-pro-lite/core200_20260830/run_01/058_linux_android_997/config/task.json,formal_run_01: formal runner summary; archived incomplete attempts excluded,FAIL,FAIL,recorded_automatic_result; no applicable confirmed rescoring record located,0,0,selected-attempt result.json; no new scoring or reinterpretation,32,1832.687,time_limit,3,android+linux,android_0:android;android_1:android;linux_0:linux,worker-worktrees/all-task-update-intergration-sync-20260826/runs/doubao-seed-2.0-pro-lite/core200_20260830/experiment_metadata.json,worker-worktrees/all-task-update-intergration-sync-20260826/runs/doubao-seed-2.0-pro-lite/core200_20260830/run_01/summary.json,worker-worktrees/all-task-update-intergration-sync-20260826/runs/doubao-seed-2.0-pro-lite/core200_20260830/run_01/058_linux_android_997/result.json,7348e006ce2a72ef39e134d3c1042de35ae11148,completed,formal_run_01,true,true,true,true
Doubao-Seed-2.0-Pro,linux_android_947,59,worker-worktrees/all-task-update-intergration-sync-20260826/runs/doubao-seed-2.0-pro-lite/core200_20260830/run_01/059_linux_android_947,worker-worktrees/all-task-update-intergration-sync-20260826/runs/doubao-seed-2.0-pro-lite/core200_20260830/run_01/run_metadata.json,worker-worktrees/all-task-update-intergration-sync-20260826/runs/doubao-seed-2.0-pro-lite/core200_20260830/run_01/059_linux_android_947/config/task.json,formal_run_01: formal runner summary; archived incomplete attempts excluded,FAIL,FAIL,recorded_automatic_result; no applicable confirmed rescoring record located,0,0,selected-attempt result.json; no new scoring or reinterpretation,42,1851.765,time_limit,3,android+linux,android_0:android;linux_0:linux;linux_1:linux,worker-worktrees/all-task-update-intergration-sync-20260826/runs/doubao-seed-2.0-pro-lite/core200_20260830/experiment_metadata.json,worker-worktrees/all-task-update-intergration-sync-20260826/runs/doubao-seed-2.0-pro-lite/core200_20260830/run_01/summary.json,worker-worktrees/all-task-update-intergration-sync-20260826/runs/doubao-seed-2.0-pro-lite/core200_20260830/run_01/059_linux_android_947/result.json,7348e006ce2a72ef39e134d3c1042de35ae11148,completed,formal_run_01,true,true,true,true
Doubao-Seed-2.0-Pro,linux_android_1080,60,worker-worktrees/all-task-update-intergration-sync-20260826/runs/doubao-seed-2.0-pro-lite/core200_20260830/run_01/060_linux_android_1080,worker-worktrees/all-task-update-intergration-sync-20260826/runs/doubao-seed-2.0-pro-lite/core200_20260830/run_01/run_metadata.json,worker-worktrees/all-task-update-intergration-sync-20260826/runs/doubao-seed-2.0-pro-lite/core200_20260830/run_01/060_linux_android_1080/config/task.json,formal_run_01: formal runner summary; archived incomplete attempts excluded,FAIL,FAIL,recorded_automatic_result; no applicable confirmed rescoring record located,0.6666666666666666,0.6666666666666666,selected-attempt result.json; no new scoring or reinterpretation,41,1817.75,time_limit,3,android+linux,android_0:android;android_1:android;linux_0:linux,worker-worktrees/all-task-update-intergration-sync-20260826/runs/doubao-seed-2.0-pro-lite/core200_20260830/experiment_metadata.json,worker-worktrees/all-task-update-intergration-sync-20260826/runs/doubao-seed-2.0-pro-lite/core200_20260830/run_01/summary.json,worker-worktrees/all-task-update-intergration-sync-20260826/runs/doubao-seed-2.0-pro-lite/core200_20260830/run_01/060_linux_android_1080/result.json,7348e006ce2a72ef39e134d3c1042de35ae11148,completed,formal_run_01,true,true,true,true
Doubao-Seed-2.0-Pro,linux_android_1859,61,worker-worktrees/all-task-update-intergration-sync-20260826/runs/doubao-seed-2.0-pro-lite/core200_20260830/run_01/061_linux_android_1859,worker-worktrees/all-task-update-intergration-sync-20260826/runs/doubao-seed-2.0-pro-lite/core200_20260830/run_01/run_metadata.json,worker-worktrees/all-task-update-intergration-sync-20260826/runs/doubao-seed-2.0-pro-lite/core200_20260830/run_01/061_linux_android_1859/config/task.json,formal_run_01: formal runner summary; archived incomplete attempts excluded,FAIL,FAIL,recorded_automatic_result; no applicable confirmed rescoring record located,0,0,selected-attempt result.json; no new scoring or reinterpretation,15,793.024,done,4,android+linux,android_0:android;android_1:android;linux_0:linux;linux_1:linux,worker-worktrees/all-task-update-intergration-sync-20260826/runs/doubao-seed-2.0-pro-lite/core200_20260830/experiment_metadata.json,worker-worktrees/all-task-update-intergration-sync-20260826/runs/doubao-seed-2.0-pro-lite/core200_20260830/run_01/summary.json,worker-worktrees/all-task-update-intergration-sync-20260826/runs/doubao-seed-2.0-pro-lite/core200_20260830/run_01/061_linux_android_1859/result.json,7348e006ce2a72ef39e134d3c1042de35ae11148,completed,formal_run_01,true,true,true,true
Doubao-Seed-2.0-Pro,linux_android_905,62,worker-worktrees/all-task-update-intergration-sync-20260826/runs/doubao-seed-2.0-pro-lite/core200_20260830/run_01/062_linux_android_905,worker-worktrees/all-task-update-intergration-sync-20260826/runs/doubao-seed-2.0-pro-lite/core200_20260830/run_01/run_metadata.json,worker-worktrees/all-task-update-intergration-sync-20260826/runs/doubao-seed-2.0-pro-lite/core200_20260830/run_01/062_linux_android_905/config/task.json,formal_run_01: formal runner summary; archived incomplete attempts excluded,FAIL,FAIL,recorded_automatic_result; no applicable confirmed rescoring record located,0,0,selected-attempt result.json; no new scoring or reinterpretation,34,1816.594,time_limit,3,android+linux,android_0:android;linux_0:linux;linux_1:linux,worker-worktrees/all-task-update-intergration-sync-20260826/runs/doubao-seed-2.0-pro-lite/core200_20260830/experiment_metadata.json,worker-worktrees/all-task-update-intergration-sync-20260826/runs/doubao-seed-2.0-pro-lite/core200_20260830/run_01/summary.json,worker-worktrees/all-task-update-intergration-sync-20260826/runs/doubao-seed-2.0-pro-lite/core200_20260830/run_01/062_linux_android_905/result.json,7348e006ce2a72ef39e134d3c1042de35ae11148,completed,formal_run_01,true,true,true,true
Doubao-Seed-2.0-Pro,linux_android_1264,63,worker-worktrees/all-task-update-intergration-sync-20260826/runs/doubao-seed-2.0-pro-lite/core200_20260830/run_01/063_linux_android_1264,worker-worktrees/all-task-update-intergration-sync-20260826/runs/doubao-seed-2.0-pro-lite/core200_20260830/run_01/run_metadata.json,worker-worktrees/all-task-update-intergration-sync-20260826/runs/doubao-seed-2.0-pro-lite/core200_20260830/run_01/063_linux_android_1264/config/task.json,formal_run_01: formal runner summary; archived incomplete attempts excluded,FAIL,FAIL,recorded_automatic_result; no applicable confirmed rescoring record located,0,0,selected-attempt result.json; no new scoring or reinterpretation,48,1808.048,time_limit,2,android+linux,linux_0:linux;android_0:android,worker-worktrees/all-task-update-intergration-sync-20260826/runs/doubao-seed-2.0-pro-lite/core200_20260830/experiment_metadata.json,worker-worktrees/all-task-update-intergration-sync-20260826/runs/doubao-seed-2.0-pro-lite/core200_20260830/run_01/summary.json,worker-worktrees/all-task-update-intergration-sync-20260826/runs/doubao-seed-2.0-pro-lite/core200_20260830/run_01/063_linux_android_1264/result.json,7348e006ce2a72ef39e134d3c1042de35ae11148,completed,formal_run_01,true,true,true,true
Doubao-Seed-2.0-Pro,linux_android_1037,64,worker-worktrees/all-task-update-intergration-sync-20260826/runs/doubao-seed-2.0-pro-lite/core200_20260830/run_01/064_linux_android_1037,worker-worktrees/all-task-update-intergration-sync-20260826/runs/doubao-seed-2.0-pro-lite/core200_20260830/run_01/run_metadata.json,worker-worktrees/all-task-update-intergration-sync-20260826/runs/doubao-seed-2.0-pro-lite/core200_20260830/run_01/064_linux_android_1037/config/task.json,formal_run_01: formal runner summary; archived incomplete attempts excluded,FAIL,FAIL,recorded_automatic_result; no applicable confirmed rescoring record located,0,0,selected-attempt result.json; no new scoring or reinterpretation,50,1370.373,max_steps,3,android+linux,android_0:android;android_1:android;linux_0:linux,worker-worktrees/all-task-update-intergration-sync-20260826/runs/doubao-seed-2.0-pro-lite/core200_20260830/experiment_metadata.json,worker-worktrees/all-task-update-intergration-sync-20260826/runs/doubao-seed-2.0-pro-lite/core200_20260830/run_01/summary.json,worker-worktrees/all-task-update-intergration-sync-20260826/runs/doubao-seed-2.0-pro-lite/core200_20260830/run_01/064_linux_android_1037/result.json,7348e006ce2a72ef39e134d3c1042de35ae11148,completed,formal_run_01,true,true,true,true
Doubao-Seed-2.0-Pro,linux_android_1314,65,worker-worktrees/all-task-update-intergration-sync-20260826/runs/doubao-seed-2.0-pro-lite/core200_20260830/run_01/065_linux_android_1314,worker-worktrees/all-task-update-intergration-sync-20260826/runs/doubao-seed-2.0-pro-lite/core200_20260830/run_01/run_metadata.json,worker-worktrees/all-task-update-intergration-sync-20260826/runs/doubao-seed-2.0-pro-lite/core200_20260830/run_01/065_linux_android_1314/config/task.json,formal_run_01: formal runner summary; archived incomplete attempts excluded,PASS,PASS,recorded_automatic_result; no applicable confirmed rescoring record located,1,1,selected-attempt result.json; no new scoring or reinterpretation,7,341.847,done,2,android+linux,linux_0:linux;android_0:android,worker-worktrees/all-task-update-intergration-sync-20260826/runs/doubao-seed-2.0-pro-lite/core200_20260830/experiment_metadata.json,worker-worktrees/all-task-update-intergration-sync-20260826/runs/doubao-seed-2.0-pro-lite/core200_20260830/run_01/summary.json,worker-worktrees/all-task-update-intergration-sync-20260826/runs/doubao-seed-2.0-pro-lite/core200_20260830/run_01/065_linux_android_1314/result.json,7348e006ce2a72ef39e134d3c1042de35ae11148,completed,formal_run_01,true,true,true,true
Doubao-Seed-2.0-Pro,linux_android_1034,66,worker-worktrees/all-task-update-intergration-sync-20260826/runs/doubao-seed-2.0-pro-lite/core200_20260830/run_01/066_linux_android_1034,worker-worktrees/all-task-update-intergration-sync-20260826/runs/doubao-seed-2.0-pro-lite/core200_20260830/run_01/run_metadata.json,worker-worktrees/all-task-update-intergration-sync-20260826/runs/doubao-seed-2.0-pro-lite/core200_20260830/run_01/066_linux_android_1034/config/task.json,formal_run_01: formal runner summary; archived incomplete attempts excluded,FAIL,FAIL,recorded_automatic_result; no applicable confirmed rescoring record located,0.25,0.25,selected-attempt result.json; no new scoring or reinterpretation,26,1821.145,time_limit,4,android+linux,android_0:android;android_1:android;linux_0:linux;linux_1:linux,worker-worktrees/all-task-update-intergration-sync-20260826/runs/doubao-seed-2.0-pro-lite/core200_20260830/experiment_metadata.json,worker-worktrees/all-task-update-intergration-sync-20260826/runs/doubao-seed-2.0-pro-lite/core200_20260830/run_01/summary.json,worker-worktrees/all-task-update-intergration-sync-20260826/runs/doubao-seed-2.0-pro-lite/core200_20260830/run_01/066_linux_android_1034/result.json,7348e006ce2a72ef39e134d3c1042de35ae11148,completed,formal_run_01,true,true,true,true
Doubao-Seed-2.0-Pro,linux_android_1307,67,worker-worktrees/all-task-update-intergration-sync-20260826/runs/doubao-seed-2.0-pro-lite/core200_20260830/run_01/067_linux_android_1307,worker-worktrees/all-task-update-intergration-sync-20260826/runs/doubao-seed-2.0-pro-lite/core200_20260830/run_01/run_metadata.json,worker-worktrees/all-task-update-intergration-sync-20260826/runs/doubao-seed-2.0-pro-lite/core200_20260830/run_01/067_linux_android_1307/config/task.json,formal_run_01: formal runner summary; archived incomplete attempts excluded,PASS,PASS,recorded_automatic_result; no applicable confirmed rescoring record located,1,1,selected-attempt result.json; no new scoring or reinterpretation,5,324.414,done,2,android+linux,linux_0:linux;android_0:android,worker-worktrees/all-task-update-intergration-sync-20260826/runs/doubao-seed-2.0-pro-lite/core200_20260830/experiment_metadata.json,worker-worktrees/all-task-update-intergration-sync-20260826/runs/doubao-seed-2.0-pro-lite/core200_20260830/run_01/summary.json,worker-worktrees/all-task-update-intergration-sync-20260826/runs/doubao-seed-2.0-pro-lite/core200_20260830/run_01/067_linux_android_1307/result.json,7348e006ce2a72ef39e134d3c1042de35ae11148,completed,formal_run_01,true,true,true,true
Doubao-Seed-2.0-Pro,linux_android_1252,68,worker-worktrees/all-task-update-intergration-sync-20260826/runs/doubao-seed-2.0-pro-lite/core200_20260830/run_01/068_linux_android_1252,worker-worktrees/all-task-update-intergration-sync-20260826/runs/doubao-seed-2.0-pro-lite/core200_20260830/run_01/run_metadata.json,worker-worktrees/all-task-update-intergration-sync-20260826/runs/doubao-seed-2.0-pro-lite/core200_20260830/run_01/068_linux_android_1252/config/task.json,formal_run_01: formal runner summary; archived incomplete attempts excluded,PASS,PASS,recorded_automatic_result; no applicable confirmed rescoring record located,1,1,selected-attempt result.json; no new scoring or reinterpretation,4,381.287,done,3,android+linux,linux_0:linux;linux_1:linux;android_0:android,worker-worktrees/all-task-update-intergration-sync-20260826/runs/doubao-seed-2.0-pro-lite/core200_20260830/experiment_metadata.json,worker-worktrees/all-task-update-intergration-sync-20260826/runs/doubao-seed-2.0-pro-lite/core200_20260830/run_01/summary.json,worker-worktrees/all-task-update-intergration-sync-20260826/runs/doubao-seed-2.0-pro-lite/core200_20260830/run_01/068_linux_android_1252/result.json,7348e006ce2a72ef39e134d3c1042de35ae11148,completed,formal_run_01,true,true,true,true
Doubao-Seed-2.0-Pro,linux_android_1183,69,worker-worktrees/all-task-update-intergration-sync-20260826/runs/doubao-seed-2.0-pro-lite/core200_20260830/run_01/069_linux_android_1183,worker-worktrees/all-task-update-intergration-sync-20260826/runs/doubao-seed-2.0-pro-lite/core200_20260830/run_01/run_metadata.json,worker-worktrees/all-task-update-intergration-sync-20260826/runs/doubao-seed-2.0-pro-lite/core200_20260830/run_01/069_linux_android_1183/config/task.json,formal_run_01: formal runner summary; archived incomplete attempts excluded,PASS,PASS,recorded_automatic_result; no applicable confirmed rescoring record located,1,1,selected-attempt result.json; no new scoring or reinterpretation,4,204.234,done,2,android+linux,linux_0:linux;android_0:android,worker-worktrees/all-task-update-intergration-sync-20260826/runs/doubao-seed-2.0-pro-lite/core200_20260830/experiment_metadata.json,worker-worktrees/all-task-update-intergration-sync-20260826/runs/doubao-seed-2.0-pro-lite/core200_20260830/run_01/summary.json,worker-worktrees/all-task-update-intergration-sync-20260826/runs/doubao-seed-2.0-pro-lite/core200_20260830/run_01/069_linux_android_1183/result.json,7348e006ce2a72ef39e134d3c1042de35ae11148,completed,formal_run_01,true,true,true,true
Doubao-Seed-2.0-Pro,linux_android_1234,70,worker-worktrees/all-task-update-intergration-sync-20260826/runs/doubao-seed-2.0-pro-lite/core200_20260830/run_01/070_linux_android_1234,worker-worktrees/all-task-update-intergration-sync-20260826/runs/doubao-seed-2.0-pro-lite/core200_20260830/run_01/run_metadata.json,worker-worktrees/all-task-update-intergration-sync-20260826/runs/doubao-seed-2.0-pro-lite/core200_20260830/run_01/070_linux_android_1234/config/task.json,formal_run_01: formal runner summary; archived incomplete attempts excluded,PASS,PASS,recorded_automatic_result; no applicable confirmed rescoring record located,1,1,selected-attempt result.json; no new scoring or reinterpretation,12,476.605,done,2,android+linux,linux_0:linux;android_0:android,worker-worktrees/all-task-update-intergration-sync-20260826/runs/doubao-seed-2.0-pro-lite/core200_20260830/experiment_metadata.json,worker-worktrees/all-task-update-intergration-sync-20260826/runs/doubao-seed-2.0-pro-lite/core200_20260830/run_01/summary.json,worker-worktrees/all-task-update-intergration-sync-20260826/runs/doubao-seed-2.0-pro-lite/core200_20260830/run_01/070_linux_android_1234/result.json,7348e006ce2a72ef39e134d3c1042de35ae11148,completed,formal_run_01,true,true,true,true
Doubao-Seed-2.0-Pro,linux_android_1828,71,worker-worktrees/all-task-update-intergration-sync-20260826/runs/doubao-seed-2.0-pro-lite/core200_20260830/run_01/071_linux_android_1828,worker-worktrees/all-task-update-intergration-sync-20260826/runs/doubao-seed-2.0-pro-lite/core200_20260830/run_01/run_metadata.json,worker-worktrees/all-task-update-intergration-sync-20260826/runs/doubao-seed-2.0-pro-lite/core200_20260830/run_01/071_linux_android_1828/config/task.json,formal_run_01: formal runner summary; archived incomplete attempts excluded,FAIL,FAIL,recorded_automatic_result; no applicable confirmed rescoring record located,0,0,selected-attempt result.json; no new scoring or reinterpretation,15,1820.016,time_limit,2,android+linux,android_0:android;linux_0:linux,worker-worktrees/all-task-update-intergration-sync-20260826/runs/doubao-seed-2.0-pro-lite/core200_20260830/experiment_metadata.json,worker-worktrees/all-task-update-intergration-sync-20260826/runs/doubao-seed-2.0-pro-lite/core200_20260830/run_01/summary.json,worker-worktrees/all-task-update-intergration-sync-20260826/runs/doubao-seed-2.0-pro-lite/core200_20260830/run_01/071_linux_android_1828/result.json,7348e006ce2a72ef39e134d3c1042de35ae11148,completed,formal_run_01,true,true,true,true
Doubao-Seed-2.0-Pro,linux_android_1312,72,worker-worktrees/all-task-update-intergration-sync-20260826/runs/doubao-seed-2.0-pro-lite/core200_20260830/run_01/072_linux_android_1312,worker-worktrees/all-task-update-intergration-sync-20260826/runs/doubao-seed-2.0-pro-lite/core200_20260830/run_01/run_metadata.json,worker-worktrees/all-task-update-intergration-sync-20260826/runs/doubao-seed-2.0-pro-lite/core200_20260830/run_01/072_linux_android_1312/config/task.json,formal_run_01: formal runner summary; archived incomplete attempts excluded,FAIL,FAIL,recorded_automatic_result; no applicable confirmed rescoring record located,0,0,selected-attempt result.json; no new scoring or reinterpretation,6,254.359,done,2,android+linux,linux_0:linux;android_0:android,worker-worktrees/all-task-update-intergration-sync-20260826/runs/doubao-seed-2.0-pro-lite/core200_20260830/experiment_metadata.json,worker-worktrees/all-task-update-intergration-sync-20260826/runs/doubao-seed-2.0-pro-lite/core200_20260830/run_01/summary.json,worker-worktrees/all-task-update-intergration-sync-20260826/runs/doubao-seed-2.0-pro-lite/core200_20260830/run_01/072_linux_android_1312/result.json,7348e006ce2a72ef39e134d3c1042de35ae11148,completed,formal_run_01,true,true,true,true
Doubao-Seed-2.0-Pro,linux_android_1270,73,worker-worktrees/all-task-update-intergration-sync-20260826/runs/doubao-seed-2.0-pro-lite/core200_20260830/run_01/073_linux_android_1270,worker-worktrees/all-task-update-intergration-sync-20260826/runs/doubao-seed-2.0-pro-lite/core200_20260830/run_01/run_metadata.json,worker-worktrees/all-task-update-intergration-sync-20260826/runs/doubao-seed-2.0-pro-lite/core200_20260830/run_01/073_linux_android_1270/config/task.json,formal_run_01: formal runner summary; archived incomplete attempts excluded,FAIL,FAIL,recorded_automatic_result; no applicable confirmed rescoring record located,0,0,selected-attempt result.json; no new scoring or reinterpretation,33,1816.022,time_limit,3,android+linux,linux_0:linux;linux_1:linux;android_0:android,worker-worktrees/all-task-update-intergration-sync-20260826/runs/doubao-seed-2.0-pro-lite/core200_20260830/experiment_metadata.json,worker-worktrees/all-task-update-intergration-sync-20260826/runs/doubao-seed-2.0-pro-lite/core200_20260830/run_01/summary.json,worker-worktrees/all-task-update-intergration-sync-20260826/runs/doubao-seed-2.0-pro-lite/core200_20260830/run_01/073_linux_android_1270/result.json,7348e006ce2a72ef39e134d3c1042de35ae11148,completed,formal_run_01,true,true,true,true
Doubao-Seed-2.0-Pro,linux_android_1208,74,worker-worktrees/all-task-update-intergration-sync-20260826/runs/doubao-seed-2.0-pro-lite/core200_20260830/run_01/074_linux_android_1208,worker-worktrees/all-task-update-intergration-sync-20260826/runs/doubao-seed-2.0-pro-lite/core200_20260830/run_01/run_metadata.json,worker-worktrees/all-task-update-intergration-sync-20260826/runs/doubao-seed-2.0-pro-lite/core200_20260830/run_01/074_linux_android_1208/config/task.json,formal_run_01: formal runner summary; archived incomplete attempts excluded,PASS,PASS,recorded_automatic_result; no applicable confirmed rescoring record located,1,1,selected-attempt result.json; no new scoring or reinterpretation,12,423.738,done,2,android+linux,linux_0:linux;android_0:android,worker-worktrees/all-task-update-intergration-sync-20260826/runs/doubao-seed-2.0-pro-lite/core200_20260830/experiment_metadata.json,worker-worktrees/all-task-update-intergration-sync-20260826/runs/doubao-seed-2.0-pro-lite/core200_20260830/run_01/summary.json,worker-worktrees/all-task-update-intergration-sync-20260826/runs/doubao-seed-2.0-pro-lite/core200_20260830/run_01/074_linux_android_1208/result.json,7348e006ce2a72ef39e134d3c1042de35ae11148,completed,formal_run_01,true,true,true,true
Doubao-Seed-2.0-Pro,linux_android_1354,75,worker-worktrees/all-task-update-intergration-sync-20260826/runs/doubao-seed-2.0-pro-lite/core200_20260830/run_01/075_linux_android_1354,worker-worktrees/all-task-update-intergration-sync-20260826/runs/doubao-seed-2.0-pro-lite/core200_20260830/run_01/run_metadata.json,worker-worktrees/all-task-update-intergration-sync-20260826/runs/doubao-seed-2.0-pro-lite/core200_20260830/run_01/075_linux_android_1354/config/task.json,formal_run_01: formal runner summary; archived incomplete attempts excluded,PASS,PASS,recorded_automatic_result; no applicable confirmed rescoring record located,1,1,selected-attempt result.json; no new scoring or reinterpretation,4,313.757,done,3,android+linux,linux_0:linux;linux_1:linux;android_0:android,worker-worktrees/all-task-update-intergration-sync-20260826/runs/doubao-seed-2.0-pro-lite/core200_20260830/experiment_metadata.json,worker-worktrees/all-task-update-intergration-sync-20260826/runs/doubao-seed-2.0-pro-lite/core200_20260830/run_01/summary.json,worker-worktrees/all-task-update-intergration-sync-20260826/runs/doubao-seed-2.0-pro-lite/core200_20260830/run_01/075_linux_android_1354/result.json,7348e006ce2a72ef39e134d3c1042de35ae11148,completed,formal_run_01,true,true,true,true
Doubao-Seed-2.0-Pro,linux_android_smarthome_474,76,worker-worktrees/all-task-update-intergration-sync-20260826/runs/doubao-seed-2.0-pro-lite/core200_20260830/run_01/076_linux_android_smarthome_474,worker-worktrees/all-task-update-intergration-sync-20260826/runs/doubao-seed-2.0-pro-lite/core200_20260830/run_01/run_metadata.json,worker-worktrees/all-task-update-intergration-sync-20260826/runs/doubao-seed-2.0-pro-lite/core200_20260830/run_01/076_linux_android_smarthome_474/config/task.json,formal_run_01: formal runner summary; archived incomplete attempts excluded,PASS,PASS,recorded_automatic_result; no applicable confirmed rescoring record located,1,1,selected-attempt result.json; no new scoring or reinterpretation,3,289.044,done,4,android+home+linux,linux_0:linux;android_0:android;android_1:android;home_0:home,worker-worktrees/all-task-update-intergration-sync-20260826/runs/doubao-seed-2.0-pro-lite/core200_20260830/experiment_metadata.json,worker-worktrees/all-task-update-intergration-sync-20260826/runs/doubao-seed-2.0-pro-lite/core200_20260830/run_01/summary.json,worker-worktrees/all-task-update-intergration-sync-20260826/runs/doubao-seed-2.0-pro-lite/core200_20260830/run_01/076_linux_android_smarthome_474/result.json,7348e006ce2a72ef39e134d3c1042de35ae11148,completed,formal_run_01,true,true,true,true
Doubao-Seed-2.0-Pro,linux_android_smarthome_161,77,worker-worktrees/all-task-update-intergration-sync-20260826/runs/doubao-seed-2.0-pro-lite/core200_20260830/run_01/077_linux_android_smarthome_161,worker-worktrees/all-task-update-intergration-sync-20260826/runs/doubao-seed-2.0-pro-lite/core200_20260830/run_01/run_metadata.json,worker-worktrees/all-task-update-intergration-sync-20260826/runs/doubao-seed-2.0-pro-lite/core200_20260830/run_01/077_linux_android_smarthome_161/config/task.json,formal_run_01: formal runner summary; archived incomplete attempts excluded,FAIL,FAIL,recorded_automatic_result; no applicable confirmed rescoring record located,0.5,0.5,selected-attempt result.json; no new scoring or reinterpretation,35,1810.978,time_limit,3,android+home+linux,linux_0:linux;android_0:android;home_0:home,worker-worktrees/all-task-update-intergration-sync-20260826/runs/doubao-seed-2.0-pro-lite/core200_20260830/experiment_metadata.json,worker-worktrees/all-task-update-intergration-sync-20260826/runs/doubao-seed-2.0-pro-lite/core200_20260830/run_01/summary.json,worker-worktrees/all-task-update-intergration-sync-20260826/runs/doubao-seed-2.0-pro-lite/core200_20260830/run_01/077_linux_android_smarthome_161/result.json,7348e006ce2a72ef39e134d3c1042de35ae11148,completed,formal_run_01,true,true,true,true
Doubao-Seed-2.0-Pro,linux_android_smarthome_614,78,worker-worktrees/all-task-update-intergration-sync-20260826/runs/doubao-seed-2.0-pro-lite/core200_20260830/run_01/078_linux_android_smarthome_614,worker-worktrees/all-task-update-intergration-sync-20260826/runs/doubao-seed-2.0-pro-lite/core200_20260830/run_01/run_metadata.json,worker-worktrees/all-task-update-intergration-sync-20260826/runs/doubao-seed-2.0-pro-lite/core200_20260830/run_01/078_linux_android_smarthome_614/config/task.json,formal_run_01: formal runner summary; archived incomplete attempts excluded,FAIL,FAIL,recorded_automatic_result; no applicable confirmed rescoring record located,0,0,selected-attempt result.json; no new scoring or reinterpretation,22,1813.522,time_limit,4,android+home+linux,linux_0:linux;android_0:android;android_1:android;home_0:home,worker-worktrees/all-task-update-intergration-sync-20260826/runs/doubao-seed-2.0-pro-lite/core200_20260830/experiment_metadata.json,worker-worktrees/all-task-update-intergration-sync-20260826/runs/doubao-seed-2.0-pro-lite/core200_20260830/run_01/summary.json,worker-worktrees/all-task-update-intergration-sync-20260826/runs/doubao-seed-2.0-pro-lite/core200_20260830/run_01/078_linux_android_smarthome_614/result.json,7348e006ce2a72ef39e134d3c1042de35ae11148,completed,formal_run_01,true,true,true,true
Doubao-Seed-2.0-Pro,linux_android_smarthome_466,79,worker-worktrees/all-task-update-intergration-sync-20260826/runs/doubao-seed-2.0-pro-lite/core200_20260830/run_01/079_linux_android_smarthome_466,worker-worktrees/all-task-update-intergration-sync-20260826/runs/doubao-seed-2.0-pro-lite/core200_20260830/run_01/run_metadata.json,worker-worktrees/all-task-update-intergration-sync-20260826/runs/doubao-seed-2.0-pro-lite/core200_20260830/run_01/079_linux_android_smarthome_466/config/task.json,formal_run_01: formal runner summary; archived incomplete attempts excluded,FAIL,FAIL,recorded_automatic_result; no applicable confirmed rescoring record located,0.5,0.5,selected-attempt result.json; no new scoring or reinterpretation,26,1809.193,time_limit,4,android+home+linux,linux_0:linux;android_0:android;android_1:android;home_0:home,worker-worktrees/all-task-update-intergration-sync-20260826/runs/doubao-seed-2.0-pro-lite/core200_20260830/experiment_metadata.json,worker-worktrees/all-task-update-intergration-sync-20260826/runs/doubao-seed-2.0-pro-lite/core200_20260830/run_01/summary.json,worker-worktrees/all-task-update-intergration-sync-20260826/runs/doubao-seed-2.0-pro-lite/core200_20260830/run_01/079_linux_android_smarthome_466/result.json,7348e006ce2a72ef39e134d3c1042de35ae11148,completed,formal_run_01,true,true,true,true
Doubao-Seed-2.0-Pro,linux_android_smarthome_696,80,worker-worktrees/all-task-update-intergration-sync-20260826/runs/doubao-seed-2.0-pro-lite/core200_20260830/run_01/080_linux_android_smarthome_696,worker-worktrees/all-task-update-intergration-sync-20260826/runs/doubao-seed-2.0-pro-lite/core200_20260830/run_01/run_metadata.json,worker-worktrees/all-task-update-intergration-sync-20260826/runs/doubao-seed-2.0-pro-lite/core200_20260830/run_01/080_linux_android_smarthome_696/config/task.json,formal_run_01: formal runner summary; archived incomplete attempts excluded,FAIL,FAIL,recorded_automatic_result; no applicable confirmed rescoring record located,0.5,0.5,selected-attempt result.json; no new scoring or reinterpretation,22,1810.008,time_limit,3,android+home+linux,linux_0:linux;android_0:android;home_0:home,worker-worktrees/all-task-update-intergration-sync-20260826/runs/doubao-seed-2.0-pro-lite/core200_20260830/experiment_metadata.json,worker-worktrees/all-task-update-intergration-sync-20260826/runs/doubao-seed-2.0-pro-lite/core200_20260830/run_01/summary.json,worker-worktrees/all-task-update-intergration-sync-20260826/runs/doubao-seed-2.0-pro-lite/core200_20260830/run_01/080_linux_android_smarthome_696/result.json,7348e006ce2a72ef39e134d3c1042de35ae11148,completed,formal_run_01,true,true,true,true
Doubao-Seed-2.0-Pro,linux_android_smarthome_897,81,worker-worktrees/all-task-update-intergration-sync-20260826/runs/doubao-seed-2.0-pro-lite/core200_20260830/run_01/081_linux_android_smarthome_897,worker-worktrees/all-task-update-intergration-sync-20260826/runs/doubao-seed-2.0-pro-lite/core200_20260830/run_01/run_metadata.json,worker-worktrees/all-task-update-intergration-sync-20260826/runs/doubao-seed-2.0-pro-lite/core200_20260830/run_01/081_linux_android_smarthome_897/config/task.json,formal_run_01: formal runner summary; archived incomplete attempts excluded,FAIL,FAIL,recorded_automatic_result; no applicable confirmed rescoring record located,0.5,0.5,selected-attempt result.json; no new scoring or reinterpretation,30,1817.03,time_limit,4,android+home+linux,linux_0:linux;linux_1:linux;android_0:android;home_0:home,worker-worktrees/all-task-update-intergration-sync-20260826/runs/doubao-seed-2.0-pro-lite/core200_20260830/experiment_metadata.json,worker-worktrees/all-task-update-intergration-sync-20260826/runs/doubao-seed-2.0-pro-lite/core200_20260830/run_01/summary.json,worker-worktrees/all-task-update-intergration-sync-20260826/runs/doubao-seed-2.0-pro-lite/core200_20260830/run_01/081_linux_android_smarthome_897/result.json,7348e006ce2a72ef39e134d3c1042de35ae11148,completed,formal_run_01,true,true,true,true
Doubao-Seed-2.0-Pro,linux_android_smarthome_271,82,worker-worktrees/all-task-update-intergration-sync-20260826/runs/doubao-seed-2.0-pro-lite/core200_20260830/run_01/082_linux_android_smarthome_271,worker-worktrees/all-task-update-intergration-sync-20260826/runs/doubao-seed-2.0-pro-lite/core200_20260830/run_01/run_metadata.json,worker-worktrees/all-task-update-intergration-sync-20260826/runs/doubao-seed-2.0-pro-lite/core200_20260830/run_01/082_linux_android_smarthome_271/config/task.json,formal_run_01: formal runner summary; archived incomplete attempts excluded,FAIL,FAIL,recorded_automatic_result; no applicable confirmed rescoring record located,0,0,selected-attempt result.json; no new scoring or reinterpretation,43,1819.036,time_limit,3,android+home+linux,linux_0:linux;android_0:android;home_0:home,worker-worktrees/all-task-update-intergration-sync-20260826/runs/doubao-seed-2.0-pro-lite/core200_20260830/experiment_metadata.json,worker-worktrees/all-task-update-intergration-sync-20260826/runs/doubao-seed-2.0-pro-lite/core200_20260830/run_01/summary.json,worker-worktrees/all-task-update-intergration-sync-20260826/runs/doubao-seed-2.0-pro-lite/core200_20260830/run_01/082_linux_android_smarthome_271/result.json,7348e006ce2a72ef39e134d3c1042de35ae11148,completed,formal_run_01,true,true,true,true
Doubao-Seed-2.0-Pro,linux_android_smarthome_288,83,worker-worktrees/all-task-update-intergration-sync-20260826/runs/doubao-seed-2.0-pro-lite/core200_20260830/run_01/083_linux_android_smarthome_288,worker-worktrees/all-task-update-intergration-sync-20260826/runs/doubao-seed-2.0-pro-lite/core200_20260830/run_01/run_metadata.json,worker-worktrees/all-task-update-intergration-sync-20260826/runs/doubao-seed-2.0-pro-lite/core200_20260830/run_01/083_linux_android_smarthome_288/config/task.json,formal_run_01: formal runner summary; archived incomplete attempts excluded,FAIL,FAIL,recorded_automatic_result; no applicable confirmed rescoring record located,0.6666666666666666,0.6666666666666666,selected-attempt result.json; no new scoring or reinterpretation,50,1507.063,max_steps,3,android+home+linux,linux_0:linux;android_0:android;home_0:home,worker-worktrees/all-task-update-intergration-sync-20260826/runs/doubao-seed-2.0-pro-lite/core200_20260830/experiment_metadata.json,worker-worktrees/all-task-update-intergration-sync-20260826/runs/doubao-seed-2.0-pro-lite/core200_20260830/run_01/summary.json,worker-worktrees/all-task-update-intergration-sync-20260826/runs/doubao-seed-2.0-pro-lite/core200_20260830/run_01/083_linux_android_smarthome_288/result.json,7348e006ce2a72ef39e134d3c1042de35ae11148,completed,formal_run_01,true,true,true,true
Doubao-Seed-2.0-Pro,linux_android_smarthome_475,84,worker-worktrees/all-task-update-intergration-sync-20260826/runs/doubao-seed-2.0-pro-lite/core200_20260830/run_01/084_linux_android_smarthome_475,worker-worktrees/all-task-update-intergration-sync-20260826/runs/doubao-seed-2.0-pro-lite/core200_20260830/run_01/run_metadata.json,worker-worktrees/all-task-update-intergration-sync-20260826/runs/doubao-seed-2.0-pro-lite/core200_20260830/run_01/084_linux_android_smarthome_475/config/task.json,formal_run_01: formal runner summary; archived incomplete attempts excluded,FAIL,FAIL,recorded_automatic_result; no applicable confirmed rescoring record located,0.6666666666666666,0.6666666666666666,selected-attempt result.json; no new scoring or reinterpretation,47,1817.109,time_limit,4,android+home+linux,linux_0:linux;android_0:android;android_1:android;home_0:home,worker-worktrees/all-task-update-intergration-sync-20260826/runs/doubao-seed-2.0-pro-lite/core200_20260830/experiment_metadata.json,worker-worktrees/all-task-update-intergration-sync-20260826/runs/doubao-seed-2.0-pro-lite/core200_20260830/run_01/summary.json,worker-worktrees/all-task-update-intergration-sync-20260826/runs/doubao-seed-2.0-pro-lite/core200_20260830/run_01/084_linux_android_smarthome_475/result.json,7348e006ce2a72ef39e134d3c1042de35ae11148,completed,formal_run_01,true,true,true,true
Doubao-Seed-2.0-Pro,linux_android_smarthome_792,85,worker-worktrees/all-task-update-intergration-sync-20260826/runs/doubao-seed-2.0-pro-lite/core200_20260830/run_01/085_linux_android_smarthome_792,worker-worktrees/all-task-update-intergration-sync-20260826/runs/doubao-seed-2.0-pro-lite/core200_20260830/run_01/run_metadata.json,worker-worktrees/all-task-update-intergration-sync-20260826/runs/doubao-seed-2.0-pro-lite/core200_20260830/run_01/085_linux_android_smarthome_792/config/task.json,formal_run_01: formal runner summary; archived incomplete attempts excluded,FAIL,FAIL,recorded_automatic_result; no applicable confirmed rescoring record located,0,0,selected-attempt result.json; no new scoring or reinterpretation,50,1760.845,max_steps,3,android+home+linux,linux_0:linux;android_0:android;home_0:home,worker-worktrees/all-task-update-intergration-sync-20260826/runs/doubao-seed-2.0-pro-lite/core200_20260830/experiment_metadata.json,worker-worktrees/all-task-update-intergration-sync-20260826/runs/doubao-seed-2.0-pro-lite/core200_20260830/run_01/summary.json,worker-worktrees/all-task-update-intergration-sync-20260826/runs/doubao-seed-2.0-pro-lite/core200_20260830/run_01/085_linux_android_smarthome_792/result.json,7348e006ce2a72ef39e134d3c1042de35ae11148,completed,formal_run_01,true,true,true,true
Doubao-Seed-2.0-Pro,linux_android_smarthome_104,86,worker-worktrees/all-task-update-intergration-sync-20260826/runs/doubao-seed-2.0-pro-lite/core200_20260830/run_01/086_linux_android_smarthome_104,worker-worktrees/all-task-update-intergration-sync-20260826/runs/doubao-seed-2.0-pro-lite/core200_20260830/run_01/run_metadata.json,worker-worktrees/all-task-update-intergration-sync-20260826/runs/doubao-seed-2.0-pro-lite/core200_20260830/run_01/086_linux_android_smarthome_104/config/task.json,formal_run_01: formal runner summary; archived incomplete attempts excluded,FAIL,FAIL,recorded_automatic_result; no applicable confirmed rescoring record located,0,0,selected-attempt result.json; no new scoring or reinterpretation,50,1536.51,max_steps,3,android+home+linux,linux_0:linux;android_0:android;home_0:home,worker-worktrees/all-task-update-intergration-sync-20260826/runs/doubao-seed-2.0-pro-lite/core200_20260830/experiment_metadata.json,worker-worktrees/all-task-update-intergration-sync-20260826/runs/doubao-seed-2.0-pro-lite/core200_20260830/run_01/summary.json,worker-worktrees/all-task-update-intergration-sync-20260826/runs/doubao-seed-2.0-pro-lite/core200_20260830/run_01/086_linux_android_smarthome_104/result.json,7348e006ce2a72ef39e134d3c1042de35ae11148,completed,formal_run_01,true,true,true,true
Doubao-Seed-2.0-Pro,linux_android_smarthome_029,87,worker-worktrees/all-task-update-intergration-sync-20260826/runs/doubao-seed-2.0-pro-lite/core200_20260830/run_01/087_linux_android_smarthome_029,worker-worktrees/all-task-update-intergration-sync-20260826/runs/doubao-seed-2.0-pro-lite/core200_20260830/run_01/run_metadata.json,worker-worktrees/all-task-update-intergration-sync-20260826/runs/doubao-seed-2.0-pro-lite/core200_20260830/run_01/087_linux_android_smarthome_029/config/task.json,formal_run_01: formal runner summary; archived incomplete attempts excluded,FAIL,FAIL,recorded_automatic_result; no applicable confirmed rescoring record located,0.5,0.5,selected-attempt result.json; no new scoring or reinterpretation,50,1308.222,max_steps,3,android+home+linux,linux_0:linux;android_0:android;home_0:home,worker-worktrees/all-task-update-intergration-sync-20260826/runs/doubao-seed-2.0-pro-lite/core200_20260830/experiment_metadata.json,worker-worktrees/all-task-update-intergration-sync-20260826/runs/doubao-seed-2.0-pro-lite/core200_20260830/run_01/summary.json,worker-worktrees/all-task-update-intergration-sync-20260826/runs/doubao-seed-2.0-pro-lite/core200_20260830/run_01/087_linux_android_smarthome_029/result.json,7348e006ce2a72ef39e134d3c1042de35ae11148,completed,formal_run_01,true,true,true,true
Doubao-Seed-2.0-Pro,linux_android_smarthome_113,88,worker-worktrees/all-task-update-intergration-sync-20260826/runs/doubao-seed-2.0-pro-lite/core200_20260830/run_01/088_linux_android_smarthome_113,worker-worktrees/all-task-update-intergration-sync-20260826/runs/doubao-seed-2.0-pro-lite/core200_20260830/run_01/run_metadata.json,worker-worktrees/all-task-update-intergration-sync-20260826/runs/doubao-seed-2.0-pro-lite/core200_20260830/run_01/088_linux_android_smarthome_113/config/task.json,formal_run_01: formal runner summary; archived incomplete attempts excluded,FAIL,FAIL,recorded_automatic_result; no applicable confirmed rescoring record located,0.3333333333333333,0.3333333333333333,selected-attempt result.json; no new scoring or reinterpretation,50,1480.805,max_steps,3,android+home+linux,linux_0:linux;android_0:android;home_0:home,worker-worktrees/all-task-update-intergration-sync-20260826/runs/doubao-seed-2.0-pro-lite/core200_20260830/experiment_metadata.json,worker-worktrees/all-task-update-intergration-sync-20260826/runs/doubao-seed-2.0-pro-lite/core200_20260830/run_01/summary.json,worker-worktrees/all-task-update-intergration-sync-20260826/runs/doubao-seed-2.0-pro-lite/core200_20260830/run_01/088_linux_android_smarthome_113/result.json,7348e006ce2a72ef39e134d3c1042de35ae11148,completed,formal_run_01,true,true,true,true
Doubao-Seed-2.0-Pro,linux_android_smarthome_025,89,worker-worktrees/all-task-update-intergration-sync-20260826/runs/doubao-seed-2.0-pro-lite/core200_20260830/run_01/089_linux_android_smarthome_025,worker-worktrees/all-task-update-intergration-sync-20260826/runs/doubao-seed-2.0-pro-lite/core200_20260830/run_01/run_metadata.json,worker-worktrees/all-task-update-intergration-sync-20260826/runs/doubao-seed-2.0-pro-lite/core200_20260830/run_01/089_linux_android_smarthome_025/config/task.json,formal_run_01: formal runner summary; archived incomplete attempts excluded,FAIL,FAIL,recorded_automatic_result; no applicable confirmed rescoring record located,0.5,0.5,selected-attempt result.json; no new scoring or reinterpretation,50,1675.222,max_steps,3,android+home+linux,linux_0:linux;android_0:android;home_0:home,worker-worktrees/all-task-update-intergration-sync-20260826/runs/doubao-seed-2.0-pro-lite/core200_20260830/experiment_metadata.json,worker-worktrees/all-task-update-intergration-sync-20260826/runs/doubao-seed-2.0-pro-lite/core200_20260830/run_01/summary.json,worker-worktrees/all-task-update-intergration-sync-20260826/runs/doubao-seed-2.0-pro-lite/core200_20260830/run_01/089_linux_android_smarthome_025/result.json,7348e006ce2a72ef39e134d3c1042de35ae11148,completed,formal_run_01,true,true,true,true
Doubao-Seed-2.0-Pro,linux_android_smarthome_185,90,worker-worktrees/all-task-update-intergration-sync-20260826/runs/doubao-seed-2.0-pro-lite/core200_20260830/run_01/090_linux_android_smarthome_185,worker-worktrees/all-task-update-intergration-sync-20260826/runs/doubao-seed-2.0-pro-lite/core200_20260830/run_01/run_metadata.json,worker-worktrees/all-task-update-intergration-sync-20260826/runs/doubao-seed-2.0-pro-lite/core200_20260830/run_01/090_linux_android_smarthome_185/config/task.json,formal_run_01: formal runner summary; archived incomplete attempts excluded,FAIL,FAIL,recorded_automatic_result; no applicable confirmed rescoring record located,0.6666666666666666,0.6666666666666666,selected-attempt result.json; no new scoring or reinterpretation,34,1813.393,time_limit,3,android+home+linux,linux_0:linux;android_0:android;home_0:home,worker-worktrees/all-task-update-intergration-sync-20260826/runs/doubao-seed-2.0-pro-lite/core200_20260830/experiment_metadata.json,worker-worktrees/all-task-update-intergration-sync-20260826/runs/doubao-seed-2.0-pro-lite/core200_20260830/run_01/summary.json,worker-worktrees/all-task-update-intergration-sync-20260826/runs/doubao-seed-2.0-pro-lite/core200_20260830/run_01/090_linux_android_smarthome_185/result.json,7348e006ce2a72ef39e134d3c1042de35ae11148,completed,formal_run_01,true,true,true,true
Doubao-Seed-2.0-Pro,linux_android_smarthome_002,91,worker-worktrees/all-task-update-intergration-sync-20260826/runs/doubao-seed-2.0-pro-lite/core200_20260830/run_01/091_linux_android_smarthome_002,worker-worktrees/all-task-update-intergration-sync-20260826/runs/doubao-seed-2.0-pro-lite/core200_20260830/run_01/run_metadata.json,worker-worktrees/all-task-update-intergration-sync-20260826/runs/doubao-seed-2.0-pro-lite/core200_20260830/run_01/091_linux_android_smarthome_002/config/task.json,formal_run_01: formal runner summary; archived incomplete attempts excluded,FAIL,FAIL,recorded_automatic_result; no applicable confirmed rescoring record located,0.5,0.5,selected-attempt result.json; no new scoring or reinterpretation,50,1673.325,max_steps,3,android+home+linux,linux_0:linux;android_0:android;home_0:home,worker-worktrees/all-task-update-intergration-sync-20260826/runs/doubao-seed-2.0-pro-lite/core200_20260830/experiment_metadata.json,worker-worktrees/all-task-update-intergration-sync-20260826/runs/doubao-seed-2.0-pro-lite/core200_20260830/run_01/summary.json,worker-worktrees/all-task-update-intergration-sync-20260826/runs/doubao-seed-2.0-pro-lite/core200_20260830/run_01/091_linux_android_smarthome_002/result.json,7348e006ce2a72ef39e134d3c1042de35ae11148,completed,formal_run_01,true,true,true,true
Doubao-Seed-2.0-Pro,linux_android_smarthome_077,92,worker-worktrees/all-task-update-intergration-sync-20260826/runs/doubao-seed-2.0-pro-lite/core200_20260830/run_01/092_linux_android_smarthome_077,worker-worktrees/all-task-update-intergration-sync-20260826/runs/doubao-seed-2.0-pro-lite/core200_20260830/run_01/run_metadata.json,worker-worktrees/all-task-update-intergration-sync-20260826/runs/doubao-seed-2.0-pro-lite/core200_20260830/run_01/092_linux_android_smarthome_077/config/task.json,formal_run_01: formal runner summary; archived incomplete attempts excluded,FAIL,FAIL,recorded_automatic_result; no applicable confirmed rescoring record located,0.6666666666666666,0.6666666666666666,selected-attempt result.json; no new scoring or reinterpretation,50,1289.644,max_steps,3,android+home+linux,linux_0:linux;android_0:android;home_0:home,worker-worktrees/all-task-update-intergration-sync-20260826/runs/doubao-seed-2.0-pro-lite/core200_20260830/experiment_metadata.json,worker-worktrees/all-task-update-intergration-sync-20260826/runs/doubao-seed-2.0-pro-lite/core200_20260830/run_01/summary.json,worker-worktrees/all-task-update-intergration-sync-20260826/runs/doubao-seed-2.0-pro-lite/core200_20260830/run_01/092_linux_android_smarthome_077/result.json,7348e006ce2a72ef39e134d3c1042de35ae11148,completed,formal_run_01,true,true,true,true
Doubao-Seed-2.0-Pro,linux_android_smarthome_338,93,worker-worktrees/all-task-update-intergration-sync-20260826/runs/doubao-seed-2.0-pro-lite/core200_20260830/run_01/093_linux_android_smarthome_338,worker-worktrees/all-task-update-intergration-sync-20260826/runs/doubao-seed-2.0-pro-lite/core200_20260830/run_01/run_metadata.json,worker-worktrees/all-task-update-intergration-sync-20260826/runs/doubao-seed-2.0-pro-lite/core200_20260830/run_01/093_linux_android_smarthome_338/config/task.json,formal_run_01: formal runner summary; archived incomplete attempts excluded,FAIL,FAIL,recorded_automatic_result; no applicable confirmed rescoring record located,0.3333333333333333,0.3333333333333333,selected-attempt result.json; no new scoring or reinterpretation,50,1612.86,max_steps,4,android+home+linux,linux_0:linux;android_0:android;android_1:android;home_0:home,worker-worktrees/all-task-update-intergration-sync-20260826/runs/doubao-seed-2.0-pro-lite/core200_20260830/experiment_metadata.json,worker-worktrees/all-task-update-intergration-sync-20260826/runs/doubao-seed-2.0-pro-lite/core200_20260830/run_01/summary.json,worker-worktrees/all-task-update-intergration-sync-20260826/runs/doubao-seed-2.0-pro-lite/core200_20260830/run_01/093_linux_android_smarthome_338/result.json,7348e006ce2a72ef39e134d3c1042de35ae11148,completed,formal_run_01,true,true,true,true
Doubao-Seed-2.0-Pro,linux_android_smarthome_423,94,worker-worktrees/all-task-update-intergration-sync-20260826/runs/doubao-seed-2.0-pro-lite/core200_20260830/run_01/094_linux_android_smarthome_423,worker-worktrees/all-task-update-intergration-sync-20260826/runs/doubao-seed-2.0-pro-lite/core200_20260830/run_01/run_metadata.json,worker-worktrees/all-task-update-intergration-sync-20260826/runs/doubao-seed-2.0-pro-lite/core200_20260830/run_01/094_linux_android_smarthome_423/config/task.json,formal_run_01: formal runner summary; archived incomplete attempts excluded,FAIL,FAIL,recorded_automatic_result; no applicable confirmed rescoring record located,0,0,selected-attempt result.json; no new scoring or reinterpretation,50,1795.718,max_steps,4,android+home+linux,linux_0:linux;android_0:android;android_1:android;home_0:home,worker-worktrees/all-task-update-intergration-sync-20260826/runs/doubao-seed-2.0-pro-lite/core200_20260830/experiment_metadata.json,worker-worktrees/all-task-update-intergration-sync-20260826/runs/doubao-seed-2.0-pro-lite/core200_20260830/run_01/summary.json,worker-worktrees/all-task-update-intergration-sync-20260826/runs/doubao-seed-2.0-pro-lite/core200_20260830/run_01/094_linux_android_smarthome_423/result.json,7348e006ce2a72ef39e134d3c1042de35ae11148,completed,formal_run_01,true,true,true,true
Doubao-Seed-2.0-Pro,linux_android_smarthome_005,95,worker-worktrees/all-task-update-intergration-sync-20260826/runs/doubao-seed-2.0-pro-lite/core200_20260830/run_01/095_linux_android_smarthome_005,worker-worktrees/all-task-update-intergration-sync-20260826/runs/doubao-seed-2.0-pro-lite/core200_20260830/run_01/run_metadata.json,worker-worktrees/all-task-update-intergration-sync-20260826/runs/doubao-seed-2.0-pro-lite/core200_20260830/run_01/095_linux_android_smarthome_005/config/task.json,formal_run_01: formal runner summary; archived incomplete attempts excluded,FAIL,FAIL,recorded_automatic_result; no applicable confirmed rescoring record located,0.75,0.75,selected-attempt result.json; no new scoring or reinterpretation,34,1086.045,done,3,android+home+linux,linux_0:linux;android_0:android;home_0:home,worker-worktrees/all-task-update-intergration-sync-20260826/runs/doubao-seed-2.0-pro-lite/core200_20260830/experiment_metadata.json,worker-worktrees/all-task-update-intergration-sync-20260826/runs/doubao-seed-2.0-pro-lite/core200_20260830/run_01/summary.json,worker-worktrees/all-task-update-intergration-sync-20260826/runs/doubao-seed-2.0-pro-lite/core200_20260830/run_01/095_linux_android_smarthome_005/result.json,7348e006ce2a72ef39e134d3c1042de35ae11148,completed,formal_run_01,true,true,true,true
Doubao-Seed-2.0-Pro,linux_android_smarthome_422,96,worker-worktrees/all-task-update-intergration-sync-20260826/runs/doubao-seed-2.0-pro-lite/core200_20260830/run_01/096_linux_android_smarthome_422,worker-worktrees/all-task-update-intergration-sync-20260826/runs/doubao-seed-2.0-pro-lite/core200_20260830/run_01/run_metadata.json,worker-worktrees/all-task-update-intergration-sync-20260826/runs/doubao-seed-2.0-pro-lite/core200_20260830/run_01/096_linux_android_smarthome_422/config/task.json,formal_run_01: formal runner summary; archived incomplete attempts excluded,FAIL,FAIL,recorded_automatic_result; no applicable confirmed rescoring record located,0.5,0.5,selected-attempt result.json; no new scoring or reinterpretation,50,1492.889,max_steps,4,android+home+linux,linux_0:linux;android_0:android;android_1:android;home_0:home,worker-worktrees/all-task-update-intergration-sync-20260826/runs/doubao-seed-2.0-pro-lite/core200_20260830/experiment_metadata.json,worker-worktrees/all-task-update-intergration-sync-20260826/runs/doubao-seed-2.0-pro-lite/core200_20260830/run_01/summary.json,worker-worktrees/all-task-update-intergration-sync-20260826/runs/doubao-seed-2.0-pro-lite/core200_20260830/run_01/096_linux_android_smarthome_422/result.json,7348e006ce2a72ef39e134d3c1042de35ae11148,completed,formal_run_01,true,true,true,true
Doubao-Seed-2.0-Pro,linux_android_smarthome_439,97,worker-worktrees/all-task-update-intergration-sync-20260826/runs/doubao-seed-2.0-pro-lite/core200_20260830/run_01/097_linux_android_smarthome_439,worker-worktrees/all-task-update-intergration-sync-20260826/runs/doubao-seed-2.0-pro-lite/core200_20260830/run_01/run_metadata.json,worker-worktrees/all-task-update-intergration-sync-20260826/runs/doubao-seed-2.0-pro-lite/core200_20260830/run_01/097_linux_android_smarthome_439/config/task.json,formal_run_01: formal runner summary; archived incomplete attempts excluded,FAIL,FAIL,recorded_automatic_result; no applicable confirmed rescoring record located,0,0,selected-attempt result.json; no new scoring or reinterpretation,50,1325.66,max_steps,4,android+home+linux,linux_0:linux;android_0:android;android_1:android;home_0:home,worker-worktrees/all-task-update-intergration-sync-20260826/runs/doubao-seed-2.0-pro-lite/core200_20260830/experiment_metadata.json,worker-worktrees/all-task-update-intergration-sync-20260826/runs/doubao-seed-2.0-pro-lite/core200_20260830/run_01/summary.json,worker-worktrees/all-task-update-intergration-sync-20260826/runs/doubao-seed-2.0-pro-lite/core200_20260830/run_01/097_linux_android_smarthome_439/result.json,7348e006ce2a72ef39e134d3c1042de35ae11148,completed,formal_run_01,true,true,true,true
Doubao-Seed-2.0-Pro,linux_android_smarthome_457,98,worker-worktrees/all-task-update-intergration-sync-20260826/runs/doubao-seed-2.0-pro-lite/core200_20260830/run_01/098_linux_android_smarthome_457,worker-worktrees/all-task-update-intergration-sync-20260826/runs/doubao-seed-2.0-pro-lite/core200_20260830/run_01/run_metadata.json,worker-worktrees/all-task-update-intergration-sync-20260826/runs/doubao-seed-2.0-pro-lite/core200_20260830/run_01/098_linux_android_smarthome_457/config/task.json,formal_run_01: formal runner summary; archived incomplete attempts excluded,FAIL,FAIL,recorded_automatic_result; no applicable confirmed rescoring record located,0,0,selected-attempt result.json; no new scoring or reinterpretation,50,1730.734,max_steps,4,android+home+linux,linux_0:linux;android_0:android;android_1:android;home_0:home,worker-worktrees/all-task-update-intergration-sync-20260826/runs/doubao-seed-2.0-pro-lite/core200_20260830/experiment_metadata.json,worker-worktrees/all-task-update-intergration-sync-20260826/runs/doubao-seed-2.0-pro-lite/core200_20260830/run_01/summary.json,worker-worktrees/all-task-update-intergration-sync-20260826/runs/doubao-seed-2.0-pro-lite/core200_20260830/run_01/098_linux_android_smarthome_457/result.json,7348e006ce2a72ef39e134d3c1042de35ae11148,completed,formal_run_01,true,true,true,true
Doubao-Seed-2.0-Pro,linux_android_smarthome_609,99,worker-worktrees/all-task-update-intergration-sync-20260826/runs/doubao-seed-2.0-pro-lite/core200_20260830/run_01/099_linux_android_smarthome_609,worker-worktrees/all-task-update-intergration-sync-20260826/runs/doubao-seed-2.0-pro-lite/core200_20260830/run_01/run_metadata.json,worker-worktrees/all-task-update-intergration-sync-20260826/runs/doubao-seed-2.0-pro-lite/core200_20260830/run_01/099_linux_android_smarthome_609/config/task.json,formal_run_01: formal runner summary; archived incomplete attempts excluded,FAIL,FAIL,recorded_automatic_result; no applicable confirmed rescoring record located,0,0,selected-attempt result.json; no new scoring or reinterpretation,34,1815.212,time_limit,4,android+home+linux,linux_0:linux;android_0:android;android_1:android;home_0:home,worker-worktrees/all-task-update-intergration-sync-20260826/runs/doubao-seed-2.0-pro-lite/core200_20260830/experiment_metadata.json,worker-worktrees/all-task-update-intergration-sync-20260826/runs/doubao-seed-2.0-pro-lite/core200_20260830/run_01/summary.json,worker-worktrees/all-task-update-intergration-sync-20260826/runs/doubao-seed-2.0-pro-lite/core200_20260830/run_01/099_linux_android_smarthome_609/result.json,7348e006ce2a72ef39e134d3c1042de35ae11148,completed,formal_run_01,true,true,true,true
Doubao-Seed-2.0-Pro,linux_android_smarthome_877,100,worker-worktrees/all-task-update-intergration-sync-20260826/runs/doubao-seed-2.0-pro-lite/core200_20260830/run_01/100_linux_android_smarthome_877,worker-worktrees/all-task-update-intergration-sync-20260826/runs/doubao-seed-2.0-pro-lite/core200_20260830/run_01/run_metadata.json,worker-worktrees/all-task-update-intergration-sync-20260826/runs/doubao-seed-2.0-pro-lite/core200_20260830/run_01/100_linux_android_smarthome_877/config/task.json,formal_run_01: formal runner summary; archived incomplete attempts excluded,FAIL,FAIL,recorded_automatic_result; no applicable confirmed rescoring record located,0.5,0.5,selected-attempt result.json; no new scoring or reinterpretation,36,1818.1,time_limit,4,android+home+linux,linux_0:linux;linux_1:linux;android_0:android;home_0:home,worker-worktrees/all-task-update-intergration-sync-20260826/runs/doubao-seed-2.0-pro-lite/core200_20260830/experiment_metadata.json,worker-worktrees/all-task-update-intergration-sync-20260826/runs/doubao-seed-2.0-pro-lite/core200_20260830/run_01/summary.json,worker-worktrees/all-task-update-intergration-sync-20260826/runs/doubao-seed-2.0-pro-lite/core200_20260830/run_01/100_linux_android_smarthome_877/result.json,7348e006ce2a72ef39e134d3c1042de35ae11148,completed,formal_run_01,true,true,true,true
Doubao-Seed-2.0-Pro,linux_android_smarthome_472,101,worker-worktrees/all-task-update-intergration-sync-20260826/runs/doubao-seed-2.0-pro-lite/core200_20260830/run_01/101_linux_android_smarthome_472,worker-worktrees/all-task-update-intergration-sync-20260826/runs/doubao-seed-2.0-pro-lite/core200_20260830/run_01/run_metadata.json,worker-worktrees/all-task-update-intergration-sync-20260826/runs/doubao-seed-2.0-pro-lite/core200_20260830/run_01/101_linux_android_smarthome_472/config/task.json,formal_run_01: formal runner summary; archived incomplete attempts excluded,FAIL,FAIL,recorded_automatic_result; no applicable confirmed rescoring record located,0.5,0.5,selected-attempt result.json; no new scoring or reinterpretation,28,1817.458,time_limit,4,android+home+linux,linux_0:linux;android_0:android;android_1:android;home_0:home,worker-worktrees/all-task-update-intergration-sync-20260826/runs/doubao-seed-2.0-pro-lite/core200_20260830/experiment_metadata.json,worker-worktrees/all-task-update-intergration-sync-20260826/runs/doubao-seed-2.0-pro-lite/core200_20260830/run_01/summary.json,worker-worktrees/all-task-update-intergration-sync-20260826/runs/doubao-seed-2.0-pro-lite/core200_20260830/run_01/101_linux_android_smarthome_472/result.json,7348e006ce2a72ef39e134d3c1042de35ae11148,completed,formal_run_01,true,true,true,true
Doubao-Seed-2.0-Pro,linux_android_smarthome_909,102,worker-worktrees/all-task-update-intergration-sync-20260826/runs/doubao-seed-2.0-pro-lite/core200_20260830/run_01/102_linux_android_smarthome_909,worker-worktrees/all-task-update-intergration-sync-20260826/runs/doubao-seed-2.0-pro-lite/core200_20260830/run_01/run_metadata.json,worker-worktrees/all-task-update-intergration-sync-20260826/runs/doubao-seed-2.0-pro-lite/core200_20260830/run_01/102_linux_android_smarthome_909/config/task.json,formal_run_01: formal runner summary; archived incomplete attempts excluded,FAIL,FAIL,recorded_automatic_result; no applicable confirmed rescoring record located,0.3333333333333333,0.3333333333333333,selected-attempt result.json; no new scoring or reinterpretation,25,1848.799,time_limit,4,android+home+linux,linux_0:linux;linux_1:linux;android_0:android;home_0:home,worker-worktrees/all-task-update-intergration-sync-20260826/runs/doubao-seed-2.0-pro-lite/core200_20260830/experiment_metadata.json,worker-worktrees/all-task-update-intergration-sync-20260826/runs/doubao-seed-2.0-pro-lite/core200_20260830/run_01/summary.json,worker-worktrees/all-task-update-intergration-sync-20260826/runs/doubao-seed-2.0-pro-lite/core200_20260830/run_01/102_linux_android_smarthome_909/result.json,7348e006ce2a72ef39e134d3c1042de35ae11148,completed,formal_run_01,true,true,true,true
Doubao-Seed-2.0-Pro,linux_android_smarthome_287,103,worker-worktrees/all-task-update-intergration-sync-20260826/runs/doubao-seed-2.0-pro-lite/core200_20260830/run_01/103_linux_android_smarthome_287,worker-worktrees/all-task-update-intergration-sync-20260826/runs/doubao-seed-2.0-pro-lite/core200_20260830/run_01/run_metadata.json,worker-worktrees/all-task-update-intergration-sync-20260826/runs/doubao-seed-2.0-pro-lite/core200_20260830/run_01/103_linux_android_smarthome_287/config/task.json,formal_run_01: formal runner summary; archived incomplete attempts excluded,FAIL,FAIL,recorded_automatic_result; no applicable confirmed rescoring record located,0.5,0.5,selected-attempt result.json; no new scoring or reinterpretation,16,1814.96,time_limit,3,android+home+linux,linux_0:linux;android_0:android;home_0:home,worker-worktrees/all-task-update-intergration-sync-20260826/runs/doubao-seed-2.0-pro-lite/core200_20260830/experiment_metadata.json,worker-worktrees/all-task-update-intergration-sync-20260826/runs/doubao-seed-2.0-pro-lite/core200_20260830/run_01/summary.json,worker-worktrees/all-task-update-intergration-sync-20260826/runs/doubao-seed-2.0-pro-lite/core200_20260830/run_01/103_linux_android_smarthome_287/result.json,7348e006ce2a72ef39e134d3c1042de35ae11148,completed,formal_run_01,true,true,true,true
Doubao-Seed-2.0-Pro,linux_android_smarthome_470,104,worker-worktrees/all-task-update-intergration-sync-20260826/runs/doubao-seed-2.0-pro-lite/core200_20260830/run_01/104_linux_android_smarthome_470,worker-worktrees/all-task-update-intergration-sync-20260826/runs/doubao-seed-2.0-pro-lite/core200_20260830/run_01/run_metadata.json,worker-worktrees/all-task-update-intergration-sync-20260826/runs/doubao-seed-2.0-pro-lite/core200_20260830/run_01/104_linux_android_smarthome_470/config/task.json,formal_run_01: formal runner summary; archived incomplete attempts excluded,FAIL,FAIL,recorded_automatic_result; no applicable confirmed rescoring record located,0.5,0.5,selected-attempt result.json; no new scoring or reinterpretation,29,1810.722,time_limit,4,android+home+linux,linux_0:linux;android_0:android;android_1:android;home_0:home,worker-worktrees/all-task-update-intergration-sync-20260826/runs/doubao-seed-2.0-pro-lite/core200_20260830/experiment_metadata.json,worker-worktrees/all-task-update-intergration-sync-20260826/runs/doubao-seed-2.0-pro-lite/core200_20260830/run_01/summary.json,worker-worktrees/all-task-update-intergration-sync-20260826/runs/doubao-seed-2.0-pro-lite/core200_20260830/run_01/104_linux_android_smarthome_470/result.json,7348e006ce2a72ef39e134d3c1042de35ae11148,completed,formal_run_01,true,true,true,true
Doubao-Seed-2.0-Pro,linux_android_smarthome_941,105,worker-worktrees/all-task-update-intergration-sync-20260826/runs/doubao-seed-2.0-pro-lite/core200_20260830/run_01/105_linux_android_smarthome_941,worker-worktrees/all-task-update-intergration-sync-20260826/runs/doubao-seed-2.0-pro-lite/core200_20260830/run_01/run_metadata.json,worker-worktrees/all-task-update-intergration-sync-20260826/runs/doubao-seed-2.0-pro-lite/core200_20260830/run_01/105_linux_android_smarthome_941/config/task.json,formal_run_01: formal runner summary; archived incomplete attempts excluded,FAIL,FAIL,recorded_automatic_result; no applicable confirmed rescoring record located,0.6666666666666666,0.6666666666666666,selected-attempt result.json; no new scoring or reinterpretation,20,1815.404,time_limit,4,android+home+linux,linux_0:linux;linux_1:linux;android_0:android;home_0:home,worker-worktrees/all-task-update-intergration-sync-20260826/runs/doubao-seed-2.0-pro-lite/core200_20260830/experiment_metadata.json,worker-worktrees/all-task-update-intergration-sync-20260826/runs/doubao-seed-2.0-pro-lite/core200_20260830/run_01/summary.json,worker-worktrees/all-task-update-intergration-sync-20260826/runs/doubao-seed-2.0-pro-lite/core200_20260830/run_01/105_linux_android_smarthome_941/result.json,7348e006ce2a72ef39e134d3c1042de35ae11148,completed,formal_run_01,true,true,true,true
Doubao-Seed-2.0-Pro,linux_smarthome_454,106,worker-worktrees/all-task-update-intergration-sync-20260826/runs/doubao-seed-2.0-pro-lite/core200_20260830/run_01/106_linux_smarthome_454,worker-worktrees/all-task-update-intergration-sync-20260826/runs/doubao-seed-2.0-pro-lite/core200_20260830/run_01/run_metadata.json,worker-worktrees/all-task-update-intergration-sync-20260826/runs/doubao-seed-2.0-pro-lite/core200_20260830/run_01/106_linux_smarthome_454/config/task.json,formal_run_01: formal runner summary; archived incomplete attempts excluded,PASS,PASS,recorded_automatic_result; no applicable confirmed rescoring record located,1,1,selected-attempt result.json; no new scoring or reinterpretation,33,838.736,done,2,home+linux,linux_0:linux;home_0:home,worker-worktrees/all-task-update-intergration-sync-20260826/runs/doubao-seed-2.0-pro-lite/core200_20260830/experiment_metadata.json,worker-worktrees/all-task-update-intergration-sync-20260826/runs/doubao-seed-2.0-pro-lite/core200_20260830/run_01/summary.json,worker-worktrees/all-task-update-intergration-sync-20260826/runs/doubao-seed-2.0-pro-lite/core200_20260830/run_01/106_linux_smarthome_454/result.json,7348e006ce2a72ef39e134d3c1042de35ae11148,completed,formal_run_01,true,true,true,true
Doubao-Seed-2.0-Pro,linux_smarthome_350,107,worker-worktrees/all-task-update-intergration-sync-20260826/runs/doubao-seed-2.0-pro-lite/core200_20260830/run_01/107_linux_smarthome_350,worker-worktrees/all-task-update-intergration-sync-20260826/runs/doubao-seed-2.0-pro-lite/core200_20260830/run_01/run_metadata.json,worker-worktrees/all-task-update-intergration-sync-20260826/runs/doubao-seed-2.0-pro-lite/core200_20260830/run_01/107_linux_smarthome_350/config/task.json,formal_run_01: formal runner summary; archived incomplete attempts excluded,PASS,PASS,recorded_automatic_result; no applicable confirmed rescoring record located,1,1,selected-attempt result.json; no new scoring or reinterpretation,4,128.693,done,2,home+linux,linux_0:linux;home_0:home,worker-worktrees/all-task-update-intergration-sync-20260826/runs/doubao-seed-2.0-pro-lite/core200_20260830/experiment_metadata.json,worker-worktrees/all-task-update-intergration-sync-20260826/runs/doubao-seed-2.0-pro-lite/core200_20260830/run_01/summary.json,worker-worktrees/all-task-update-intergration-sync-20260826/runs/doubao-seed-2.0-pro-lite/core200_20260830/run_01/107_linux_smarthome_350/result.json,7348e006ce2a72ef39e134d3c1042de35ae11148,completed,formal_run_01,true,true,true,true
Doubao-Seed-2.0-Pro,linux_smarthome_520,108,worker-worktrees/all-task-update-intergration-sync-20260826/runs/doubao-seed-2.0-pro-lite/core200_20260830/run_01/108_linux_smarthome_520,worker-worktrees/all-task-update-intergration-sync-20260826/runs/doubao-seed-2.0-pro-lite/core200_20260830/run_01/run_metadata.json,worker-worktrees/all-task-update-intergration-sync-20260826/runs/doubao-seed-2.0-pro-lite/core200_20260830/run_01/108_linux_smarthome_520/config/task.json,formal_run_01: formal runner summary; archived incomplete attempts excluded,FAIL,FAIL,recorded_automatic_result; no applicable confirmed rescoring record located,0.5,0.5,selected-attempt result.json; no new scoring or reinterpretation,6,306.625,done,3,home+linux,linux_0:linux;linux_1:linux;home_0:home,worker-worktrees/all-task-update-intergration-sync-20260826/runs/doubao-seed-2.0-pro-lite/core200_20260830/experiment_metadata.json,worker-worktrees/all-task-update-intergration-sync-20260826/runs/doubao-seed-2.0-pro-lite/core200_20260830/run_01/summary.json,worker-worktrees/all-task-update-intergration-sync-20260826/runs/doubao-seed-2.0-pro-lite/core200_20260830/run_01/108_linux_smarthome_520/result.json,7348e006ce2a72ef39e134d3c1042de35ae11148,completed,formal_run_01,true,true,true,true
Doubao-Seed-2.0-Pro,linux_smarthome_098,109,worker-worktrees/all-task-update-intergration-sync-20260826/runs/doubao-seed-2.0-pro-lite/core200_20260830/run_01/109_linux_smarthome_098,worker-worktrees/all-task-update-intergration-sync-20260826/runs/doubao-seed-2.0-pro-lite/core200_20260830/run_01/run_metadata.json,worker-worktrees/all-task-update-intergration-sync-20260826/runs/doubao-seed-2.0-pro-lite/core200_20260830/run_01/109_linux_smarthome_098/config/task.json,formal_run_01: formal runner summary; archived incomplete attempts excluded,PASS,PASS,recorded_automatic_result; no applicable confirmed rescoring record located,1,1,selected-attempt result.json; no new scoring or reinterpretation,4,186.104,done,2,home+linux,linux_0:linux;home_0:home,worker-worktrees/all-task-update-intergration-sync-20260826/runs/doubao-seed-2.0-pro-lite/core200_20260830/experiment_metadata.json,worker-worktrees/all-task-update-intergration-sync-20260826/runs/doubao-seed-2.0-pro-lite/core200_20260830/run_01/summary.json,worker-worktrees/all-task-update-intergration-sync-20260826/runs/doubao-seed-2.0-pro-lite/core200_20260830/run_01/109_linux_smarthome_098/result.json,7348e006ce2a72ef39e134d3c1042de35ae11148,completed,formal_run_01,true,true,true,true
Doubao-Seed-2.0-Pro,linux_smarthome_387,110,worker-worktrees/all-task-update-intergration-sync-20260826/runs/doubao-seed-2.0-pro-lite/core200_20260830/run_01/110_linux_smarthome_387,worker-worktrees/all-task-update-intergration-sync-20260826/runs/doubao-seed-2.0-pro-lite/core200_20260830/run_01/run_metadata.json,worker-worktrees/all-task-update-intergration-sync-20260826/runs/doubao-seed-2.0-pro-lite/core200_20260830/run_01/110_linux_smarthome_387/config/task.json,formal_run_01: formal runner summary; archived incomplete attempts excluded,PASS,PASS,recorded_automatic_result; no applicable confirmed rescoring record located,1,1,selected-attempt result.json; no new scoring or reinterpretation,33,874.225,done,2,home+linux,linux_0:linux;home_0:home,worker-worktrees/all-task-update-intergration-sync-20260826/runs/doubao-seed-2.0-pro-lite/core200_20260830/experiment_metadata.json,worker-worktrees/all-task-update-intergration-sync-20260826/runs/doubao-seed-2.0-pro-lite/core200_20260830/run_01/summary.json,worker-worktrees/all-task-update-intergration-sync-20260826/runs/doubao-seed-2.0-pro-lite/core200_20260830/run_01/110_linux_smarthome_387/result.json,7348e006ce2a72ef39e134d3c1042de35ae11148,completed,formal_run_01,true,true,true,true
Doubao-Seed-2.0-Pro,linux_smarthome_606,111,worker-worktrees/all-task-update-intergration-sync-20260826/runs/doubao-seed-2.0-pro-lite/core200_20260830/run_01/111_linux_smarthome_606,worker-worktrees/all-task-update-intergration-sync-20260826/runs/doubao-seed-2.0-pro-lite/core200_20260830/run_01/run_metadata.json,worker-worktrees/all-task-update-intergration-sync-20260826/runs/doubao-seed-2.0-pro-lite/core200_20260830/run_01/111_linux_smarthome_606/config/task.json,formal_run_01: formal runner summary; archived incomplete attempts excluded,FAIL,FAIL,recorded_automatic_result; no applicable confirmed rescoring record located,0.5,0.5,selected-attempt result.json; no new scoring or reinterpretation,7,382.084,done,3,home+linux,linux_0:linux;linux_1:linux;home_0:home,worker-worktrees/all-task-update-intergration-sync-20260826/runs/doubao-seed-2.0-pro-lite/core200_20260830/experiment_metadata.json,worker-worktrees/all-task-update-intergration-sync-20260826/runs/doubao-seed-2.0-pro-lite/core200_20260830/run_01/summary.json,worker-worktrees/all-task-update-intergration-sync-20260826/runs/doubao-seed-2.0-pro-lite/core200_20260830/run_01/111_linux_smarthome_606/result.json,7348e006ce2a72ef39e134d3c1042de35ae11148,completed,formal_run_01,true,true,true,true
Doubao-Seed-2.0-Pro,linux_smarthome_378,112,worker-worktrees/all-task-update-intergration-sync-20260826/runs/doubao-seed-2.0-pro-lite/core200_20260830/run_01/112_linux_smarthome_378,worker-worktrees/all-task-update-intergration-sync-20260826/runs/doubao-seed-2.0-pro-lite/core200_20260830/run_01/run_metadata.json,worker-worktrees/all-task-update-intergration-sync-20260826/runs/doubao-seed-2.0-pro-lite/core200_20260830/run_01/112_linux_smarthome_378/config/task.json,formal_run_01: formal runner summary; archived incomplete attempts excluded,PASS,PASS,recorded_automatic_result; no applicable confirmed rescoring record located,1,1,selected-attempt result.json; no new scoring or reinterpretation,26,540.262,done,2,home+linux,linux_0:linux;home_0:home,worker-worktrees/all-task-update-intergration-sync-20260826/runs/doubao-seed-2.0-pro-lite/core200_20260830/experiment_metadata.json,worker-worktrees/all-task-update-intergration-sync-20260826/runs/doubao-seed-2.0-pro-lite/core200_20260830/run_01/summary.json,worker-worktrees/all-task-update-intergration-sync-20260826/runs/doubao-seed-2.0-pro-lite/core200_20260830/run_01/112_linux_smarthome_378/result.json,7348e006ce2a72ef39e134d3c1042de35ae11148,completed,formal_run_01,true,true,true,true
Doubao-Seed-2.0-Pro,linux_smarthome_063,113,worker-worktrees/all-task-update-intergration-sync-20260826/runs/doubao-seed-2.0-pro-lite/core200_20260830/run_01/113_linux_smarthome_063,worker-worktrees/all-task-update-intergration-sync-20260826/runs/doubao-seed-2.0-pro-lite/core200_20260830/run_01/run_metadata.json,worker-worktrees/all-task-update-intergration-sync-20260826/runs/doubao-seed-2.0-pro-lite/core200_20260830/run_01/113_linux_smarthome_063/config/task.json,formal_run_01: formal runner summary; archived incomplete attempts excluded,PASS,PASS,recorded_automatic_result; no applicable confirmed rescoring record located,1,1,selected-attempt result.json; no new scoring or reinterpretation,4,141.804,done,2,home+linux,linux_0:linux;home_0:home,worker-worktrees/all-task-update-intergration-sync-20260826/runs/doubao-seed-2.0-pro-lite/core200_20260830/experiment_metadata.json,worker-worktrees/all-task-update-intergration-sync-20260826/runs/doubao-seed-2.0-pro-lite/core200_20260830/run_01/summary.json,worker-worktrees/all-task-update-intergration-sync-20260826/runs/doubao-seed-2.0-pro-lite/core200_20260830/run_01/113_linux_smarthome_063/result.json,7348e006ce2a72ef39e134d3c1042de35ae11148,completed,formal_run_01,true,true,true,true
Doubao-Seed-2.0-Pro,linux_smarthome_851,114,worker-worktrees/all-task-update-intergration-sync-20260826/runs/doubao-seed-2.0-pro-lite/core200_20260830/run_01/114_linux_smarthome_851,worker-worktrees/all-task-update-intergration-sync-20260826/runs/doubao-seed-2.0-pro-lite/core200_20260830/run_01/run_metadata.json,worker-worktrees/all-task-update-intergration-sync-20260826/runs/doubao-seed-2.0-pro-lite/core200_20260830/run_01/114_linux_smarthome_851/config/task.json,formal_run_01: formal runner summary; archived incomplete attempts excluded,FAIL,FAIL,recorded_automatic_result; no applicable confirmed rescoring record located,0.5,0.5,selected-attempt result.json; no new scoring or reinterpretation,5,307.302,done,3,home+linux,linux_0:linux;linux_1:linux;home_0:home,worker-worktrees/all-task-update-intergration-sync-20260826/runs/doubao-seed-2.0-pro-lite/core200_20260830/experiment_metadata.json,worker-worktrees/all-task-update-intergration-sync-20260826/runs/doubao-seed-2.0-pro-lite/core200_20260830/run_01/summary.json,worker-worktrees/all-task-update-intergration-sync-20260826/runs/doubao-seed-2.0-pro-lite/core200_20260830/run_01/114_linux_smarthome_851/result.json,7348e006ce2a72ef39e134d3c1042de35ae11148,completed,formal_run_01,true,true,true,true
Doubao-Seed-2.0-Pro,linux_smarthome_433,115,worker-worktrees/all-task-update-intergration-sync-20260826/runs/doubao-seed-2.0-pro-lite/core200_20260830/run_01/115_linux_smarthome_433,worker-worktrees/all-task-update-intergration-sync-20260826/runs/doubao-seed-2.0-pro-lite/core200_20260830/run_01/run_metadata.json,worker-worktrees/all-task-update-intergration-sync-20260826/runs/doubao-seed-2.0-pro-lite/core200_20260830/run_01/115_linux_smarthome_433/config/task.json,formal_run_01: formal runner summary; archived incomplete attempts excluded,PASS,PASS,recorded_automatic_result; no applicable confirmed rescoring record located,1,1,selected-attempt result.json; no new scoring or reinterpretation,6,221.749,done,2,home+linux,linux_0:linux;home_0:home,worker-worktrees/all-task-update-intergration-sync-20260826/runs/doubao-seed-2.0-pro-lite/core200_20260830/experiment_metadata.json,worker-worktrees/all-task-update-intergration-sync-20260826/runs/doubao-seed-2.0-pro-lite/core200_20260830/run_01/summary.json,worker-worktrees/all-task-update-intergration-sync-20260826/runs/doubao-seed-2.0-pro-lite/core200_20260830/run_01/115_linux_smarthome_433/result.json,7348e006ce2a72ef39e134d3c1042de35ae11148,completed,formal_run_01,true,true,true,true
Doubao-Seed-2.0-Pro,linux_smarthome_1000,116,worker-worktrees/all-task-update-intergration-sync-20260826/runs/doubao-seed-2.0-pro-lite/core200_20260830/run_01/116_linux_smarthome_1000,worker-worktrees/all-task-update-intergration-sync-20260826/runs/doubao-seed-2.0-pro-lite/core200_20260830/run_01/run_metadata.json,worker-worktrees/all-task-update-intergration-sync-20260826/runs/doubao-seed-2.0-pro-lite/core200_20260830/run_01/116_linux_smarthome_1000/config/task.json,formal_run_01: formal runner summary; archived incomplete attempts excluded,FAIL,FAIL,recorded_automatic_result; no applicable confirmed rescoring record located,0.5,0.5,selected-attempt result.json; no new scoring or reinterpretation,8,431.136,done,3,home+linux,linux_0:linux;linux_1:linux;home_0:home,worker-worktrees/all-task-update-intergration-sync-20260826/runs/doubao-seed-2.0-pro-lite/core200_20260830/experiment_metadata.json,worker-worktrees/all-task-update-intergration-sync-20260826/runs/doubao-seed-2.0-pro-lite/core200_20260830/run_01/summary.json,worker-worktrees/all-task-update-intergration-sync-20260826/runs/doubao-seed-2.0-pro-lite/core200_20260830/run_01/116_linux_smarthome_1000/result.json,7348e006ce2a72ef39e134d3c1042de35ae11148,completed,formal_run_01,true,true,true,true
Doubao-Seed-2.0-Pro,linux_smarthome_796,117,worker-worktrees/all-task-update-intergration-sync-20260826/runs/doubao-seed-2.0-pro-lite/core200_20260830/run_01/117_linux_smarthome_796,worker-worktrees/all-task-update-intergration-sync-20260826/runs/doubao-seed-2.0-pro-lite/core200_20260830/run_01/run_metadata.json,worker-worktrees/all-task-update-intergration-sync-20260826/runs/doubao-seed-2.0-pro-lite/core200_20260830/run_01/117_linux_smarthome_796/config/task.json,formal_run_01: formal runner summary; archived incomplete attempts excluded,FAIL,FAIL,recorded_automatic_result; no applicable confirmed rescoring record located,0.5,0.5,selected-attempt result.json; no new scoring or reinterpretation,7,386.675,done,3,home+linux,linux_0:linux;linux_1:linux;home_0:home,worker-worktrees/all-task-update-intergration-sync-20260826/runs/doubao-seed-2.0-pro-lite/core200_20260830/experiment_metadata.json,worker-worktrees/all-task-update-intergration-sync-20260826/runs/doubao-seed-2.0-pro-lite/core200_20260830/run_01/summary.json,worker-worktrees/all-task-update-intergration-sync-20260826/runs/doubao-seed-2.0-pro-lite/core200_20260830/run_01/117_linux_smarthome_796/result.json,7348e006ce2a72ef39e134d3c1042de35ae11148,completed,formal_run_01,true,true,true,true
Doubao-Seed-2.0-Pro,linux_smarthome_576,118,worker-worktrees/all-task-update-intergration-sync-20260826/runs/doubao-seed-2.0-pro-lite/core200_20260830/run_01/118_linux_smarthome_576,worker-worktrees/all-task-update-intergration-sync-20260826/runs/doubao-seed-2.0-pro-lite/core200_20260830/run_01/run_metadata.json,worker-worktrees/all-task-update-intergration-sync-20260826/runs/doubao-seed-2.0-pro-lite/core200_20260830/run_01/118_linux_smarthome_576/config/task.json,formal_run_01: formal runner summary; archived incomplete attempts excluded,FAIL,FAIL,recorded_automatic_result; no applicable confirmed rescoring record located,0.5,0.5,selected-attempt result.json; no new scoring or reinterpretation,6,205.557,done,2,home+linux,linux_0:linux;home_0:home,worker-worktrees/all-task-update-intergration-sync-20260826/runs/doubao-seed-2.0-pro-lite/core200_20260830/experiment_metadata.json,worker-worktrees/all-task-update-intergration-sync-20260826/runs/doubao-seed-2.0-pro-lite/core200_20260830/run_01/summary.json,worker-worktrees/all-task-update-intergration-sync-20260826/runs/doubao-seed-2.0-pro-lite/core200_20260830/run_01/118_linux_smarthome_576/result.json,7348e006ce2a72ef39e134d3c1042de35ae11148,completed,formal_run_01,true,true,true,true
Doubao-Seed-2.0-Pro,linux_smarthome_932,119,worker-worktrees/all-task-update-intergration-sync-20260826/runs/doubao-seed-2.0-pro-lite/core200_20260830/run_01/119_linux_smarthome_932,worker-worktrees/all-task-update-intergration-sync-20260826/runs/doubao-seed-2.0-pro-lite/core200_20260830/run_01/run_metadata.json,worker-worktrees/all-task-update-intergration-sync-20260826/runs/doubao-seed-2.0-pro-lite/core200_20260830/run_01/119_linux_smarthome_932/config/task.json,formal_run_01: formal runner summary; archived incomplete attempts excluded,FAIL,FAIL,recorded_automatic_result; no applicable confirmed rescoring record located,0.5,0.5,selected-attempt result.json; no new scoring or reinterpretation,6,337.02,done,3,home+linux,linux_0:linux;linux_1:linux;home_0:home,worker-worktrees/all-task-update-intergration-sync-20260826/runs/doubao-seed-2.0-pro-lite/core200_20260830/experiment_metadata.json,worker-worktrees/all-task-update-intergration-sync-20260826/runs/doubao-seed-2.0-pro-lite/core200_20260830/run_01/summary.json,worker-worktrees/all-task-update-intergration-sync-20260826/runs/doubao-seed-2.0-pro-lite/core200_20260830/run_01/119_linux_smarthome_932/result.json,7348e006ce2a72ef39e134d3c1042de35ae11148,completed,formal_run_01,true,true,true,true
Doubao-Seed-2.0-Pro,linux_smarthome_062,120,worker-worktrees/all-task-update-intergration-sync-20260826/runs/doubao-seed-2.0-pro-lite/core200_20260830/run_01/120_linux_smarthome_062,worker-worktrees/all-task-update-intergration-sync-20260826/runs/doubao-seed-2.0-pro-lite/core200_20260830/run_01/run_metadata.json,worker-worktrees/all-task-update-intergration-sync-20260826/runs/doubao-seed-2.0-pro-lite/core200_20260830/run_01/120_linux_smarthome_062/config/task.json,formal_run_01: formal runner summary; archived incomplete attempts excluded,PASS,PASS,recorded_automatic_result; no applicable confirmed rescoring record located,1,1,selected-attempt result.json; no new scoring or reinterpretation,4,154.488,done,2,home+linux,linux_0:linux;home_0:home,worker-worktrees/all-task-update-intergration-sync-20260826/runs/doubao-seed-2.0-pro-lite/core200_20260830/experiment_metadata.json,worker-worktrees/all-task-update-intergration-sync-20260826/runs/doubao-seed-2.0-pro-lite/core200_20260830/run_01/summary.json,worker-worktrees/all-task-update-intergration-sync-20260826/runs/doubao-seed-2.0-pro-lite/core200_20260830/run_01/120_linux_smarthome_062/result.json,7348e006ce2a72ef39e134d3c1042de35ae11148,completed,formal_run_01,true,true,true,true
Doubao-Seed-2.0-Pro,linux_smarthome_983,121,worker-worktrees/all-task-update-intergration-sync-20260826/runs/doubao-seed-2.0-pro-lite/core200_20260830/run_01/121_linux_smarthome_983,worker-worktrees/all-task-update-intergration-sync-20260826/runs/doubao-seed-2.0-pro-lite/core200_20260830/run_01/run_metadata.json,worker-worktrees/all-task-update-intergration-sync-20260826/runs/doubao-seed-2.0-pro-lite/core200_20260830/run_01/121_linux_smarthome_983/config/task.json,formal_run_01: formal runner summary; archived incomplete attempts excluded,FAIL,FAIL,recorded_automatic_result; no applicable confirmed rescoring record located,0.5,0.5,selected-attempt result.json; no new scoring or reinterpretation,8,476.896,done,3,home+linux,linux_0:linux;linux_1:linux;home_0:home,worker-worktrees/all-task-update-intergration-sync-20260826/runs/doubao-seed-2.0-pro-lite/core200_20260830/experiment_metadata.json,worker-worktrees/all-task-update-intergration-sync-20260826/runs/doubao-seed-2.0-pro-lite/core200_20260830/run_01/summary.json,worker-worktrees/all-task-update-intergration-sync-20260826/runs/doubao-seed-2.0-pro-lite/core200_20260830/run_01/121_linux_smarthome_983/result.json,7348e006ce2a72ef39e134d3c1042de35ae11148,completed,formal_run_01,true,true,true,true
Doubao-Seed-2.0-Pro,linux_smarthome_656,122,worker-worktrees/all-task-update-intergration-sync-20260826/runs/doubao-seed-2.0-pro-lite/core200_20260830/run_01/122_linux_smarthome_656,worker-worktrees/all-task-update-intergration-sync-20260826/runs/doubao-seed-2.0-pro-lite/core200_20260830/run_01/run_metadata.json,worker-worktrees/all-task-update-intergration-sync-20260826/runs/doubao-seed-2.0-pro-lite/core200_20260830/run_01/122_linux_smarthome_656/config/task.json,formal_run_01: formal runner summary; archived incomplete attempts excluded,PASS,PASS,recorded_automatic_result; no applicable confirmed rescoring record located,1,1,selected-attempt result.json; no new scoring or reinterpretation,10,365.524,done,2,home+linux,linux_0:linux;home_0:home,worker-worktrees/all-task-update-intergration-sync-20260826/runs/doubao-seed-2.0-pro-lite/core200_20260830/experiment_metadata.json,worker-worktrees/all-task-update-intergration-sync-20260826/runs/doubao-seed-2.0-pro-lite/core200_20260830/run_01/summary.json,worker-worktrees/all-task-update-intergration-sync-20260826/runs/doubao-seed-2.0-pro-lite/core200_20260830/run_01/122_linux_smarthome_656/result.json,7348e006ce2a72ef39e134d3c1042de35ae11148,completed,formal_run_01,true,true,true,true
Doubao-Seed-2.0-Pro,linux_smarthome_982,123,worker-worktrees/all-task-update-intergration-sync-20260826/runs/doubao-seed-2.0-pro-lite/core200_20260830/run_01/123_linux_smarthome_982,worker-worktrees/all-task-update-intergration-sync-20260826/runs/doubao-seed-2.0-pro-lite/core200_20260830/run_01/run_metadata.json,worker-worktrees/all-task-update-intergration-sync-20260826/runs/doubao-seed-2.0-pro-lite/core200_20260830/run_01/123_linux_smarthome_982/config/task.json,formal_run_01: formal runner summary; archived incomplete attempts excluded,FAIL,FAIL,recorded_automatic_result; no applicable confirmed rescoring record located,0.5,0.5,selected-attempt result.json; no new scoring or reinterpretation,10,495.069,done,3,home+linux,linux_0:linux;linux_1:linux;home_0:home,worker-worktrees/all-task-update-intergration-sync-20260826/runs/doubao-seed-2.0-pro-lite/core200_20260830/experiment_metadata.json,worker-worktrees/all-task-update-intergration-sync-20260826/runs/doubao-seed-2.0-pro-lite/core200_20260830/run_01/summary.json,worker-worktrees/all-task-update-intergration-sync-20260826/runs/doubao-seed-2.0-pro-lite/core200_20260830/run_01/123_linux_smarthome_982/result.json,7348e006ce2a72ef39e134d3c1042de35ae11148,completed,formal_run_01,true,true,true,true
Doubao-Seed-2.0-Pro,linux_smarthome_348,124,worker-worktrees/all-task-update-intergration-sync-20260826/runs/doubao-seed-2.0-pro-lite/core200_20260830/run_01/124_linux_smarthome_348,worker-worktrees/all-task-update-intergration-sync-20260826/runs/doubao-seed-2.0-pro-lite/core200_20260830/run_01/run_metadata.json,worker-worktrees/all-task-update-intergration-sync-20260826/runs/doubao-seed-2.0-pro-lite/core200_20260830/run_01/124_linux_smarthome_348/config/task.json,formal_run_01: formal runner summary; archived incomplete attempts excluded,PASS,PASS,recorded_automatic_result; no applicable confirmed rescoring record located,1,1,selected-attempt result.json; no new scoring or reinterpretation,9,241.644,done,2,home+linux,linux_0:linux;home_0:home,worker-worktrees/all-task-update-intergration-sync-20260826/runs/doubao-seed-2.0-pro-lite/core200_20260830/experiment_metadata.json,worker-worktrees/all-task-update-intergration-sync-20260826/runs/doubao-seed-2.0-pro-lite/core200_20260830/run_01/summary.json,worker-worktrees/all-task-update-intergration-sync-20260826/runs/doubao-seed-2.0-pro-lite/core200_20260830/run_01/124_linux_smarthome_348/result.json,7348e006ce2a72ef39e134d3c1042de35ae11148,completed,formal_run_01,true,true,true,true
Doubao-Seed-2.0-Pro,linux_smarthome_567,125,worker-worktrees/all-task-update-intergration-sync-20260826/runs/doubao-seed-2.0-pro-lite/core200_20260830/run_01/125_linux_smarthome_567,worker-worktrees/all-task-update-intergration-sync-20260826/runs/doubao-seed-2.0-pro-lite/core200_20260830/run_01/run_metadata.json,worker-worktrees/all-task-update-intergration-sync-20260826/runs/doubao-seed-2.0-pro-lite/core200_20260830/run_01/125_linux_smarthome_567/config/task.json,formal_run_01: formal runner summary; archived incomplete attempts excluded,FAIL,FAIL,recorded_automatic_result; no applicable confirmed rescoring record located,0.5,0.5,selected-attempt result.json; no new scoring or reinterpretation,12,674.493,done,3,home+linux,linux_0:linux;linux_1:linux;home_0:home,worker-worktrees/all-task-update-intergration-sync-20260826/runs/doubao-seed-2.0-pro-lite/core200_20260830/experiment_metadata.json,worker-worktrees/all-task-update-intergration-sync-20260826/runs/doubao-seed-2.0-pro-lite/core200_20260830/run_01/summary.json,worker-worktrees/all-task-update-intergration-sync-20260826/runs/doubao-seed-2.0-pro-lite/core200_20260830/run_01/125_linux_smarthome_567/result.json,7348e006ce2a72ef39e134d3c1042de35ae11148,completed,formal_run_01,true,true,true,true
Doubao-Seed-2.0-Pro,linux_smarthome_670,126,worker-worktrees/all-task-update-intergration-sync-20260826/runs/doubao-seed-2.0-pro-lite/core200_20260830/run_01/126_linux_smarthome_670,worker-worktrees/all-task-update-intergration-sync-20260826/runs/doubao-seed-2.0-pro-lite/core200_20260830/run_01/run_metadata.json,worker-worktrees/all-task-update-intergration-sync-20260826/runs/doubao-seed-2.0-pro-lite/core200_20260830/run_01/126_linux_smarthome_670/config/task.json,formal_run_01: formal runner summary; archived incomplete attempts excluded,FAIL,FAIL,recorded_automatic_result; no applicable confirmed rescoring record located,0.75,0.75,selected-attempt result.json; no new scoring or reinterpretation,6,284.514,done,3,home+linux,linux_0:linux;linux_1:linux;home_0:home,worker-worktrees/all-task-update-intergration-sync-20260826/runs/doubao-seed-2.0-pro-lite/core200_20260830/experiment_metadata.json,worker-worktrees/all-task-update-intergration-sync-20260826/runs/doubao-seed-2.0-pro-lite/core200_20260830/run_01/summary.json,worker-worktrees/all-task-update-intergration-sync-20260826/runs/doubao-seed-2.0-pro-lite/core200_20260830/run_01/126_linux_smarthome_670/result.json,7348e006ce2a72ef39e134d3c1042de35ae11148,completed,formal_run_01,true,true,true,true
Doubao-Seed-2.0-Pro,linux_smarthome_359,127,worker-worktrees/all-task-update-intergration-sync-20260826/runs/doubao-seed-2.0-pro-lite/core200_20260830/run_01/127_linux_smarthome_359,worker-worktrees/all-task-update-intergration-sync-20260826/runs/doubao-seed-2.0-pro-lite/core200_20260830/run_01/run_metadata.json,worker-worktrees/all-task-update-intergration-sync-20260826/runs/doubao-seed-2.0-pro-lite/core200_20260830/run_01/127_linux_smarthome_359/config/task.json,formal_run_01: formal runner summary; archived incomplete attempts excluded,FAIL,FAIL,recorded_automatic_result; no applicable confirmed rescoring record located,0.8,0.8,selected-attempt result.json; no new scoring or reinterpretation,5,173.487,done,2,home+linux,linux_0:linux;home_0:home,worker-worktrees/all-task-update-intergration-sync-20260826/runs/doubao-seed-2.0-pro-lite/core200_20260830/experiment_metadata.json,worker-worktrees/all-task-update-intergration-sync-20260826/runs/doubao-seed-2.0-pro-lite/core200_20260830/run_01/summary.json,worker-worktrees/all-task-update-intergration-sync-20260826/runs/doubao-seed-2.0-pro-lite/core200_20260830/run_01/127_linux_smarthome_359/result.json,7348e006ce2a72ef39e134d3c1042de35ae11148,completed,formal_run_01,true,true,true,true
Doubao-Seed-2.0-Pro,linux_smarthome_373,128,worker-worktrees/all-task-update-intergration-sync-20260826/runs/doubao-seed-2.0-pro-lite/core200_20260830/run_01/128_linux_smarthome_373,worker-worktrees/all-task-update-intergration-sync-20260826/runs/doubao-seed-2.0-pro-lite/core200_20260830/run_01/run_metadata.json,worker-worktrees/all-task-update-intergration-sync-20260826/runs/doubao-seed-2.0-pro-lite/core200_20260830/run_01/128_linux_smarthome_373/config/task.json,formal_run_01: formal runner summary; archived incomplete attempts excluded,FAIL,FAIL,recorded_automatic_result; no applicable confirmed rescoring record located,0.5,0.5,selected-attempt result.json; no new scoring or reinterpretation,7,186.95,done,2,home+linux,linux_0:linux;home_0:home,worker-worktrees/all-task-update-intergration-sync-20260826/runs/doubao-seed-2.0-pro-lite/core200_20260830/experiment_metadata.json,worker-worktrees/all-task-update-intergration-sync-20260826/runs/doubao-seed-2.0-pro-lite/core200_20260830/run_01/summary.json,worker-worktrees/all-task-update-intergration-sync-20260826/runs/doubao-seed-2.0-pro-lite/core200_20260830/run_01/128_linux_smarthome_373/result.json,7348e006ce2a72ef39e134d3c1042de35ae11148,completed,formal_run_01,true,true,true,true
Doubao-Seed-2.0-Pro,linux_smarthome_065,129,worker-worktrees/all-task-update-intergration-sync-20260826/runs/doubao-seed-2.0-pro-lite/core200_20260830/run_01/129_linux_smarthome_065,worker-worktrees/all-task-update-intergration-sync-20260826/runs/doubao-seed-2.0-pro-lite/core200_20260830/run_01/run_metadata.json,worker-worktrees/all-task-update-intergration-sync-20260826/runs/doubao-seed-2.0-pro-lite/core200_20260830/run_01/129_linux_smarthome_065/config/task.json,formal_run_01: formal runner summary; archived incomplete attempts excluded,PASS,PASS,recorded_automatic_result; no applicable confirmed rescoring record located,1,1,selected-attempt result.json; no new scoring or reinterpretation,3,116.305,done,2,home+linux,linux_0:linux;home_0:home,worker-worktrees/all-task-update-intergration-sync-20260826/runs/doubao-seed-2.0-pro-lite/core200_20260830/experiment_metadata.json,worker-worktrees/all-task-update-intergration-sync-20260826/runs/doubao-seed-2.0-pro-lite/core200_20260830/run_01/summary.json,worker-worktrees/all-task-update-intergration-sync-20260826/runs/doubao-seed-2.0-pro-lite/core200_20260830/run_01/129_linux_smarthome_065/result.json,7348e006ce2a72ef39e134d3c1042de35ae11148,completed,formal_run_01,true,true,true,true
Doubao-Seed-2.0-Pro,linux_smarthome_370,130,worker-worktrees/all-task-update-intergration-sync-20260826/runs/doubao-seed-2.0-pro-lite/core200_20260830/run_01/130_linux_smarthome_370,worker-worktrees/all-task-update-intergration-sync-20260826/runs/doubao-seed-2.0-pro-lite/core200_20260830/run_01/run_metadata.json,worker-worktrees/all-task-update-intergration-sync-20260826/runs/doubao-seed-2.0-pro-lite/core200_20260830/run_01/130_linux_smarthome_370/config/task.json,formal_run_01: formal runner summary; archived incomplete attempts excluded,PASS,PASS,recorded_automatic_result; no applicable confirmed rescoring record located,1,1,selected-attempt result.json; no new scoring or reinterpretation,4,132.529,done,2,home+linux,linux_0:linux;home_0:home,worker-worktrees/all-task-update-intergration-sync-20260826/runs/doubao-seed-2.0-pro-lite/core200_20260830/experiment_metadata.json,worker-worktrees/all-task-update-intergration-sync-20260826/runs/doubao-seed-2.0-pro-lite/core200_20260830/run_01/summary.json,worker-worktrees/all-task-update-intergration-sync-20260826/runs/doubao-seed-2.0-pro-lite/core200_20260830/run_01/130_linux_smarthome_370/result.json,7348e006ce2a72ef39e134d3c1042de35ae11148,completed,formal_run_01,true,true,true,true
Doubao-Seed-2.0-Pro,linux_smarthome_372,131,worker-worktrees/all-task-update-intergration-sync-20260826/runs/doubao-seed-2.0-pro-lite/core200_20260830/run_01/131_linux_smarthome_372,worker-worktrees/all-task-update-intergration-sync-20260826/runs/doubao-seed-2.0-pro-lite/core200_20260830/run_01/run_metadata.json,worker-worktrees/all-task-update-intergration-sync-20260826/runs/doubao-seed-2.0-pro-lite/core200_20260830/run_01/131_linux_smarthome_372/config/task.json,formal_run_01: formal runner summary; archived incomplete attempts excluded,FAIL,FAIL,recorded_automatic_result; no applicable confirmed rescoring record located,0,0,selected-attempt result.json; no new scoring or reinterpretation,8,264.973,done,2,home+linux,linux_0:linux;home_0:home,worker-worktrees/all-task-update-intergration-sync-20260826/runs/doubao-seed-2.0-pro-lite/core200_20260830/experiment_metadata.json,worker-worktrees/all-task-update-intergration-sync-20260826/runs/doubao-seed-2.0-pro-lite/core200_20260830/run_01/summary.json,worker-worktrees/all-task-update-intergration-sync-20260826/runs/doubao-seed-2.0-pro-lite/core200_20260830/run_01/131_linux_smarthome_372/result.json,7348e006ce2a72ef39e134d3c1042de35ae11148,completed,formal_run_01,true,true,true,true
Doubao-Seed-2.0-Pro,linux_smarthome_028,132,worker-worktrees/all-task-update-intergration-sync-20260826/runs/doubao-seed-2.0-pro-lite/core200_20260830/run_01/132_linux_smarthome_028,worker-worktrees/all-task-update-intergration-sync-20260826/runs/doubao-seed-2.0-pro-lite/core200_20260830/run_01/run_metadata.json,worker-worktrees/all-task-update-intergration-sync-20260826/runs/doubao-seed-2.0-pro-lite/core200_20260830/run_01/132_linux_smarthome_028/config/task.json,formal_run_01: formal runner summary; archived incomplete attempts excluded,PASS,PASS,recorded_automatic_result; no applicable confirmed rescoring record located,1,1,selected-attempt result.json; no new scoring or reinterpretation,5,165.332,done,2,home+linux,linux_0:linux;home_0:home,worker-worktrees/all-task-update-intergration-sync-20260826/runs/doubao-seed-2.0-pro-lite/core200_20260830/experiment_metadata.json,worker-worktrees/all-task-update-intergration-sync-20260826/runs/doubao-seed-2.0-pro-lite/core200_20260830/run_01/summary.json,worker-worktrees/all-task-update-intergration-sync-20260826/runs/doubao-seed-2.0-pro-lite/core200_20260830/run_01/132_linux_smarthome_028/result.json,7348e006ce2a72ef39e134d3c1042de35ae11148,completed,formal_run_01,true,true,true,true
Doubao-Seed-2.0-Pro,linux_smarthome_999,133,worker-worktrees/all-task-update-intergration-sync-20260826/runs/doubao-seed-2.0-pro-lite/core200_20260830/run_01/133_linux_smarthome_999,worker-worktrees/all-task-update-intergration-sync-20260826/runs/doubao-seed-2.0-pro-lite/core200_20260830/run_01/run_metadata.json,worker-worktrees/all-task-update-intergration-sync-20260826/runs/doubao-seed-2.0-pro-lite/core200_20260830/run_01/133_linux_smarthome_999/config/task.json,formal_run_01: formal runner summary; archived incomplete attempts excluded,FAIL,FAIL,recorded_automatic_result; no applicable confirmed rescoring record located,0.5,0.5,selected-attempt result.json; no new scoring or reinterpretation,6,371.932,done,3,home+linux,linux_0:linux;linux_1:linux;home_0:home,worker-worktrees/all-task-update-intergration-sync-20260826/runs/doubao-seed-2.0-pro-lite/core200_20260830/experiment_metadata.json,worker-worktrees/all-task-update-intergration-sync-20260826/runs/doubao-seed-2.0-pro-lite/core200_20260830/run_01/summary.json,worker-worktrees/all-task-update-intergration-sync-20260826/runs/doubao-seed-2.0-pro-lite/core200_20260830/run_01/133_linux_smarthome_999/result.json,7348e006ce2a72ef39e134d3c1042de35ae11148,completed,formal_run_01,true,true,true,true
Doubao-Seed-2.0-Pro,linux_smarthome_361,134,worker-worktrees/all-task-update-intergration-sync-20260826/runs/doubao-seed-2.0-pro-lite/core200_20260830/run_01/134_linux_smarthome_361,worker-worktrees/all-task-update-intergration-sync-20260826/runs/doubao-seed-2.0-pro-lite/core200_20260830/run_01/run_metadata.json,worker-worktrees/all-task-update-intergration-sync-20260826/runs/doubao-seed-2.0-pro-lite/core200_20260830/run_01/134_linux_smarthome_361/config/task.json,formal_run_01: formal runner summary; archived incomplete attempts excluded,FAIL,FAIL,recorded_automatic_result; no applicable confirmed rescoring record located,0.5,0.5,selected-attempt result.json; no new scoring or reinterpretation,6,363.225,done,2,home+linux,linux_0:linux;home_0:home,worker-worktrees/all-task-update-intergration-sync-20260826/runs/doubao-seed-2.0-pro-lite/core200_20260830/experiment_metadata.json,worker-worktrees/all-task-update-intergration-sync-20260826/runs/doubao-seed-2.0-pro-lite/core200_20260830/run_01/summary.json,worker-worktrees/all-task-update-intergration-sync-20260826/runs/doubao-seed-2.0-pro-lite/core200_20260830/run_01/134_linux_smarthome_361/result.json,7348e006ce2a72ef39e134d3c1042de35ae11148,completed,formal_run_01,true,true,true,true
Doubao-Seed-2.0-Pro,linux_smarthome_981,135,worker-worktrees/all-task-update-intergration-sync-20260826/runs/doubao-seed-2.0-pro-lite/core200_20260830/run_01/135_linux_smarthome_981,worker-worktrees/all-task-update-intergration-sync-20260826/runs/doubao-seed-2.0-pro-lite/core200_20260830/run_01/run_metadata.json,worker-worktrees/all-task-update-intergration-sync-20260826/runs/doubao-seed-2.0-pro-lite/core200_20260830/run_01/135_linux_smarthome_981/config/task.json,formal_run_01: formal runner summary; archived incomplete attempts excluded,FAIL,FAIL,recorded_automatic_result; no applicable confirmed rescoring record located,0.5,0.5,selected-attempt result.json; no new scoring or reinterpretation,6,385.683,done,3,home+linux,linux_0:linux;linux_1:linux;home_0:home,worker-worktrees/all-task-update-intergration-sync-20260826/runs/doubao-seed-2.0-pro-lite/core200_20260830/experiment_metadata.json,worker-worktrees/all-task-update-intergration-sync-20260826/runs/doubao-seed-2.0-pro-lite/core200_20260830/run_01/summary.json,worker-worktrees/all-task-update-intergration-sync-20260826/runs/doubao-seed-2.0-pro-lite/core200_20260830/run_01/135_linux_smarthome_981/result.json,7348e006ce2a72ef39e134d3c1042de35ae11148,completed,formal_run_01,true,true,true,true
Doubao-Seed-2.0-Pro,android_smarthome_357,136,worker-worktrees/all-task-update-intergration-sync-20260826/runs/doubao-seed-2.0-pro-lite/core200_20260830/run_01/136_android_smarthome_357,worker-worktrees/all-task-update-intergration-sync-20260826/runs/doubao-seed-2.0-pro-lite/core200_20260830/run_01/run_metadata.json,worker-worktrees/all-task-update-intergration-sync-20260826/runs/doubao-seed-2.0-pro-lite/core200_20260830/run_01/136_android_smarthome_357/config/task.json,formal_run_01: formal runner summary; archived incomplete attempts excluded,FAIL,FAIL,recorded_automatic_result; no applicable confirmed rescoring record located,0,0,selected-attempt result.json; no new scoring or reinterpretation,50,1720.53,max_steps,3,android+home,android_0:android;android_1:android;home_0:home,worker-worktrees/all-task-update-intergration-sync-20260826/runs/doubao-seed-2.0-pro-lite/core200_20260830/experiment_metadata.json,worker-worktrees/all-task-update-intergration-sync-20260826/runs/doubao-seed-2.0-pro-lite/core200_20260830/run_01/summary.json,worker-worktrees/all-task-update-intergration-sync-20260826/runs/doubao-seed-2.0-pro-lite/core200_20260830/run_01/136_android_smarthome_357/result.json,7348e006ce2a72ef39e134d3c1042de35ae11148,completed,formal_run_01,true,true,true,true
Doubao-Seed-2.0-Pro,android_smarthome_409,137,worker-worktrees/all-task-update-intergration-sync-20260826/runs/doubao-seed-2.0-pro-lite/core200_20260830/run_01/137_android_smarthome_409,worker-worktrees/all-task-update-intergration-sync-20260826/runs/doubao-seed-2.0-pro-lite/core200_20260830/run_01/run_metadata.json,worker-worktrees/all-task-update-intergration-sync-20260826/runs/doubao-seed-2.0-pro-lite/core200_20260830/run_01/137_android_smarthome_409/config/task.json,formal_run_01: formal runner summary; archived incomplete attempts excluded,FAIL,FAIL,recorded_automatic_result; no applicable confirmed rescoring record located,0.25,0.25,selected-attempt result.json; no new scoring or reinterpretation,33,1800.563,time_limit,2,android+home,android_0:android;home_0:home,worker-worktrees/all-task-update-intergration-sync-20260826/runs/doubao-seed-2.0-pro-lite/core200_20260830/experiment_metadata.json,worker-worktrees/all-task-update-intergration-sync-20260826/runs/doubao-seed-2.0-pro-lite/core200_20260830/run_01/summary.json,worker-worktrees/all-task-update-intergration-sync-20260826/runs/doubao-seed-2.0-pro-lite/core200_20260830/run_01/137_android_smarthome_409/result.json,7348e006ce2a72ef39e134d3c1042de35ae11148,completed,formal_run_01,true,true,true,true
Doubao-Seed-2.0-Pro,android_smarthome_854,138,worker-worktrees/all-task-update-intergration-sync-20260826/runs/doubao-seed-2.0-pro-lite/core200_20260830/run_01/138_android_smarthome_854,worker-worktrees/all-task-update-intergration-sync-20260826/runs/doubao-seed-2.0-pro-lite/core200_20260830/run_01/run_metadata.json,worker-worktrees/all-task-update-intergration-sync-20260826/runs/doubao-seed-2.0-pro-lite/core200_20260830/run_01/138_android_smarthome_854/config/task.json,formal_run_01: formal runner summary; archived incomplete attempts excluded,FAIL,FAIL,recorded_automatic_result; no applicable confirmed rescoring record located,0.75,0.75,selected-attempt result.json; no new scoring or reinterpretation,23,1803.627,time_limit,2,android+home,android_0:android;home_0:home,worker-worktrees/all-task-update-intergration-sync-20260826/runs/doubao-seed-2.0-pro-lite/core200_20260830/experiment_metadata.json,worker-worktrees/all-task-update-intergration-sync-20260826/runs/doubao-seed-2.0-pro-lite/core200_20260830/run_01/summary.json,worker-worktrees/all-task-update-intergration-sync-20260826/runs/doubao-seed-2.0-pro-lite/core200_20260830/run_01/138_android_smarthome_854/result.json,7348e006ce2a72ef39e134d3c1042de35ae11148,completed,formal_run_01,true,true,true,true
Doubao-Seed-2.0-Pro,android_smarthome_026,139,worker-worktrees/all-task-update-intergration-sync-20260826/runs/doubao-seed-2.0-pro-lite/core200_20260830/run_01/139_android_smarthome_026,worker-worktrees/all-task-update-intergration-sync-20260826/runs/doubao-seed-2.0-pro-lite/core200_20260830/run_01/run_metadata.json,worker-worktrees/all-task-update-intergration-sync-20260826/runs/doubao-seed-2.0-pro-lite/core200_20260830/run_01/139_android_smarthome_026/config/task.json,formal_run_01: formal runner summary; archived incomplete attempts excluded,FAIL,FAIL,recorded_automatic_result; no applicable confirmed rescoring record located,0,0,selected-attempt result.json; no new scoring or reinterpretation,50,1435.353,max_steps,2,android+home,android_0:android;home_0:home,worker-worktrees/all-task-update-intergration-sync-20260826/runs/doubao-seed-2.0-pro-lite/core200_20260830/experiment_metadata.json,worker-worktrees/all-task-update-intergration-sync-20260826/runs/doubao-seed-2.0-pro-lite/core200_20260830/run_01/summary.json,worker-worktrees/all-task-update-intergration-sync-20260826/runs/doubao-seed-2.0-pro-lite/core200_20260830/run_01/139_android_smarthome_026/result.json,7348e006ce2a72ef39e134d3c1042de35ae11148,completed,formal_run_01,true,true,true,true
Doubao-Seed-2.0-Pro,android_smarthome_407,140,worker-worktrees/all-task-update-intergration-sync-20260826/runs/doubao-seed-2.0-pro-lite/core200_20260830/run_01/140_android_smarthome_407,worker-worktrees/all-task-update-intergration-sync-20260826/runs/doubao-seed-2.0-pro-lite/core200_20260830/run_01/run_metadata.json,worker-worktrees/all-task-update-intergration-sync-20260826/runs/doubao-seed-2.0-pro-lite/core200_20260830/run_01/140_android_smarthome_407/config/task.json,formal_run_01: formal runner summary; archived incomplete attempts excluded,FAIL,FAIL,recorded_automatic_result; no applicable confirmed rescoring record located,0.5,0.5,selected-attempt result.json; no new scoring or reinterpretation,50,1191.758,max_steps,2,android+home,android_0:android;home_0:home,worker-worktrees/all-task-update-intergration-sync-20260826/runs/doubao-seed-2.0-pro-lite/core200_20260830/experiment_metadata.json,worker-worktrees/all-task-update-intergration-sync-20260826/runs/doubao-seed-2.0-pro-lite/core200_20260830/run_01/summary.json,worker-worktrees/all-task-update-intergration-sync-20260826/runs/doubao-seed-2.0-pro-lite/core200_20260830/run_01/140_android_smarthome_407/result.json,7348e006ce2a72ef39e134d3c1042de35ae11148,completed,formal_run_01,true,true,true,true
Doubao-Seed-2.0-Pro,android_smarthome_149,141,worker-worktrees/all-task-update-intergration-sync-20260826/runs/doubao-seed-2.0-pro-lite/core200_20260830/run_01/141_android_smarthome_149,worker-worktrees/all-task-update-intergration-sync-20260826/runs/doubao-seed-2.0-pro-lite/core200_20260830/run_01/run_metadata.json,worker-worktrees/all-task-update-intergration-sync-20260826/runs/doubao-seed-2.0-pro-lite/core200_20260830/run_01/141_android_smarthome_149/config/task.json,formal_run_01: formal runner summary; archived incomplete attempts excluded,FAIL,FAIL,recorded_automatic_result; no applicable confirmed rescoring record located,0.6666666666666666,0.6666666666666666,selected-attempt result.json; no new scoring or reinterpretation,37,1505.267,done,3,android+home,android_0:android;android_1:android;home_0:home,worker-worktrees/all-task-update-intergration-sync-20260826/runs/doubao-seed-2.0-pro-lite/core200_20260830/experiment_metadata.json,worker-worktrees/all-task-update-intergration-sync-20260826/runs/doubao-seed-2.0-pro-lite/core200_20260830/run_01/summary.json,worker-worktrees/all-task-update-intergration-sync-20260826/runs/doubao-seed-2.0-pro-lite/core200_20260830/run_01/141_android_smarthome_149/result.json,7348e006ce2a72ef39e134d3c1042de35ae11148,completed,formal_run_01,true,true,true,true
Doubao-Seed-2.0-Pro,android_smarthome_336,142,worker-worktrees/all-task-update-intergration-sync-20260826/runs/doubao-seed-2.0-pro-lite/core200_20260830/run_01/142_android_smarthome_336,worker-worktrees/all-task-update-intergration-sync-20260826/runs/doubao-seed-2.0-pro-lite/core200_20260830/run_01/run_metadata.json,worker-worktrees/all-task-update-intergration-sync-20260826/runs/doubao-seed-2.0-pro-lite/core200_20260830/run_01/142_android_smarthome_336/config/task.json,formal_run_01: formal runner summary; archived incomplete attempts excluded,FAIL,FAIL,recorded_automatic_result; no applicable confirmed rescoring record located,0.75,0.75,selected-attempt result.json; no new scoring or reinterpretation,50,1096.86,max_steps,2,android+home,android_0:android;home_0:home,worker-worktrees/all-task-update-intergration-sync-20260826/runs/doubao-seed-2.0-pro-lite/core200_20260830/experiment_metadata.json,worker-worktrees/all-task-update-intergration-sync-20260826/runs/doubao-seed-2.0-pro-lite/core200_20260830/run_01/summary.json,worker-worktrees/all-task-update-intergration-sync-20260826/runs/doubao-seed-2.0-pro-lite/core200_20260830/run_01/142_android_smarthome_336/result.json,7348e006ce2a72ef39e134d3c1042de35ae11148,completed,formal_run_01,true,true,true,true
Doubao-Seed-2.0-Pro,android_smarthome_844,143,worker-worktrees/all-task-update-intergration-sync-20260826/runs/doubao-seed-2.0-pro-lite/core200_20260830/run_01/143_android_smarthome_844,worker-worktrees/all-task-update-intergration-sync-20260826/runs/doubao-seed-2.0-pro-lite/core200_20260830/run_01/run_metadata.json,worker-worktrees/all-task-update-intergration-sync-20260826/runs/doubao-seed-2.0-pro-lite/core200_20260830/run_01/143_android_smarthome_844/config/task.json,formal_run_01: formal runner summary; archived incomplete attempts excluded,FAIL,FAIL,recorded_automatic_result; no applicable confirmed rescoring record located,0,0,selected-attempt result.json; no new scoring or reinterpretation,36,1801.646,time_limit,3,android+home,android_0:android;android_1:android;home_0:home,worker-worktrees/all-task-update-intergration-sync-20260826/runs/doubao-seed-2.0-pro-lite/core200_20260830/experiment_metadata.json,worker-worktrees/all-task-update-intergration-sync-20260826/runs/doubao-seed-2.0-pro-lite/core200_20260830/run_01/summary.json,worker-worktrees/all-task-update-intergration-sync-20260826/runs/doubao-seed-2.0-pro-lite/core200_20260830/run_01/143_android_smarthome_844/result.json,7348e006ce2a72ef39e134d3c1042de35ae11148,completed,formal_run_01,true,true,true,true
Doubao-Seed-2.0-Pro,android_smarthome_144,144,worker-worktrees/all-task-update-intergration-sync-20260826/runs/doubao-seed-2.0-pro-lite/core200_20260830/run_01/144_android_smarthome_144,worker-worktrees/all-task-update-intergration-sync-20260826/runs/doubao-seed-2.0-pro-lite/core200_20260830/run_01/run_metadata.json,worker-worktrees/all-task-update-intergration-sync-20260826/runs/doubao-seed-2.0-pro-lite/core200_20260830/run_01/144_android_smarthome_144/config/task.json,formal_run_01: formal runner summary; archived incomplete attempts excluded,FAIL,FAIL,recorded_automatic_result; no applicable confirmed rescoring record located,0.5,0.5,selected-attempt result.json; no new scoring or reinterpretation,50,1794.99,max_steps,3,android+home,android_0:android;android_1:android;home_0:home,worker-worktrees/all-task-update-intergration-sync-20260826/runs/doubao-seed-2.0-pro-lite/core200_20260830/experiment_metadata.json,worker-worktrees/all-task-update-intergration-sync-20260826/runs/doubao-seed-2.0-pro-lite/core200_20260830/run_01/summary.json,worker-worktrees/all-task-update-intergration-sync-20260826/runs/doubao-seed-2.0-pro-lite/core200_20260830/run_01/144_android_smarthome_144/result.json,7348e006ce2a72ef39e134d3c1042de35ae11148,completed,formal_run_01,true,true,true,true
Doubao-Seed-2.0-Pro,android_smarthome_241,145,worker-worktrees/all-task-update-intergration-sync-20260826/runs/doubao-seed-2.0-pro-lite/core200_20260830/run_01/145_android_smarthome_241,worker-worktrees/all-task-update-intergration-sync-20260826/runs/doubao-seed-2.0-pro-lite/core200_20260830/run_01/run_metadata.json,worker-worktrees/all-task-update-intergration-sync-20260826/runs/doubao-seed-2.0-pro-lite/core200_20260830/run_01/145_android_smarthome_241/config/task.json,formal_run_01: formal runner summary; archived incomplete attempts excluded,PASS,PASS,recorded_automatic_result; no applicable confirmed rescoring record located,1,1,selected-attempt result.json; no new scoring or reinterpretation,14,900.239,done,3,android+home,android_0:android;android_1:android;home_0:home,worker-worktrees/all-task-update-intergration-sync-20260826/runs/doubao-seed-2.0-pro-lite/core200_20260830/experiment_metadata.json,worker-worktrees/all-task-update-intergration-sync-20260826/runs/doubao-seed-2.0-pro-lite/core200_20260830/run_01/summary.json,worker-worktrees/all-task-update-intergration-sync-20260826/runs/doubao-seed-2.0-pro-lite/core200_20260830/run_01/145_android_smarthome_241/result.json,7348e006ce2a72ef39e134d3c1042de35ae11148,completed,formal_run_01,true,true,true,true
Doubao-Seed-2.0-Pro,android_smarthome_251,146,worker-worktrees/all-task-update-intergration-sync-20260826/runs/doubao-seed-2.0-pro-lite/core200_20260830/run_01/146_android_smarthome_251,worker-worktrees/all-task-update-intergration-sync-20260826/runs/doubao-seed-2.0-pro-lite/core200_20260830/run_01/run_metadata.json,worker-worktrees/all-task-update-intergration-sync-20260826/runs/doubao-seed-2.0-pro-lite/core200_20260830/run_01/146_android_smarthome_251/config/task.json,formal_run_01: formal runner summary; archived incomplete attempts excluded,FAIL,FAIL,recorded_automatic_result; no applicable confirmed rescoring record located,0.75,0.75,selected-attempt result.json; no new scoring or reinterpretation,44,1805.516,time_limit,2,android+home,android_0:android;home_0:home,worker-worktrees/all-task-update-intergration-sync-20260826/runs/doubao-seed-2.0-pro-lite/core200_20260830/experiment_metadata.json,worker-worktrees/all-task-update-intergration-sync-20260826/runs/doubao-seed-2.0-pro-lite/core200_20260830/run_01/summary.json,worker-worktrees/all-task-update-intergration-sync-20260826/runs/doubao-seed-2.0-pro-lite/core200_20260830/run_01/146_android_smarthome_251/result.json,7348e006ce2a72ef39e134d3c1042de35ae11148,completed,formal_run_01,true,true,true,true
Doubao-Seed-2.0-Pro,android_smarthome_265,147,worker-worktrees/all-task-update-intergration-sync-20260826/runs/doubao-seed-2.0-pro-lite/core200_20260830/run_01/147_android_smarthome_265,worker-worktrees/all-task-update-intergration-sync-20260826/runs/doubao-seed-2.0-pro-lite/core200_20260830/run_01/run_metadata.json,worker-worktrees/all-task-update-intergration-sync-20260826/runs/doubao-seed-2.0-pro-lite/core200_20260830/run_01/147_android_smarthome_265/config/task.json,formal_run_01: formal runner summary; archived incomplete attempts excluded,FAIL,FAIL,recorded_automatic_result; no applicable confirmed rescoring record located,0,0,selected-attempt result.json; no new scoring or reinterpretation,42,1806.324,time_limit,2,android+home,android_0:android;home_0:home,worker-worktrees/all-task-update-intergration-sync-20260826/runs/doubao-seed-2.0-pro-lite/core200_20260830/experiment_metadata.json,worker-worktrees/all-task-update-intergration-sync-20260826/runs/doubao-seed-2.0-pro-lite/core200_20260830/run_01/summary.json,worker-worktrees/all-task-update-intergration-sync-20260826/runs/doubao-seed-2.0-pro-lite/core200_20260830/run_01/147_android_smarthome_265/result.json,7348e006ce2a72ef39e134d3c1042de35ae11148,completed,formal_run_01,true,true,true,true
Doubao-Seed-2.0-Pro,android_smarthome_877,148,worker-worktrees/all-task-update-intergration-sync-20260826/runs/doubao-seed-2.0-pro-lite/core200_20260830/run_01/148_android_smarthome_877,worker-worktrees/all-task-update-intergration-sync-20260826/runs/doubao-seed-2.0-pro-lite/core200_20260830/run_01/run_metadata.json,worker-worktrees/all-task-update-intergration-sync-20260826/runs/doubao-seed-2.0-pro-lite/core200_20260830/run_01/148_android_smarthome_877/config/task.json,formal_run_01: formal runner summary; archived incomplete attempts excluded,FAIL,FAIL,recorded_automatic_result; no applicable confirmed rescoring record located,0.6666666666666666,0.6666666666666666,selected-attempt result.json; no new scoring or reinterpretation,34,1801.446,time_limit,2,android+home,android_0:android;home_0:home,worker-worktrees/all-task-update-intergration-sync-20260826/runs/doubao-seed-2.0-pro-lite/core200_20260830/experiment_metadata.json,worker-worktrees/all-task-update-intergration-sync-20260826/runs/doubao-seed-2.0-pro-lite/core200_20260830/run_01/summary.json,worker-worktrees/all-task-update-intergration-sync-20260826/runs/doubao-seed-2.0-pro-lite/core200_20260830/run_01/148_android_smarthome_877/result.json,7348e006ce2a72ef39e134d3c1042de35ae11148,completed,formal_run_01,true,true,true,true
Doubao-Seed-2.0-Pro,android_smarthome_846,149,worker-worktrees/all-task-update-intergration-sync-20260826/runs/doubao-seed-2.0-pro-lite/core200_20260830/run_01/149_android_smarthome_846,worker-worktrees/all-task-update-intergration-sync-20260826/runs/doubao-seed-2.0-pro-lite/core200_20260830/run_01/run_metadata.json,worker-worktrees/all-task-update-intergration-sync-20260826/runs/doubao-seed-2.0-pro-lite/core200_20260830/run_01/149_android_smarthome_846/config/task.json,formal_run_01: formal runner summary; archived incomplete attempts excluded,FAIL,FAIL,recorded_automatic_result; no applicable confirmed rescoring record located,0.8333333333333334,0.8333333333333334,selected-attempt result.json; no new scoring or reinterpretation,50,1310.203,max_steps,3,android+home,android_0:android;android_1:android;home_0:home,worker-worktrees/all-task-update-intergration-sync-20260826/runs/doubao-seed-2.0-pro-lite/core200_20260830/experiment_metadata.json,worker-worktrees/all-task-update-intergration-sync-20260826/runs/doubao-seed-2.0-pro-lite/core200_20260830/run_01/summary.json,worker-worktrees/all-task-update-intergration-sync-20260826/runs/doubao-seed-2.0-pro-lite/core200_20260830/run_01/149_android_smarthome_846/result.json,7348e006ce2a72ef39e134d3c1042de35ae11148,completed,formal_run_01,true,true,true,true
Doubao-Seed-2.0-Pro,android_smarthome_807,150,worker-worktrees/all-task-update-intergration-sync-20260826/runs/doubao-seed-2.0-pro-lite/core200_20260830/run_01/150_android_smarthome_807,worker-worktrees/all-task-update-intergration-sync-20260826/runs/doubao-seed-2.0-pro-lite/core200_20260830/run_01/run_metadata.json,worker-worktrees/all-task-update-intergration-sync-20260826/runs/doubao-seed-2.0-pro-lite/core200_20260830/run_01/150_android_smarthome_807/config/task.json,formal_run_01: formal runner summary; archived incomplete attempts excluded,FAIL,FAIL,recorded_automatic_result; no applicable confirmed rescoring record located,0.25,0.25,selected-attempt result.json; no new scoring or reinterpretation,50,1314.017,max_steps,2,android+home,android_0:android;home_0:home,worker-worktrees/all-task-update-intergration-sync-20260826/runs/doubao-seed-2.0-pro-lite/core200_20260830/experiment_metadata.json,worker-worktrees/all-task-update-intergration-sync-20260826/runs/doubao-seed-2.0-pro-lite/core200_20260830/run_01/summary.json,worker-worktrees/all-task-update-intergration-sync-20260826/runs/doubao-seed-2.0-pro-lite/core200_20260830/run_01/150_android_smarthome_807/result.json,7348e006ce2a72ef39e134d3c1042de35ae11148,completed,formal_run_01,true,true,true,true
Doubao-Seed-2.0-Pro,android_smarthome_464,151,worker-worktrees/all-task-update-intergration-sync-20260826/runs/doubao-seed-2.0-pro-lite/core200_20260830/run_01/151_android_smarthome_464,worker-worktrees/all-task-update-intergration-sync-20260826/runs/doubao-seed-2.0-pro-lite/core200_20260830/run_01/run_metadata.json,worker-worktrees/all-task-update-intergration-sync-20260826/runs/doubao-seed-2.0-pro-lite/core200_20260830/run_01/151_android_smarthome_464/config/task.json,formal_run_01: formal runner summary; archived incomplete attempts excluded,FAIL,FAIL,recorded_automatic_result; no applicable confirmed rescoring record located,0,0,selected-attempt result.json; no new scoring or reinterpretation,42,1804.559,time_limit,3,android+home,android_0:android;android_1:android;home_0:home,worker-worktrees/all-task-update-intergration-sync-20260826/runs/doubao-seed-2.0-pro-lite/core200_20260830/experiment_metadata.json,worker-worktrees/all-task-update-intergration-sync-20260826/runs/doubao-seed-2.0-pro-lite/core200_20260830/run_01/summary.json,worker-worktrees/all-task-update-intergration-sync-20260826/runs/doubao-seed-2.0-pro-lite/core200_20260830/run_01/151_android_smarthome_464/result.json,7348e006ce2a72ef39e134d3c1042de35ae11148,completed,formal_run_01,true,true,true,true
Doubao-Seed-2.0-Pro,android_smarthome_875,152,worker-worktrees/all-task-update-intergration-sync-20260826/runs/doubao-seed-2.0-pro-lite/core200_20260830/run_01/152_android_smarthome_875,worker-worktrees/all-task-update-intergration-sync-20260826/runs/doubao-seed-2.0-pro-lite/core200_20260830/run_01/run_metadata.json,worker-worktrees/all-task-update-intergration-sync-20260826/runs/doubao-seed-2.0-pro-lite/core200_20260830/run_01/152_android_smarthome_875/config/task.json,formal_run_01: formal runner summary; archived incomplete attempts excluded,FAIL,FAIL,recorded_automatic_result; no applicable confirmed rescoring record located,0,0,selected-attempt result.json; no new scoring or reinterpretation,50,1440.032,max_steps,2,android+home,android_0:android;home_0:home,worker-worktrees/all-task-update-intergration-sync-20260826/runs/doubao-seed-2.0-pro-lite/core200_20260830/experiment_metadata.json,worker-worktrees/all-task-update-intergration-sync-20260826/runs/doubao-seed-2.0-pro-lite/core200_20260830/run_01/summary.json,worker-worktrees/all-task-update-intergration-sync-20260826/runs/doubao-seed-2.0-pro-lite/core200_20260830/run_01/152_android_smarthome_875/result.json,7348e006ce2a72ef39e134d3c1042de35ae11148,completed,formal_run_01,true,true,true,true
Doubao-Seed-2.0-Pro,android_smarthome_888,153,worker-worktrees/all-task-update-intergration-sync-20260826/runs/doubao-seed-2.0-pro-lite/core200_20260830/run_01/153_android_smarthome_888,worker-worktrees/all-task-update-intergration-sync-20260826/runs/doubao-seed-2.0-pro-lite/core200_20260830/run_01/run_metadata.json,worker-worktrees/all-task-update-intergration-sync-20260826/runs/doubao-seed-2.0-pro-lite/core200_20260830/run_01/153_android_smarthome_888/config/task.json,formal_run_01: formal runner summary; archived incomplete attempts excluded,FAIL,FAIL,recorded_automatic_result; no applicable confirmed rescoring record located,0,0,selected-attempt result.json; no new scoring or reinterpretation,50,1778.78,max_steps,3,android+home,android_0:android;android_1:android;home_0:home,worker-worktrees/all-task-update-intergration-sync-20260826/runs/doubao-seed-2.0-pro-lite/core200_20260830/experiment_metadata.json,worker-worktrees/all-task-update-intergration-sync-20260826/runs/doubao-seed-2.0-pro-lite/core200_20260830/run_01/summary.json,worker-worktrees/all-task-update-intergration-sync-20260826/runs/doubao-seed-2.0-pro-lite/core200_20260830/run_01/153_android_smarthome_888/result.json,7348e006ce2a72ef39e134d3c1042de35ae11148,completed,formal_run_01,true,true,true,true
Doubao-Seed-2.0-Pro,android_smarthome_766,154,worker-worktrees/all-task-update-intergration-sync-20260826/runs/doubao-seed-2.0-pro-lite/core200_20260830/run_01/154_android_smarthome_766,worker-worktrees/all-task-update-intergration-sync-20260826/runs/doubao-seed-2.0-pro-lite/core200_20260830/run_01/run_metadata.json,worker-worktrees/all-task-update-intergration-sync-20260826/runs/doubao-seed-2.0-pro-lite/core200_20260830/run_01/154_android_smarthome_766/config/task.json,formal_run_01: formal runner summary; archived incomplete attempts excluded,FAIL,FAIL,recorded_automatic_result; no applicable confirmed rescoring record located,0.6666666666666666,0.6666666666666666,selected-attempt result.json; no new scoring or reinterpretation,16,1801.289,time_limit,3,android+home,android_0:android;android_1:android;home_0:home,worker-worktrees/all-task-update-intergration-sync-20260826/runs/doubao-seed-2.0-pro-lite/core200_20260830/experiment_metadata.json,worker-worktrees/all-task-update-intergration-sync-20260826/runs/doubao-seed-2.0-pro-lite/core200_20260830/run_01/summary.json,worker-worktrees/all-task-update-intergration-sync-20260826/runs/doubao-seed-2.0-pro-lite/core200_20260830/run_01/154_android_smarthome_766/result.json,7348e006ce2a72ef39e134d3c1042de35ae11148,completed,formal_run_01,true,true,true,true
Doubao-Seed-2.0-Pro,android_smarthome_231,155,worker-worktrees/all-task-update-intergration-sync-20260826/runs/doubao-seed-2.0-pro-lite/core200_20260830/run_01/155_android_smarthome_231,worker-worktrees/all-task-update-intergration-sync-20260826/runs/doubao-seed-2.0-pro-lite/core200_20260830/run_01/run_metadata.json,worker-worktrees/all-task-update-intergration-sync-20260826/runs/doubao-seed-2.0-pro-lite/core200_20260830/run_01/155_android_smarthome_231/config/task.json,formal_run_01: formal runner summary; archived incomplete attempts excluded,FAIL,FAIL,recorded_automatic_result; no applicable confirmed rescoring record located,0.5,0.5,selected-attempt result.json; no new scoring or reinterpretation,3,130.017,done,2,android+home,android_0:android;home_0:home,worker-worktrees/all-task-update-intergration-sync-20260826/runs/doubao-seed-2.0-pro-lite/core200_20260830/experiment_metadata.json,worker-worktrees/all-task-update-intergration-sync-20260826/runs/doubao-seed-2.0-pro-lite/core200_20260830/run_01/summary.json,worker-worktrees/all-task-update-intergration-sync-20260826/runs/doubao-seed-2.0-pro-lite/core200_20260830/run_01/155_android_smarthome_231/result.json,7348e006ce2a72ef39e134d3c1042de35ae11148,completed,formal_run_01,true,true,true,true
Doubao-Seed-2.0-Pro,android_smarthome_016,156,worker-worktrees/all-task-update-intergration-sync-20260826/runs/doubao-seed-2.0-pro-lite/core200_20260830/run_01/156_android_smarthome_016,worker-worktrees/all-task-update-intergration-sync-20260826/runs/doubao-seed-2.0-pro-lite/core200_20260830/run_01/run_metadata.json,worker-worktrees/all-task-update-intergration-sync-20260826/runs/doubao-seed-2.0-pro-lite/core200_20260830/run_01/156_android_smarthome_016/config/task.json,formal_run_01: formal runner summary; archived incomplete attempts excluded,FAIL,FAIL,recorded_automatic_result; no applicable confirmed rescoring record located,0.5,0.5,selected-attempt result.json; no new scoring or reinterpretation,24,1805.68,time_limit,2,android+home,android_0:android;home_0:home,worker-worktrees/all-task-update-intergration-sync-20260826/runs/doubao-seed-2.0-pro-lite/core200_20260830/experiment_metadata.json,worker-worktrees/all-task-update-intergration-sync-20260826/runs/doubao-seed-2.0-pro-lite/core200_20260830/run_01/summary.json,worker-worktrees/all-task-update-intergration-sync-20260826/runs/doubao-seed-2.0-pro-lite/core200_20260830/run_01/156_android_smarthome_016/result.json,7348e006ce2a72ef39e134d3c1042de35ae11148,completed,formal_run_01,true,true,true,true
Doubao-Seed-2.0-Pro,android_smarthome_202,157,worker-worktrees/all-task-update-intergration-sync-20260826/runs/doubao-seed-2.0-pro-lite/core200_20260830/run_01/157_android_smarthome_202,worker-worktrees/all-task-update-intergration-sync-20260826/runs/doubao-seed-2.0-pro-lite/core200_20260830/run_01/run_metadata.json,worker-worktrees/all-task-update-intergration-sync-20260826/runs/doubao-seed-2.0-pro-lite/core200_20260830/run_01/157_android_smarthome_202/config/task.json,formal_run_01: formal runner summary; archived incomplete attempts excluded,PASS,PASS,recorded_automatic_result; no applicable confirmed rescoring record located,1,1,selected-attempt result.json; no new scoring or reinterpretation,28,1781.394,done,2,android+home,android_0:android;home_0:home,worker-worktrees/all-task-update-intergration-sync-20260826/runs/doubao-seed-2.0-pro-lite/core200_20260830/experiment_metadata.json,worker-worktrees/all-task-update-intergration-sync-20260826/runs/doubao-seed-2.0-pro-lite/core200_20260830/run_01/summary.json,worker-worktrees/all-task-update-intergration-sync-20260826/runs/doubao-seed-2.0-pro-lite/core200_20260830/run_01/157_android_smarthome_202/result.json,7348e006ce2a72ef39e134d3c1042de35ae11148,completed,formal_run_01,true,true,true,true
Doubao-Seed-2.0-Pro,android_smarthome_219,158,worker-worktrees/all-task-update-intergration-sync-20260826/runs/doubao-seed-2.0-pro-lite/core200_20260830/run_01/158_android_smarthome_219,worker-worktrees/all-task-update-intergration-sync-20260826/runs/doubao-seed-2.0-pro-lite/core200_20260830/run_01/run_metadata.json,worker-worktrees/all-task-update-intergration-sync-20260826/runs/doubao-seed-2.0-pro-lite/core200_20260830/run_01/158_android_smarthome_219/config/task.json,formal_run_01: formal runner summary; archived incomplete attempts excluded,FAIL,FAIL,recorded_automatic_result; no applicable confirmed rescoring record located,0.5,0.5,selected-attempt result.json; no new scoring or reinterpretation,4,102.004,done,2,android+home,android_0:android;home_0:home,worker-worktrees/all-task-update-intergration-sync-20260826/runs/doubao-seed-2.0-pro-lite/core200_20260830/experiment_metadata.json,worker-worktrees/all-task-update-intergration-sync-20260826/runs/doubao-seed-2.0-pro-lite/core200_20260830/run_01/summary.json,worker-worktrees/all-task-update-intergration-sync-20260826/runs/doubao-seed-2.0-pro-lite/core200_20260830/run_01/158_android_smarthome_219/result.json,7348e006ce2a72ef39e134d3c1042de35ae11148,completed,formal_run_01,true,true,true,true
Doubao-Seed-2.0-Pro,android_smarthome_233,159,worker-worktrees/all-task-update-intergration-sync-20260826/runs/doubao-seed-2.0-pro-lite/core200_20260830/run_01/159_android_smarthome_233,worker-worktrees/all-task-update-intergration-sync-20260826/runs/doubao-seed-2.0-pro-lite/core200_20260830/run_01/run_metadata.json,worker-worktrees/all-task-update-intergration-sync-20260826/runs/doubao-seed-2.0-pro-lite/core200_20260830/run_01/159_android_smarthome_233/config/task.json,formal_run_01: formal runner summary; archived incomplete attempts excluded,FAIL,FAIL,recorded_automatic_result; no applicable confirmed rescoring record located,0.6666666666666666,0.6666666666666666,selected-attempt result.json; no new scoring or reinterpretation,2,85.79,done,2,android+home,android_0:android;home_0:home,worker-worktrees/all-task-update-intergration-sync-20260826/runs/doubao-seed-2.0-pro-lite/core200_20260830/experiment_metadata.json,worker-worktrees/all-task-update-intergration-sync-20260826/runs/doubao-seed-2.0-pro-lite/core200_20260830/run_01/summary.json,worker-worktrees/all-task-update-intergration-sync-20260826/runs/doubao-seed-2.0-pro-lite/core200_20260830/run_01/159_android_smarthome_233/result.json,7348e006ce2a72ef39e134d3c1042de35ae11148,completed,formal_run_01,true,true,true,true
Doubao-Seed-2.0-Pro,android_smarthome_147,160,worker-worktrees/all-task-update-intergration-sync-20260826/runs/doubao-seed-2.0-pro-lite/core200_20260830/run_01/160_android_smarthome_147,worker-worktrees/all-task-update-intergration-sync-20260826/runs/doubao-seed-2.0-pro-lite/core200_20260830/run_01/run_metadata.json,worker-worktrees/all-task-update-intergration-sync-20260826/runs/doubao-seed-2.0-pro-lite/core200_20260830/run_01/160_android_smarthome_147/config/task.json,formal_run_01: formal runner summary; archived incomplete attempts excluded,FAIL,FAIL,recorded_automatic_result; no applicable confirmed rescoring record located,0.75,0.75,selected-attempt result.json; no new scoring or reinterpretation,41,1806.534,time_limit,3,android+home,android_0:android;android_1:android;home_0:home,worker-worktrees/all-task-update-intergration-sync-20260826/runs/doubao-seed-2.0-pro-lite/core200_20260830/experiment_metadata.json,worker-worktrees/all-task-update-intergration-sync-20260826/runs/doubao-seed-2.0-pro-lite/core200_20260830/run_01/summary.json,worker-worktrees/all-task-update-intergration-sync-20260826/runs/doubao-seed-2.0-pro-lite/core200_20260830/run_01/160_android_smarthome_147/result.json,7348e006ce2a72ef39e134d3c1042de35ae11148,completed,formal_run_01,true,true,true,true
Doubao-Seed-2.0-Pro,android_only_267,161,worker-worktrees/all-task-update-intergration-sync-20260826/runs/doubao-seed-2.0-pro-lite/core200_20260830/run_01/161_android_only_267,worker-worktrees/all-task-update-intergration-sync-20260826/runs/doubao-seed-2.0-pro-lite/core200_20260830/run_01/run_metadata.json,worker-worktrees/all-task-update-intergration-sync-20260826/runs/doubao-seed-2.0-pro-lite/core200_20260830/run_01/161_android_only_267/config/task.json,formal_run_01: formal runner summary; archived incomplete attempts excluded,FAIL,FAIL,recorded_automatic_result; no applicable confirmed rescoring record located,0,0,selected-attempt result.json; no new scoring or reinterpretation,36,1818.9,time_limit,2,android,android_0:android;android_1:android,worker-worktrees/all-task-update-intergration-sync-20260826/runs/doubao-seed-2.0-pro-lite/core200_20260830/experiment_metadata.json,worker-worktrees/all-task-update-intergration-sync-20260826/runs/doubao-seed-2.0-pro-lite/core200_20260830/run_01/summary.json,worker-worktrees/all-task-update-intergration-sync-20260826/runs/doubao-seed-2.0-pro-lite/core200_20260830/run_01/161_android_only_267/result.json,7348e006ce2a72ef39e134d3c1042de35ae11148,completed,formal_run_01,true,true,true,true
Doubao-Seed-2.0-Pro,android_only_234,162,worker-worktrees/all-task-update-intergration-sync-20260826/runs/doubao-seed-2.0-pro-lite/core200_20260830/run_01/162_android_only_234,worker-worktrees/all-task-update-intergration-sync-20260826/runs/doubao-seed-2.0-pro-lite/core200_20260830/run_01/run_metadata.json,worker-worktrees/all-task-update-intergration-sync-20260826/runs/doubao-seed-2.0-pro-lite/core200_20260830/run_01/162_android_only_234/config/task.json,formal_run_01: formal runner summary; archived incomplete attempts excluded,FAIL,FAIL,recorded_automatic_result; no applicable confirmed rescoring record located,0.5,0.5,selected-attempt result.json; no new scoring or reinterpretation,33,1810.624,time_limit,2,android,android_0:android;android_1:android,worker-worktrees/all-task-update-intergration-sync-20260826/runs/doubao-seed-2.0-pro-lite/core200_20260830/experiment_metadata.json,worker-worktrees/all-task-update-intergration-sync-20260826/runs/doubao-seed-2.0-pro-lite/core200_20260830/run_01/summary.json,worker-worktrees/all-task-update-intergration-sync-20260826/runs/doubao-seed-2.0-pro-lite/core200_20260830/run_01/162_android_only_234/result.json,7348e006ce2a72ef39e134d3c1042de35ae11148,completed,formal_run_01,true,true,true,true
Doubao-Seed-2.0-Pro,android_only_214,163,worker-worktrees/all-task-update-intergration-sync-20260826/runs/doubao-seed-2.0-pro-lite/core200_20260830/run_01/163_android_only_214,worker-worktrees/all-task-update-intergration-sync-20260826/runs/doubao-seed-2.0-pro-lite/core200_20260830/run_01/run_metadata.json,worker-worktrees/all-task-update-intergration-sync-20260826/runs/doubao-seed-2.0-pro-lite/core200_20260830/run_01/163_android_only_214/config/task.json,formal_run_01: formal runner summary; archived incomplete attempts excluded,FAIL,FAIL,recorded_automatic_result; no applicable confirmed rescoring record located,0,0,selected-attempt result.json; no new scoring or reinterpretation,47,1806.628,time_limit,2,android,android_0:android;android_1:android,worker-worktrees/all-task-update-intergration-sync-20260826/runs/doubao-seed-2.0-pro-lite/core200_20260830/experiment_metadata.json,worker-worktrees/all-task-update-intergration-sync-20260826/runs/doubao-seed-2.0-pro-lite/core200_20260830/run_01/summary.json,worker-worktrees/all-task-update-intergration-sync-20260826/runs/doubao-seed-2.0-pro-lite/core200_20260830/run_01/163_android_only_214/result.json,7348e006ce2a72ef39e134d3c1042de35ae11148,completed,formal_run_01,true,true,true,true
Doubao-Seed-2.0-Pro,android_only_305,164,worker-worktrees/all-task-update-intergration-sync-20260826/runs/doubao-seed-2.0-pro-lite/core200_20260830/run_01/164_android_only_305,worker-worktrees/all-task-update-intergration-sync-20260826/runs/doubao-seed-2.0-pro-lite/core200_20260830/run_01/run_metadata.json,worker-worktrees/all-task-update-intergration-sync-20260826/runs/doubao-seed-2.0-pro-lite/core200_20260830/run_01/164_android_only_305/config/task.json,formal_run_01: formal runner summary; archived incomplete attempts excluded,FAIL,FAIL,recorded_automatic_result; no applicable confirmed rescoring record located,0.5,0.5,selected-attempt result.json; no new scoring or reinterpretation,35,1809.716,time_limit,2,android,android_0:android;android_1:android,worker-worktrees/all-task-update-intergration-sync-20260826/runs/doubao-seed-2.0-pro-lite/core200_20260830/experiment_metadata.json,worker-worktrees/all-task-update-intergration-sync-20260826/runs/doubao-seed-2.0-pro-lite/core200_20260830/run_01/summary.json,worker-worktrees/all-task-update-intergration-sync-20260826/runs/doubao-seed-2.0-pro-lite/core200_20260830/run_01/164_android_only_305/result.json,7348e006ce2a72ef39e134d3c1042de35ae11148,completed,formal_run_01,true,true,true,true
Doubao-Seed-2.0-Pro,android_only_264,165,worker-worktrees/all-task-update-intergration-sync-20260826/runs/doubao-seed-2.0-pro-lite/core200_20260830/run_01/165_android_only_264,worker-worktrees/all-task-update-intergration-sync-20260826/runs/doubao-seed-2.0-pro-lite/core200_20260830/run_01/run_metadata.json,worker-worktrees/all-task-update-intergration-sync-20260826/runs/doubao-seed-2.0-pro-lite/core200_20260830/run_01/165_android_only_264/config/task.json,formal_run_01: formal runner summary; archived incomplete attempts excluded,FAIL,FAIL,recorded_automatic_result; no applicable confirmed rescoring record located,0,0,selected-attempt result.json; no new scoring or reinterpretation,50,1164.27,max_steps,2,android,android_0:android;android_1:android,worker-worktrees/all-task-update-intergration-sync-20260826/runs/doubao-seed-2.0-pro-lite/core200_20260830/experiment_metadata.json,worker-worktrees/all-task-update-intergration-sync-20260826/runs/doubao-seed-2.0-pro-lite/core200_20260830/run_01/summary.json,worker-worktrees/all-task-update-intergration-sync-20260826/runs/doubao-seed-2.0-pro-lite/core200_20260830/run_01/165_android_only_264/result.json,7348e006ce2a72ef39e134d3c1042de35ae11148,completed,formal_run_01,true,true,true,true
Doubao-Seed-2.0-Pro,android_only_236,166,worker-worktrees/all-task-update-intergration-sync-20260826/runs/doubao-seed-2.0-pro-lite/core200_20260830/run_01/166_android_only_236,worker-worktrees/all-task-update-intergration-sync-20260826/runs/doubao-seed-2.0-pro-lite/core200_20260830/run_01/run_metadata.json,worker-worktrees/all-task-update-intergration-sync-20260826/runs/doubao-seed-2.0-pro-lite/core200_20260830/run_01/166_android_only_236/config/task.json,formal_run_01: formal runner summary; archived incomplete attempts excluded,FAIL,FAIL,recorded_automatic_result; no applicable confirmed rescoring record located,0.75,0.75,selected-attempt result.json; no new scoring or reinterpretation,50,1733.726,max_steps,2,android,android_0:android;android_1:android,worker-worktrees/all-task-update-intergration-sync-20260826/runs/doubao-seed-2.0-pro-lite/core200_20260830/experiment_metadata.json,worker-worktrees/all-task-update-intergration-sync-20260826/runs/doubao-seed-2.0-pro-lite/core200_20260830/run_01/summary.json,worker-worktrees/all-task-update-intergration-sync-20260826/runs/doubao-seed-2.0-pro-lite/core200_20260830/run_01/166_android_only_236/result.json,7348e006ce2a72ef39e134d3c1042de35ae11148,completed,formal_run_01,true,true,true,true
Doubao-Seed-2.0-Pro,android_only_254,167,worker-worktrees/all-task-update-intergration-sync-20260826/runs/doubao-seed-2.0-pro-lite/core200_20260830/run_01/167_android_only_254,worker-worktrees/all-task-update-intergration-sync-20260826/runs/doubao-seed-2.0-pro-lite/core200_20260830/run_01/run_metadata.json,worker-worktrees/all-task-update-intergration-sync-20260826/runs/doubao-seed-2.0-pro-lite/core200_20260830/run_01/167_android_only_254/config/task.json,formal_run_01: formal runner summary; archived incomplete attempts excluded,FAIL,FAIL,recorded_automatic_result; no applicable confirmed rescoring record located,0,0,selected-attempt result.json; no new scoring or reinterpretation,50,1803.862,max_steps,2,android,android_0:android;android_1:android,worker-worktrees/all-task-update-intergration-sync-20260826/runs/doubao-seed-2.0-pro-lite/core200_20260830/experiment_metadata.json,worker-worktrees/all-task-update-intergration-sync-20260826/runs/doubao-seed-2.0-pro-lite/core200_20260830/run_01/summary.json,worker-worktrees/all-task-update-intergration-sync-20260826/runs/doubao-seed-2.0-pro-lite/core200_20260830/run_01/167_android_only_254/result.json,7348e006ce2a72ef39e134d3c1042de35ae11148,completed,formal_run_01,true,true,true,true
Doubao-Seed-2.0-Pro,android_only_218,168,worker-worktrees/all-task-update-intergration-sync-20260826/runs/doubao-seed-2.0-pro-lite/core200_20260830/run_01/168_android_only_218,worker-worktrees/all-task-update-intergration-sync-20260826/runs/doubao-seed-2.0-pro-lite/core200_20260830/run_01/run_metadata.json,worker-worktrees/all-task-update-intergration-sync-20260826/runs/doubao-seed-2.0-pro-lite/core200_20260830/run_01/168_android_only_218/config/task.json,formal_run_01: formal runner summary; archived incomplete attempts excluded,FAIL,FAIL,recorded_automatic_result; no applicable confirmed rescoring record located,0,0,selected-attempt result.json; no new scoring or reinterpretation,33,1806.646,time_limit,2,android,android_0:android;android_1:android,worker-worktrees/all-task-update-intergration-sync-20260826/runs/doubao-seed-2.0-pro-lite/core200_20260830/experiment_metadata.json,worker-worktrees/all-task-update-intergration-sync-20260826/runs/doubao-seed-2.0-pro-lite/core200_20260830/run_01/summary.json,worker-worktrees/all-task-update-intergration-sync-20260826/runs/doubao-seed-2.0-pro-lite/core200_20260830/run_01/168_android_only_218/result.json,7348e006ce2a72ef39e134d3c1042de35ae11148,completed,formal_run_01,true,true,true,true
Doubao-Seed-2.0-Pro,android_only_260,169,worker-worktrees/all-task-update-intergration-sync-20260826/runs/doubao-seed-2.0-pro-lite/core200_20260830/run_01/169_android_only_260,worker-worktrees/all-task-update-intergration-sync-20260826/runs/doubao-seed-2.0-pro-lite/core200_20260830/run_01/run_metadata.json,worker-worktrees/all-task-update-intergration-sync-20260826/runs/doubao-seed-2.0-pro-lite/core200_20260830/run_01/169_android_only_260/config/task.json,formal_run_01: formal runner summary; archived incomplete attempts excluded,FAIL,FAIL,recorded_automatic_result; no applicable confirmed rescoring record located,0,0,selected-attempt result.json; no new scoring or reinterpretation,31,1801.295,time_limit,2,android,android_0:android;android_1:android,worker-worktrees/all-task-update-intergration-sync-20260826/runs/doubao-seed-2.0-pro-lite/core200_20260830/experiment_metadata.json,worker-worktrees/all-task-update-intergration-sync-20260826/runs/doubao-seed-2.0-pro-lite/core200_20260830/run_01/summary.json,worker-worktrees/all-task-update-intergration-sync-20260826/runs/doubao-seed-2.0-pro-lite/core200_20260830/run_01/169_android_only_260/result.json,7348e006ce2a72ef39e134d3c1042de35ae11148,completed,formal_run_01,true,true,true,true
Doubao-Seed-2.0-Pro,android_only_285,170,worker-worktrees/all-task-update-intergration-sync-20260826/runs/doubao-seed-2.0-pro-lite/core200_20260830/run_01/170_android_only_285,worker-worktrees/all-task-update-intergration-sync-20260826/runs/doubao-seed-2.0-pro-lite/core200_20260830/run_01/run_metadata.json,worker-worktrees/all-task-update-intergration-sync-20260826/runs/doubao-seed-2.0-pro-lite/core200_20260830/run_01/170_android_only_285/config/task.json,formal_run_01: formal runner summary; archived incomplete attempts excluded,FAIL,FAIL,recorded_automatic_result; no applicable confirmed rescoring record located,0.5,0.5,selected-attempt result.json; no new scoring or reinterpretation,50,1633.493,max_steps,2,android,android_0:android;android_1:android,worker-worktrees/all-task-update-intergration-sync-20260826/runs/doubao-seed-2.0-pro-lite/core200_20260830/experiment_metadata.json,worker-worktrees/all-task-update-intergration-sync-20260826/runs/doubao-seed-2.0-pro-lite/core200_20260830/run_01/summary.json,worker-worktrees/all-task-update-intergration-sync-20260826/runs/doubao-seed-2.0-pro-lite/core200_20260830/run_01/170_android_only_285/result.json,7348e006ce2a72ef39e134d3c1042de35ae11148,completed,formal_run_01,true,true,true,true
Doubao-Seed-2.0-Pro,android_only_210,171,worker-worktrees/all-task-update-intergration-sync-20260826/runs/doubao-seed-2.0-pro-lite/core200_20260830/run_01/171_android_only_210,worker-worktrees/all-task-update-intergration-sync-20260826/runs/doubao-seed-2.0-pro-lite/core200_20260830/run_01/run_metadata.json,worker-worktrees/all-task-update-intergration-sync-20260826/runs/doubao-seed-2.0-pro-lite/core200_20260830/run_01/171_android_only_210/config/task.json,formal_run_01: formal runner summary; archived incomplete attempts excluded,FAIL,FAIL,recorded_automatic_result; no applicable confirmed rescoring record located,0,0,selected-attempt result.json; no new scoring or reinterpretation,24,1806.942,time_limit,2,android,android_0:android;android_1:android,worker-worktrees/all-task-update-intergration-sync-20260826/runs/doubao-seed-2.0-pro-lite/core200_20260830/experiment_metadata.json,worker-worktrees/all-task-update-intergration-sync-20260826/runs/doubao-seed-2.0-pro-lite/core200_20260830/run_01/summary.json,worker-worktrees/all-task-update-intergration-sync-20260826/runs/doubao-seed-2.0-pro-lite/core200_20260830/run_01/171_android_only_210/result.json,7348e006ce2a72ef39e134d3c1042de35ae11148,completed,formal_run_01,true,true,true,true
Doubao-Seed-2.0-Pro,android_only_274,172,worker-worktrees/all-task-update-intergration-sync-20260826/runs/doubao-seed-2.0-pro-lite/core200_20260830/run_01/172_android_only_274,worker-worktrees/all-task-update-intergration-sync-20260826/runs/doubao-seed-2.0-pro-lite/core200_20260830/run_01/run_metadata.json,worker-worktrees/all-task-update-intergration-sync-20260826/runs/doubao-seed-2.0-pro-lite/core200_20260830/run_01/172_android_only_274/config/task.json,formal_run_01: formal runner summary; archived incomplete attempts excluded,FAIL,FAIL,recorded_automatic_result; no applicable confirmed rescoring record located,0,0,selected-attempt result.json; no new scoring or reinterpretation,40,1806.023,time_limit,2,android,android_0:android;android_1:android,worker-worktrees/all-task-update-intergration-sync-20260826/runs/doubao-seed-2.0-pro-lite/core200_20260830/experiment_metadata.json,worker-worktrees/all-task-update-intergration-sync-20260826/runs/doubao-seed-2.0-pro-lite/core200_20260830/run_01/summary.json,worker-worktrees/all-task-update-intergration-sync-20260826/runs/doubao-seed-2.0-pro-lite/core200_20260830/run_01/172_android_only_274/result.json,7348e006ce2a72ef39e134d3c1042de35ae11148,completed,formal_run_01,true,true,true,true
Doubao-Seed-2.0-Pro,android_only_223,173,worker-worktrees/all-task-update-intergration-sync-20260826/runs/doubao-seed-2.0-pro-lite/core200_20260830/run_01/173_android_only_223,worker-worktrees/all-task-update-intergration-sync-20260826/runs/doubao-seed-2.0-pro-lite/core200_20260830/run_01/run_metadata.json,worker-worktrees/all-task-update-intergration-sync-20260826/runs/doubao-seed-2.0-pro-lite/core200_20260830/run_01/173_android_only_223/config/task.json,formal_run_01: formal runner summary; archived incomplete attempts excluded,FAIL,FAIL,recorded_automatic_result; no applicable confirmed rescoring record located,0,0,selected-attempt result.json; no new scoring or reinterpretation,21,1805.202,time_limit,2,android,android_0:android;android_1:android,worker-worktrees/all-task-update-intergration-sync-20260826/runs/doubao-seed-2.0-pro-lite/core200_20260830/experiment_metadata.json,worker-worktrees/all-task-update-intergration-sync-20260826/runs/doubao-seed-2.0-pro-lite/core200_20260830/run_01/summary.json,worker-worktrees/all-task-update-intergration-sync-20260826/runs/doubao-seed-2.0-pro-lite/core200_20260830/run_01/173_android_only_223/result.json,7348e006ce2a72ef39e134d3c1042de35ae11148,completed,formal_run_01,true,true,true,true
Doubao-Seed-2.0-Pro,android_only_247,174,worker-worktrees/all-task-update-intergration-sync-20260826/runs/doubao-seed-2.0-pro-lite/core200_20260830/run_01/174_android_only_247,worker-worktrees/all-task-update-intergration-sync-20260826/runs/doubao-seed-2.0-pro-lite/core200_20260830/run_01/run_metadata.json,worker-worktrees/all-task-update-intergration-sync-20260826/runs/doubao-seed-2.0-pro-lite/core200_20260830/run_01/174_android_only_247/config/task.json,formal_run_01: formal runner summary; archived incomplete attempts excluded,FAIL,FAIL,recorded_automatic_result; no applicable confirmed rescoring record located,0.5,0.5,selected-attempt result.json; no new scoring or reinterpretation,50,1278.406,max_steps,2,android,android_0:android;android_1:android,worker-worktrees/all-task-update-intergration-sync-20260826/runs/doubao-seed-2.0-pro-lite/core200_20260830/experiment_metadata.json,worker-worktrees/all-task-update-intergration-sync-20260826/runs/doubao-seed-2.0-pro-lite/core200_20260830/run_01/summary.json,worker-worktrees/all-task-update-intergration-sync-20260826/runs/doubao-seed-2.0-pro-lite/core200_20260830/run_01/174_android_only_247/result.json,7348e006ce2a72ef39e134d3c1042de35ae11148,completed,formal_run_01,true,true,true,true
Doubao-Seed-2.0-Pro,android_only_270,175,worker-worktrees/all-task-update-intergration-sync-20260826/runs/doubao-seed-2.0-pro-lite/core200_20260830/run_01/175_android_only_270,worker-worktrees/all-task-update-intergration-sync-20260826/runs/doubao-seed-2.0-pro-lite/core200_20260830/run_01/run_metadata.json,worker-worktrees/all-task-update-intergration-sync-20260826/runs/doubao-seed-2.0-pro-lite/core200_20260830/run_01/175_android_only_270/config/task.json,formal_run_01: formal runner summary; archived incomplete attempts excluded,FAIL,FAIL,recorded_automatic_result; no applicable confirmed rescoring record located,0,0,selected-attempt result.json; no new scoring or reinterpretation,50,1254.777,max_steps,2,android,android_0:android;android_1:android,worker-worktrees/all-task-update-intergration-sync-20260826/runs/doubao-seed-2.0-pro-lite/core200_20260830/experiment_metadata.json,worker-worktrees/all-task-update-intergration-sync-20260826/runs/doubao-seed-2.0-pro-lite/core200_20260830/run_01/summary.json,worker-worktrees/all-task-update-intergration-sync-20260826/runs/doubao-seed-2.0-pro-lite/core200_20260830/run_01/175_android_only_270/result.json,7348e006ce2a72ef39e134d3c1042de35ae11148,completed,formal_run_01,true,true,true,true
Doubao-Seed-2.0-Pro,linux_only_279,176,worker-worktrees/all-task-update-intergration-sync-20260826/runs/doubao-seed-2.0-pro-lite/core200_20260830/run_01/176_linux_only_279,worker-worktrees/all-task-update-intergration-sync-20260826/runs/doubao-seed-2.0-pro-lite/core200_20260830/run_01/run_metadata.json,worker-worktrees/all-task-update-intergration-sync-20260826/runs/doubao-seed-2.0-pro-lite/core200_20260830/run_01/176_linux_only_279/config/task.json,formal_run_01: formal runner summary; archived incomplete attempts excluded,PASS,PASS,recorded_automatic_result; no applicable confirmed rescoring record located,1,1,selected-attempt result.json; no new scoring or reinterpretation,5,322.788,done,2,linux,linux_0:linux;linux_1:linux,worker-worktrees/all-task-update-intergration-sync-20260826/runs/doubao-seed-2.0-pro-lite/core200_20260830/experiment_metadata.json,worker-worktrees/all-task-update-intergration-sync-20260826/runs/doubao-seed-2.0-pro-lite/core200_20260830/run_01/summary.json,worker-worktrees/all-task-update-intergration-sync-20260826/runs/doubao-seed-2.0-pro-lite/core200_20260830/run_01/176_linux_only_279/result.json,7348e006ce2a72ef39e134d3c1042de35ae11148,completed,formal_run_01,true,true,true,true
Doubao-Seed-2.0-Pro,linux_only_305,177,worker-worktrees/all-task-update-intergration-sync-20260826/runs/doubao-seed-2.0-pro-lite/core200_20260830/run_01/177_linux_only_305,worker-worktrees/all-task-update-intergration-sync-20260826/runs/doubao-seed-2.0-pro-lite/core200_20260830/run_01/run_metadata.json,worker-worktrees/all-task-update-intergration-sync-20260826/runs/doubao-seed-2.0-pro-lite/core200_20260830/run_01/177_linux_only_305/config/task.json,formal_run_01: formal runner summary; archived incomplete attempts excluded,FAIL,FAIL,recorded_automatic_result; no applicable confirmed rescoring record located,0.75,0.75,selected-attempt result.json; no new scoring or reinterpretation,8,502.217,done,2,linux,linux_0:linux;linux_1:linux,worker-worktrees/all-task-update-intergration-sync-20260826/runs/doubao-seed-2.0-pro-lite/core200_20260830/experiment_metadata.json,worker-worktrees/all-task-update-intergration-sync-20260826/runs/doubao-seed-2.0-pro-lite/core200_20260830/run_01/summary.json,worker-worktrees/all-task-update-intergration-sync-20260826/runs/doubao-seed-2.0-pro-lite/core200_20260830/run_01/177_linux_only_305/result.json,7348e006ce2a72ef39e134d3c1042de35ae11148,completed,formal_run_01,true,true,true,true
Doubao-Seed-2.0-Pro,linux_only_249,178,worker-worktrees/all-task-update-intergration-sync-20260826/runs/doubao-seed-2.0-pro-lite/core200_20260830/run_01/178_linux_only_249,worker-worktrees/all-task-update-intergration-sync-20260826/runs/doubao-seed-2.0-pro-lite/core200_20260830/run_01/run_metadata.json,worker-worktrees/all-task-update-intergration-sync-20260826/runs/doubao-seed-2.0-pro-lite/core200_20260830/run_01/178_linux_only_249/config/task.json,formal_run_01: formal runner summary; archived incomplete attempts excluded,PASS,PASS,recorded_automatic_result; no applicable confirmed rescoring record located,1,1,selected-attempt result.json; no new scoring or reinterpretation,6,366.115,done,2,linux,linux_0:linux;linux_1:linux,worker-worktrees/all-task-update-intergration-sync-20260826/runs/doubao-seed-2.0-pro-lite/core200_20260830/experiment_metadata.json,worker-worktrees/all-task-update-intergration-sync-20260826/runs/doubao-seed-2.0-pro-lite/core200_20260830/run_01/summary.json,worker-worktrees/all-task-update-intergration-sync-20260826/runs/doubao-seed-2.0-pro-lite/core200_20260830/run_01/178_linux_only_249/result.json,7348e006ce2a72ef39e134d3c1042de35ae11148,completed,formal_run_01,true,true,true,true
Doubao-Seed-2.0-Pro,linux_only_224,179,worker-worktrees/all-task-update-intergration-sync-20260826/runs/doubao-seed-2.0-pro-lite/core200_20260830/run_01/179_linux_only_224,worker-worktrees/all-task-update-intergration-sync-20260826/runs/doubao-seed-2.0-pro-lite/core200_20260830/run_01/run_metadata.json,worker-worktrees/all-task-update-intergration-sync-20260826/runs/doubao-seed-2.0-pro-lite/core200_20260830/run_01/179_linux_only_224/config/task.json,formal_run_01: formal runner summary; archived incomplete attempts excluded,PASS,PASS,recorded_automatic_result; no applicable confirmed rescoring record located,1,1,selected-attempt result.json; no new scoring or reinterpretation,5,332.803,done,2,linux,linux_0:linux;linux_1:linux,worker-worktrees/all-task-update-intergration-sync-20260826/runs/doubao-seed-2.0-pro-lite/core200_20260830/experiment_metadata.json,worker-worktrees/all-task-update-intergration-sync-20260826/runs/doubao-seed-2.0-pro-lite/core200_20260830/run_01/summary.json,worker-worktrees/all-task-update-intergration-sync-20260826/runs/doubao-seed-2.0-pro-lite/core200_20260830/run_01/179_linux_only_224/result.json,7348e006ce2a72ef39e134d3c1042de35ae11148,completed,formal_run_01,true,true,true,true
Doubao-Seed-2.0-Pro,linux_only_298,180,worker-worktrees/all-task-update-intergration-sync-20260826/runs/doubao-seed-2.0-pro-lite/core200_20260830/run_01/180_linux_only_298,worker-worktrees/all-task-update-intergration-sync-20260826/runs/doubao-seed-2.0-pro-lite/core200_20260830/run_01/run_metadata.json,worker-worktrees/all-task-update-intergration-sync-20260826/runs/doubao-seed-2.0-pro-lite/core200_20260830/run_01/180_linux_only_298/config/task.json,formal_run_01: formal runner summary; archived incomplete attempts excluded,PASS,PASS,recorded_automatic_result; no applicable confirmed rescoring record located,1,1,selected-attempt result.json; no new scoring or reinterpretation,5,297.534,done,2,linux,linux_0:linux;linux_1:linux,worker-worktrees/all-task-update-intergration-sync-20260826/runs/doubao-seed-2.0-pro-lite/core200_20260830/experiment_metadata.json,worker-worktrees/all-task-update-intergration-sync-20260826/runs/doubao-seed-2.0-pro-lite/core200_20260830/run_01/summary.json,worker-worktrees/all-task-update-intergration-sync-20260826/runs/doubao-seed-2.0-pro-lite/core200_20260830/run_01/180_linux_only_298/result.json,7348e006ce2a72ef39e134d3c1042de35ae11148,completed,formal_run_01,true,true,true,true
Doubao-Seed-2.0-Pro,linux_only_218,181,worker-worktrees/all-task-update-intergration-sync-20260826/runs/doubao-seed-2.0-pro-lite/core200_20260830/run_01/181_linux_only_218,worker-worktrees/all-task-update-intergration-sync-20260826/runs/doubao-seed-2.0-pro-lite/core200_20260830/run_01/run_metadata.json,worker-worktrees/all-task-update-intergration-sync-20260826/runs/doubao-seed-2.0-pro-lite/core200_20260830/run_01/181_linux_only_218/config/task.json,formal_run_01: formal runner summary; archived incomplete attempts excluded,FAIL,FAIL,recorded_automatic_result; no applicable confirmed rescoring record located,0.5,0.5,selected-attempt result.json; no new scoring or reinterpretation,5,342.391,done,2,linux,linux_0:linux;linux_1:linux,worker-worktrees/all-task-update-intergration-sync-20260826/runs/doubao-seed-2.0-pro-lite/core200_20260830/experiment_metadata.json,worker-worktrees/all-task-update-intergration-sync-20260826/runs/doubao-seed-2.0-pro-lite/core200_20260830/run_01/summary.json,worker-worktrees/all-task-update-intergration-sync-20260826/runs/doubao-seed-2.0-pro-lite/core200_20260830/run_01/181_linux_only_218/result.json,7348e006ce2a72ef39e134d3c1042de35ae11148,completed,formal_run_01,true,true,true,true
Doubao-Seed-2.0-Pro,linux_only_259,182,worker-worktrees/all-task-update-intergration-sync-20260826/runs/doubao-seed-2.0-pro-lite/core200_20260830/run_01/182_linux_only_259,worker-worktrees/all-task-update-intergration-sync-20260826/runs/doubao-seed-2.0-pro-lite/core200_20260830/run_01/run_metadata.json,worker-worktrees/all-task-update-intergration-sync-20260826/runs/doubao-seed-2.0-pro-lite/core200_20260830/run_01/182_linux_only_259/config/task.json,formal_run_01: formal runner summary; archived incomplete attempts excluded,PASS,PASS,recorded_automatic_result; no applicable confirmed rescoring record located,1,1,selected-attempt result.json; no new scoring or reinterpretation,7,426.153,done,2,linux,linux_0:linux;linux_1:linux,worker-worktrees/all-task-update-intergration-sync-20260826/runs/doubao-seed-2.0-pro-lite/core200_20260830/experiment_metadata.json,worker-worktrees/all-task-update-intergration-sync-20260826/runs/doubao-seed-2.0-pro-lite/core200_20260830/run_01/summary.json,worker-worktrees/all-task-update-intergration-sync-20260826/runs/doubao-seed-2.0-pro-lite/core200_20260830/run_01/182_linux_only_259/result.json,7348e006ce2a72ef39e134d3c1042de35ae11148,completed,formal_run_01,true,true,true,true
Doubao-Seed-2.0-Pro,linux_only_295,183,worker-worktrees/all-task-update-intergration-sync-20260826/runs/doubao-seed-2.0-pro-lite/core200_20260830/run_01/183_linux_only_295,worker-worktrees/all-task-update-intergration-sync-20260826/runs/doubao-seed-2.0-pro-lite/core200_20260830/run_01/run_metadata.json,worker-worktrees/all-task-update-intergration-sync-20260826/runs/doubao-seed-2.0-pro-lite/core200_20260830/run_01/183_linux_only_295/config/task.json,formal_run_01: formal runner summary; archived incomplete attempts excluded,FAIL,FAIL,recorded_automatic_result; no applicable confirmed rescoring record located,0.5,0.5,selected-attempt result.json; no new scoring or reinterpretation,5,347.36,done,2,linux,linux_0:linux;linux_1:linux,worker-worktrees/all-task-update-intergration-sync-20260826/runs/doubao-seed-2.0-pro-lite/core200_20260830/experiment_metadata.json,worker-worktrees/all-task-update-intergration-sync-20260826/runs/doubao-seed-2.0-pro-lite/core200_20260830/run_01/summary.json,worker-worktrees/all-task-update-intergration-sync-20260826/runs/doubao-seed-2.0-pro-lite/core200_20260830/run_01/183_linux_only_295/result.json,7348e006ce2a72ef39e134d3c1042de35ae11148,completed,formal_run_01,true,true,true,true
Doubao-Seed-2.0-Pro,linux_only_313,184,worker-worktrees/all-task-update-intergration-sync-20260826/runs/doubao-seed-2.0-pro-lite/core200_20260830/run_01/184_linux_only_313,worker-worktrees/all-task-update-intergration-sync-20260826/runs/doubao-seed-2.0-pro-lite/core200_20260830/run_01/run_metadata.json,worker-worktrees/all-task-update-intergration-sync-20260826/runs/doubao-seed-2.0-pro-lite/core200_20260830/run_01/184_linux_only_313/config/task.json,formal_run_01: formal runner summary; archived incomplete attempts excluded,PASS,PASS,recorded_automatic_result; no applicable confirmed rescoring record located,1,1,selected-attempt result.json; no new scoring or reinterpretation,32,1098.517,done,2,linux,linux_0:linux;linux_1:linux,worker-worktrees/all-task-update-intergration-sync-20260826/runs/doubao-seed-2.0-pro-lite/core200_20260830/experiment_metadata.json,worker-worktrees/all-task-update-intergration-sync-20260826/runs/doubao-seed-2.0-pro-lite/core200_20260830/run_01/summary.json,worker-worktrees/all-task-update-intergration-sync-20260826/runs/doubao-seed-2.0-pro-lite/core200_20260830/run_01/184_linux_only_313/result.json,7348e006ce2a72ef39e134d3c1042de35ae11148,completed,formal_run_01,true,true,true,true
Doubao-Seed-2.0-Pro,linux_only_275,185,worker-worktrees/all-task-update-intergration-sync-20260826/runs/doubao-seed-2.0-pro-lite/core200_20260830/run_01/185_linux_only_275,worker-worktrees/all-task-update-intergration-sync-20260826/runs/doubao-seed-2.0-pro-lite/core200_20260830/run_01/run_metadata.json,worker-worktrees/all-task-update-intergration-sync-20260826/runs/doubao-seed-2.0-pro-lite/core200_20260830/run_01/185_linux_only_275/config/task.json,formal_run_01: formal runner summary; archived incomplete attempts excluded,FAIL,FAIL,recorded_automatic_result; no applicable confirmed rescoring record located,0,0,selected-attempt result.json; no new scoring or reinterpretation,7,428.247,done,2,linux,linux_0:linux;linux_1:linux,worker-worktrees/all-task-update-intergration-sync-20260826/runs/doubao-seed-2.0-pro-lite/core200_20260830/experiment_metadata.json,worker-worktrees/all-task-update-intergration-sync-20260826/runs/doubao-seed-2.0-pro-lite/core200_20260830/run_01/summary.json,worker-worktrees/all-task-update-intergration-sync-20260826/runs/doubao-seed-2.0-pro-lite/core200_20260830/run_01/185_linux_only_275/result.json,7348e006ce2a72ef39e134d3c1042de35ae11148,completed,formal_run_01,true,true,true,true
Doubao-Seed-2.0-Pro,linux_only_283,186,worker-worktrees/all-task-update-intergration-sync-20260826/runs/doubao-seed-2.0-pro-lite/core200_20260830/run_01/186_linux_only_283,worker-worktrees/all-task-update-intergration-sync-20260826/runs/doubao-seed-2.0-pro-lite/core200_20260830/run_01/run_metadata.json,worker-worktrees/all-task-update-intergration-sync-20260826/runs/doubao-seed-2.0-pro-lite/core200_20260830/run_01/186_linux_only_283/config/task.json,formal_run_01: formal runner summary; archived incomplete attempts excluded,FAIL,FAIL,recorded_automatic_result; no applicable confirmed rescoring record located,0,0,selected-attempt result.json; no new scoring or reinterpretation,5,317.91,done,2,linux,linux_0:linux;linux_1:linux,worker-worktrees/all-task-update-intergration-sync-20260826/runs/doubao-seed-2.0-pro-lite/core200_20260830/experiment_metadata.json,worker-worktrees/all-task-update-intergration-sync-20260826/runs/doubao-seed-2.0-pro-lite/core200_20260830/run_01/summary.json,worker-worktrees/all-task-update-intergration-sync-20260826/runs/doubao-seed-2.0-pro-lite/core200_20260830/run_01/186_linux_only_283/result.json,7348e006ce2a72ef39e134d3c1042de35ae11148,completed,formal_run_01,true,true,true,true
Doubao-Seed-2.0-Pro,linux_only_300,187,worker-worktrees/all-task-update-intergration-sync-20260826/runs/doubao-seed-2.0-pro-lite/core200_20260830/run_01/187_linux_only_300,worker-worktrees/all-task-update-intergration-sync-20260826/runs/doubao-seed-2.0-pro-lite/core200_20260830/run_01/run_metadata.json,worker-worktrees/all-task-update-intergration-sync-20260826/runs/doubao-seed-2.0-pro-lite/core200_20260830/run_01/187_linux_only_300/config/task.json,formal_run_01: formal runner summary; archived incomplete attempts excluded,FAIL,FAIL,recorded_automatic_result; no applicable confirmed rescoring record located,0.3333333333333333,0.3333333333333333,selected-attempt result.json; no new scoring or reinterpretation,5,342.585,done,2,linux,linux_0:linux;linux_1:linux,worker-worktrees/all-task-update-intergration-sync-20260826/runs/doubao-seed-2.0-pro-lite/core200_20260830/experiment_metadata.json,worker-worktrees/all-task-update-intergration-sync-20260826/runs/doubao-seed-2.0-pro-lite/core200_20260830/run_01/summary.json,worker-worktrees/all-task-update-intergration-sync-20260826/runs/doubao-seed-2.0-pro-lite/core200_20260830/run_01/187_linux_only_300/result.json,7348e006ce2a72ef39e134d3c1042de35ae11148,completed,formal_run_01,true,true,true,true
Doubao-Seed-2.0-Pro,linux_only_251,188,worker-worktrees/all-task-update-intergration-sync-20260826/runs/doubao-seed-2.0-pro-lite/core200_20260830/run_01/188_linux_only_251,worker-worktrees/all-task-update-intergration-sync-20260826/runs/doubao-seed-2.0-pro-lite/core200_20260830/run_01/run_metadata.json,worker-worktrees/all-task-update-intergration-sync-20260826/runs/doubao-seed-2.0-pro-lite/core200_20260830/run_01/188_linux_only_251/config/task.json,formal_run_01: formal runner summary; archived incomplete attempts excluded,PASS,PASS,recorded_automatic_result; no applicable confirmed rescoring record located,1,1,selected-attempt result.json; no new scoring or reinterpretation,7,409.856,done,2,linux,linux_0:linux;linux_1:linux,worker-worktrees/all-task-update-intergration-sync-20260826/runs/doubao-seed-2.0-pro-lite/core200_20260830/experiment_metadata.json,worker-worktrees/all-task-update-intergration-sync-20260826/runs/doubao-seed-2.0-pro-lite/core200_20260830/run_01/summary.json,worker-worktrees/all-task-update-intergration-sync-20260826/runs/doubao-seed-2.0-pro-lite/core200_20260830/run_01/188_linux_only_251/result.json,7348e006ce2a72ef39e134d3c1042de35ae11148,completed,formal_run_01,true,true,true,true
Doubao-Seed-2.0-Pro,linux_only_327,189,worker-worktrees/all-task-update-intergration-sync-20260826/runs/doubao-seed-2.0-pro-lite/core200_20260830/run_01/189_linux_only_327,worker-worktrees/all-task-update-intergration-sync-20260826/runs/doubao-seed-2.0-pro-lite/core200_20260830/run_01/run_metadata.json,worker-worktrees/all-task-update-intergration-sync-20260826/runs/doubao-seed-2.0-pro-lite/core200_20260830/run_01/189_linux_only_327/config/task.json,formal_run_01: formal runner summary; archived incomplete attempts excluded,PASS,PASS,recorded_automatic_result; no applicable confirmed rescoring record located,1,1,selected-attempt result.json; no new scoring or reinterpretation,6,375.108,done,2,linux,linux_0:linux;linux_1:linux,worker-worktrees/all-task-update-intergration-sync-20260826/runs/doubao-seed-2.0-pro-lite/core200_20260830/experiment_metadata.json,worker-worktrees/all-task-update-intergration-sync-20260826/runs/doubao-seed-2.0-pro-lite/core200_20260830/run_01/summary.json,worker-worktrees/all-task-update-intergration-sync-20260826/runs/doubao-seed-2.0-pro-lite/core200_20260830/run_01/189_linux_only_327/result.json,7348e006ce2a72ef39e134d3c1042de35ae11148,completed,formal_run_01,true,true,true,true
Doubao-Seed-2.0-Pro,linux_only_331,190,worker-worktrees/all-task-update-intergration-sync-20260826/runs/doubao-seed-2.0-pro-lite/core200_20260830/run_01/190_linux_only_331,worker-worktrees/all-task-update-intergration-sync-20260826/runs/doubao-seed-2.0-pro-lite/core200_20260830/run_01/run_metadata.json,worker-worktrees/all-task-update-intergration-sync-20260826/runs/doubao-seed-2.0-pro-lite/core200_20260830/run_01/190_linux_only_331/config/task.json,formal_run_01: formal runner summary; archived incomplete attempts excluded,PASS,PASS,recorded_automatic_result; no applicable confirmed rescoring record located,1,1,selected-attempt result.json; no new scoring or reinterpretation,4,298.163,done,2,linux,linux_0:linux;linux_1:linux,worker-worktrees/all-task-update-intergration-sync-20260826/runs/doubao-seed-2.0-pro-lite/core200_20260830/experiment_metadata.json,worker-worktrees/all-task-update-intergration-sync-20260826/runs/doubao-seed-2.0-pro-lite/core200_20260830/run_01/summary.json,worker-worktrees/all-task-update-intergration-sync-20260826/runs/doubao-seed-2.0-pro-lite/core200_20260830/run_01/190_linux_only_331/result.json,7348e006ce2a72ef39e134d3c1042de35ae11148,completed,formal_run_01,true,true,true,true
Doubao-Seed-2.0-Pro,sh2_implicit_intent_nursery_air_comfort_infeasible_0011,191,worker-worktrees/all-task-update-intergration-sync-20260826/runs/doubao-seed-2.0-pro-lite/core200_20260830/run_01/191_sh2_implicit_intent_nursery_air_comfort_infeasible_0011,worker-worktrees/all-task-update-intergration-sync-20260826/runs/doubao-seed-2.0-pro-lite/core200_20260830/run_01/run_metadata.json,worker-worktrees/all-task-update-intergration-sync-20260826/runs/doubao-seed-2.0-pro-lite/core200_20260830/run_01/191_sh2_implicit_intent_nursery_air_comfort_infeasible_0011/config/task.json,formal_run_01: formal runner summary; archived incomplete attempts excluded,FAIL,FAIL,recorded_automatic_result; no applicable confirmed rescoring record located,0,0,selected-attempt result.json; no new scoring or reinterpretation,8,356.39,done,1,home,home_0:home,worker-worktrees/all-task-update-intergration-sync-20260826/runs/doubao-seed-2.0-pro-lite/core200_20260830/experiment_metadata.json,worker-worktrees/all-task-update-intergration-sync-20260826/runs/doubao-seed-2.0-pro-lite/core200_20260830/run_01/summary.json,worker-worktrees/all-task-update-intergration-sync-20260826/runs/doubao-seed-2.0-pro-lite/core200_20260830/run_01/191_sh2_implicit_intent_nursery_air_comfort_infeasible_0011/result.json,7348e006ce2a72ef39e134d3c1042de35ae11148,completed,formal_run_01,true,true,true,true
Doubao-Seed-2.0-Pro,sh3_explicit_control_plain_light_dimming_infeasible_0013,192,worker-worktrees/all-task-update-intergration-sync-20260826/runs/doubao-seed-2.0-pro-lite/core200_20260830/run_01/192_sh3_explicit_control_plain_light_dimming_infeasible_0013,worker-worktrees/all-task-update-intergration-sync-20260826/runs/doubao-seed-2.0-pro-lite/core200_20260830/run_01/run_metadata.json,worker-worktrees/all-task-update-intergration-sync-20260826/runs/doubao-seed-2.0-pro-lite/core200_20260830/run_01/192_sh3_explicit_control_plain_light_dimming_infeasible_0013/config/task.json,formal_run_01: formal runner summary; archived incomplete attempts excluded,FAIL,FAIL,recorded_automatic_result; no applicable confirmed rescoring record located,0.5,0.5,selected-attempt result.json; no new scoring or reinterpretation,3,415.934,done,1,home,home_0:home,worker-worktrees/all-task-update-intergration-sync-20260826/runs/doubao-seed-2.0-pro-lite/core200_20260830/experiment_metadata.json,worker-worktrees/all-task-update-intergration-sync-20260826/runs/doubao-seed-2.0-pro-lite/core200_20260830/run_01/summary.json,worker-worktrees/all-task-update-intergration-sync-20260826/runs/doubao-seed-2.0-pro-lite/core200_20260830/run_01/192_sh3_explicit_control_plain_light_dimming_infeasible_0013/result.json,7348e006ce2a72ef39e134d3c1042de35ae11148,completed,formal_run_01,true,true,true,true
Doubao-Seed-2.0-Pro,sh4_time_schedule_study_focus_sequence_feasible_0030,193,worker-worktrees/all-task-update-intergration-sync-20260826/runs/doubao-seed-2.0-pro-lite/core200_20260830/run_01/193_sh4_time_schedule_study_focus_sequence_feasible_0030,worker-worktrees/all-task-update-intergration-sync-20260826/runs/doubao-seed-2.0-pro-lite/core200_20260830/run_01/run_metadata.json,worker-worktrees/all-task-update-intergration-sync-20260826/runs/doubao-seed-2.0-pro-lite/core200_20260830/run_01/193_sh4_time_schedule_study_focus_sequence_feasible_0030/config/task.json,formal_run_01: formal runner summary; archived incomplete attempts excluded,PASS,PASS,recorded_automatic_result; no applicable confirmed rescoring record located,1,1,selected-attempt result.json; no new scoring or reinterpretation,3,86.316,done,1,home,home_0:home,worker-worktrees/all-task-update-intergration-sync-20260826/runs/doubao-seed-2.0-pro-lite/core200_20260830/experiment_metadata.json,worker-worktrees/all-task-update-intergration-sync-20260826/runs/doubao-seed-2.0-pro-lite/core200_20260830/run_01/summary.json,worker-worktrees/all-task-update-intergration-sync-20260826/runs/doubao-seed-2.0-pro-lite/core200_20260830/run_01/193_sh4_time_schedule_study_focus_sequence_feasible_0030/result.json,7348e006ce2a72ef39e134d3c1042de35ae11148,completed,formal_run_01,true,true,true,true
Doubao-Seed-2.0-Pro,sh1_state_inquiry_bedroom_energy_query_infeasible_0012,194,worker-worktrees/all-task-update-intergration-sync-20260826/runs/doubao-seed-2.0-pro-lite/core200_20260830/run_01/194_sh1_state_inquiry_bedroom_energy_query_infeasible_0012,worker-worktrees/all-task-update-intergration-sync-20260826/runs/doubao-seed-2.0-pro-lite/core200_20260830/run_01/run_metadata.json,worker-worktrees/all-task-update-intergration-sync-20260826/runs/doubao-seed-2.0-pro-lite/core200_20260830/run_01/194_sh1_state_inquiry_bedroom_energy_query_infeasible_0012/config/task.json,formal_run_01: formal runner summary; archived incomplete attempts excluded,FAIL,FAIL,recorded_automatic_result; no applicable confirmed rescoring record located,0.5,0.5,selected-attempt result.json; no new scoring or reinterpretation,9,161.271,done,1,home,home_0:home,worker-worktrees/all-task-update-intergration-sync-20260826/runs/doubao-seed-2.0-pro-lite/core200_20260830/experiment_metadata.json,worker-worktrees/all-task-update-intergration-sync-20260826/runs/doubao-seed-2.0-pro-lite/core200_20260830/run_01/summary.json,worker-worktrees/all-task-update-intergration-sync-20260826/runs/doubao-seed-2.0-pro-lite/core200_20260830/run_01/194_sh1_state_inquiry_bedroom_energy_query_infeasible_0012/result.json,7348e006ce2a72ef39e134d3c1042de35ae11148,completed,formal_run_01,true,true,true,true
Doubao-Seed-2.0-Pro,sh4_time_schedule_missing_balcony_light_infeasible_0014,195,worker-worktrees/all-task-update-intergration-sync-20260826/runs/doubao-seed-2.0-pro-lite/core200_20260830/run_01/195_sh4_time_schedule_missing_balcony_light_infeasible_0014,worker-worktrees/all-task-update-intergration-sync-20260826/runs/doubao-seed-2.0-pro-lite/core200_20260830/run_01/run_metadata.json,worker-worktrees/all-task-update-intergration-sync-20260826/runs/doubao-seed-2.0-pro-lite/core200_20260830/run_01/195_sh4_time_schedule_missing_balcony_light_infeasible_0014/config/task.json,formal_run_01: formal runner summary; archived incomplete attempts excluded,FAIL,FAIL,recorded_automatic_result; no applicable confirmed rescoring record located,0.5,0.5,selected-attempt result.json; no new scoring or reinterpretation,2,67.523,done,1,home,home_0:home,worker-worktrees/all-task-update-intergration-sync-20260826/runs/doubao-seed-2.0-pro-lite/core200_20260830/experiment_metadata.json,worker-worktrees/all-task-update-intergration-sync-20260826/runs/doubao-seed-2.0-pro-lite/core200_20260830/run_01/summary.json,worker-worktrees/all-task-update-intergration-sync-20260826/runs/doubao-seed-2.0-pro-lite/core200_20260830/run_01/195_sh4_time_schedule_missing_balcony_light_infeasible_0014/result.json,7348e006ce2a72ef39e134d3c1042de35ae11148,completed,formal_run_01,true,true,true,true
Doubao-Seed-2.0-Pro,sh3_explicit_control_close_living_curtain_feasible_0001,196,worker-worktrees/all-task-update-intergration-sync-20260826/runs/doubao-seed-2.0-pro-lite/core200_20260830/run_01/196_sh3_explicit_control_close_living_curtain_feasible_0001,worker-worktrees/all-task-update-intergration-sync-20260826/runs/doubao-seed-2.0-pro-lite/core200_20260830/run_01/run_metadata.json,worker-worktrees/all-task-update-intergration-sync-20260826/runs/doubao-seed-2.0-pro-lite/core200_20260830/run_01/196_sh3_explicit_control_close_living_curtain_feasible_0001/config/task.json,formal_run_01: formal runner summary; archived incomplete attempts excluded,PASS,PASS,recorded_automatic_result; no applicable confirmed rescoring record located,1,1,selected-attempt result.json; no new scoring or reinterpretation,2,22.168,done,1,home,home_0:home,worker-worktrees/all-task-update-intergration-sync-20260826/runs/doubao-seed-2.0-pro-lite/core200_20260830/experiment_metadata.json,worker-worktrees/all-task-update-intergration-sync-20260826/runs/doubao-seed-2.0-pro-lite/core200_20260830/run_01/summary.json,worker-worktrees/all-task-update-intergration-sync-20260826/runs/doubao-seed-2.0-pro-lite/core200_20260830/run_01/196_sh3_explicit_control_close_living_curtain_feasible_0001/result.json,7348e006ce2a72ef39e134d3c1042de35ae11148,completed,formal_run_01,true,true,true,true
Doubao-Seed-2.0-Pro,sh4_time_schedule_living_ac_temperature_feasible_0032,197,worker-worktrees/all-task-update-intergration-sync-20260826/runs/doubao-seed-2.0-pro-lite/core200_20260830/run_01/197_sh4_time_schedule_living_ac_temperature_feasible_0032,worker-worktrees/all-task-update-intergration-sync-20260826/runs/doubao-seed-2.0-pro-lite/core200_20260830/run_01/run_metadata.json,worker-worktrees/all-task-update-intergration-sync-20260826/runs/doubao-seed-2.0-pro-lite/core200_20260830/run_01/197_sh4_time_schedule_living_ac_temperature_feasible_0032/config/task.json,formal_run_01: formal runner summary; archived incomplete attempts excluded,PASS,PASS,recorded_automatic_result; no applicable confirmed rescoring record located,1,1,selected-attempt result.json; no new scoring or reinterpretation,2,29.867,done,1,home,home_0:home,worker-worktrees/all-task-update-intergration-sync-20260826/runs/doubao-seed-2.0-pro-lite/core200_20260830/experiment_metadata.json,worker-worktrees/all-task-update-intergration-sync-20260826/runs/doubao-seed-2.0-pro-lite/core200_20260830/run_01/summary.json,worker-worktrees/all-task-update-intergration-sync-20260826/runs/doubao-seed-2.0-pro-lite/core200_20260830/run_01/197_sh4_time_schedule_living_ac_temperature_feasible_0032/result.json,7348e006ce2a72ef39e134d3c1042de35ae11148,completed,formal_run_01,true,true,true,true
Doubao-Seed-2.0-Pro,sh1_state_inquiry_bathroom_humidity_feasible_0001,198,worker-worktrees/all-task-update-intergration-sync-20260826/runs/doubao-seed-2.0-pro-lite/core200_20260830/run_01/198_sh1_state_inquiry_bathroom_humidity_feasible_0001,worker-worktrees/all-task-update-intergration-sync-20260826/runs/doubao-seed-2.0-pro-lite/core200_20260830/run_01/run_metadata.json,worker-worktrees/all-task-update-intergration-sync-20260826/runs/doubao-seed-2.0-pro-lite/core200_20260830/run_01/198_sh1_state_inquiry_bathroom_humidity_feasible_0001/config/task.json,formal_run_01: formal runner summary; archived incomplete attempts excluded,PASS,PASS,recorded_automatic_result; no applicable confirmed rescoring record located,1,1,selected-attempt result.json; no new scoring or reinterpretation,3,32.222,done,1,home,home_0:home,worker-worktrees/all-task-update-intergration-sync-20260826/runs/doubao-seed-2.0-pro-lite/core200_20260830/experiment_metadata.json,worker-worktrees/all-task-update-intergration-sync-20260826/runs/doubao-seed-2.0-pro-lite/core200_20260830/run_01/summary.json,worker-worktrees/all-task-update-intergration-sync-20260826/runs/doubao-seed-2.0-pro-lite/core200_20260830/run_01/198_sh1_state_inquiry_bathroom_humidity_feasible_0001/result.json,7348e006ce2a72ef39e134d3c1042de35ae11148,completed,formal_run_01,true,true,true,true
Doubao-Seed-2.0-Pro,sh5_event_schedule_plain_light_dim_after_dryer_infeasible_0016,199,worker-worktrees/all-task-update-intergration-sync-20260826/runs/doubao-seed-2.0-pro-lite/core200_20260830/run_01/199_sh5_event_schedule_plain_light_dim_after_dryer_infeasible_0016,worker-worktrees/all-task-update-intergration-sync-20260826/runs/doubao-seed-2.0-pro-lite/core200_20260830/run_01/run_metadata.json,worker-worktrees/all-task-update-intergration-sync-20260826/runs/doubao-seed-2.0-pro-lite/core200_20260830/run_01/199_sh5_event_schedule_plain_light_dim_after_dryer_infeasible_0016/config/task.json,formal_run_01: formal runner summary; archived incomplete attempts excluded,PASS,PASS,recorded_automatic_result; no applicable confirmed rescoring record located,1,1,selected-attempt result.json; no new scoring or reinterpretation,3,98.81,done,1,home,home_0:home,worker-worktrees/all-task-update-intergration-sync-20260826/runs/doubao-seed-2.0-pro-lite/core200_20260830/experiment_metadata.json,worker-worktrees/all-task-update-intergration-sync-20260826/runs/doubao-seed-2.0-pro-lite/core200_20260830/run_01/summary.json,worker-worktrees/all-task-update-intergration-sync-20260826/runs/doubao-seed-2.0-pro-lite/core200_20260830/run_01/199_sh5_event_schedule_plain_light_dim_after_dryer_infeasible_0016/result.json,7348e006ce2a72ef39e134d3c1042de35ae11148,completed,formal_run_01,true,true,true,true
Doubao-Seed-2.0-Pro,sh6_coordinated_schedule_missing_guest_room_workflow_infeasible_0016,200,worker-worktrees/all-task-update-intergration-sync-20260826/runs/doubao-seed-2.0-pro-lite/core200_20260830/run_01/200_sh6_coordinated_schedule_missing_guest_room_workflow_infeasible_0016,worker-worktrees/all-task-update-intergration-sync-20260826/runs/doubao-seed-2.0-pro-lite/core200_20260830/run_01/run_metadata.json,worker-worktrees/all-task-update-intergration-sync-20260826/runs/doubao-seed-2.0-pro-lite/core200_20260830/run_01/200_sh6_coordinated_schedule_missing_guest_room_workflow_infeasible_0016/config/task.json,formal_run_01: formal runner summary; archived incomplete attempts excluded,FAIL,FAIL,recorded_automatic_result; no applicable confirmed rescoring record located,0.5,0.5,selected-attempt result.json; no new scoring or reinterpretation,2,90.245,done,1,home,home_0:home,worker-worktrees/all-task-update-intergration-sync-20260826/runs/doubao-seed-2.0-pro-lite/core200_20260830/experiment_metadata.json,worker-worktrees/all-task-update-intergration-sync-20260826/runs/doubao-seed-2.0-pro-lite/core200_20260830/run_01/summary.json,worker-worktrees/all-task-update-intergration-sync-20260826/runs/doubao-seed-2.0-pro-lite/core200_20260830/run_01/200_sh6_coordinated_schedule_missing_guest_room_workflow_infeasible_0016/result.json,7348e006ce2a72ef39e134d3c1042de35ae11148,completed,formal_run_01,true,true,true,true
GUI-Owl-1.5-32B-Instruct,a2l2_meeting_packet_full,1,worker-worktrees/all-task-update-intergration-sync-20260826/runs/gui-owl-1.5-32b-instruct-lite/core200_20260905/run_01/001_a2l2_meeting_packet_full,worker-worktrees/all-task-update-intergration-sync-20260826/runs/gui-owl-1.5-32b-instruct-lite/core200_20260905/run_01/run_metadata.json,worker-worktrees/all-task-update-intergration-sync-20260826/runs/gui-owl-1.5-32b-instruct-lite/core200_20260905/run_01/001_a2l2_meeting_packet_full/config/task.json,formal_run_01: formal runner summary; archived incomplete attempts excluded,FAIL,FAIL,recorded_automatic_result; no applicable confirmed rescoring record located,0,0,selected-attempt result.json; no new scoring or reinterpretation,50,578.706,max_steps,4,android+linux,android_0:android;android_1:android;linux_0:linux;linux_1:linux,worker-worktrees/all-task-update-intergration-sync-20260826/runs/gui-owl-1.5-32b-instruct-lite/core200_20260905/experiment_metadata.json,worker-worktrees/all-task-update-intergration-sync-20260826/runs/gui-owl-1.5-32b-instruct-lite/core200_20260905/run_01/summary.json,worker-worktrees/all-task-update-intergration-sync-20260826/runs/gui-owl-1.5-32b-instruct-lite/core200_20260905/run_01/001_a2l2_meeting_packet_full/result.json,7348e006ce2a72ef39e134d3c1042de35ae11148,completed,formal_run_01,true,true,true,true
GUI-Owl-1.5-32B-Instruct,al2_data_transform_sync,2,worker-worktrees/all-task-update-intergration-sync-20260826/runs/gui-owl-1.5-32b-instruct-lite/core200_20260905/run_01/002_al2_data_transform_sync,worker-worktrees/all-task-update-intergration-sync-20260826/runs/gui-owl-1.5-32b-instruct-lite/core200_20260905/run_01/run_metadata.json,worker-worktrees/all-task-update-intergration-sync-20260826/runs/gui-owl-1.5-32b-instruct-lite/core200_20260905/run_01/002_al2_data_transform_sync/config/task.json,formal_run_01: formal runner summary; archived incomplete attempts excluded,FAIL,FAIL,recorded_automatic_result; no applicable confirmed rescoring record located,0,0,selected-attempt result.json; no new scoring or reinterpretation,50,443.77,max_steps,3,android+linux,android_0:android;linux_0:linux;linux_1:linux,worker-worktrees/all-task-update-intergration-sync-20260826/runs/gui-owl-1.5-32b-instruct-lite/core200_20260905/experiment_metadata.json,worker-worktrees/all-task-update-intergration-sync-20260826/runs/gui-owl-1.5-32b-instruct-lite/core200_20260905/run_01/summary.json,worker-worktrees/all-task-update-intergration-sync-20260826/runs/gui-owl-1.5-32b-instruct-lite/core200_20260905/run_01/002_al2_data_transform_sync/result.json,7348e006ce2a72ef39e134d3c1042de35ae11148,completed,formal_run_01,true,true,true,true
GUI-Owl-1.5-32B-Instruct,al_tutorial_screenshot,3,worker-worktrees/all-task-update-intergration-sync-20260826/runs/gui-owl-1.5-32b-instruct-lite/core200_20260905/run_01/003_al_tutorial_screenshot,worker-worktrees/all-task-update-intergration-sync-20260826/runs/gui-owl-1.5-32b-instruct-lite/core200_20260905/run_01/run_metadata.json,worker-worktrees/all-task-update-intergration-sync-20260826/runs/gui-owl-1.5-32b-instruct-lite/core200_20260905/run_01/003_al_tutorial_screenshot/config/task.json,formal_run_01: formal runner summary; archived incomplete attempts excluded,FAIL,FAIL,recorded_automatic_result; no applicable confirmed rescoring record located,0,0,selected-attempt result.json; no new scoring or reinterpretation,50,336.15,max_steps,2,android+linux,android_0:android;linux_0:linux,worker-worktrees/all-task-update-intergration-sync-20260826/runs/gui-owl-1.5-32b-instruct-lite/core200_20260905/experiment_metadata.json,worker-worktrees/all-task-update-intergration-sync-20260826/runs/gui-owl-1.5-32b-instruct-lite/core200_20260905/run_01/summary.json,worker-worktrees/all-task-update-intergration-sync-20260826/runs/gui-owl-1.5-32b-instruct-lite/core200_20260905/run_01/003_al_tutorial_screenshot/result.json,7348e006ce2a72ef39e134d3c1042de35ae11148,completed,formal_run_01,true,true,true,true
GUI-Owl-1.5-32B-Instruct,al_calendar_schedule_conflict,4,worker-worktrees/all-task-update-intergration-sync-20260826/runs/gui-owl-1.5-32b-instruct-lite/core200_20260905/run_01/004_al_calendar_schedule_conflict,worker-worktrees/all-task-update-intergration-sync-20260826/runs/gui-owl-1.5-32b-instruct-lite/core200_20260905/run_01/run_metadata.json,worker-worktrees/all-task-update-intergration-sync-20260826/runs/gui-owl-1.5-32b-instruct-lite/core200_20260905/run_01/004_al_calendar_schedule_conflict/config/task.json,formal_run_01: formal runner summary; archived incomplete attempts excluded,FAIL,FAIL,recorded_automatic_result; no applicable confirmed rescoring record located,0,0,selected-attempt result.json; no new scoring or reinterpretation,50,341.449,max_steps,2,android+linux,android_0:android;linux_0:linux,worker-worktrees/all-task-update-intergration-sync-20260826/runs/gui-owl-1.5-32b-instruct-lite/core200_20260905/experiment_metadata.json,worker-worktrees/all-task-update-intergration-sync-20260826/runs/gui-owl-1.5-32b-instruct-lite/core200_20260905/run_01/summary.json,worker-worktrees/all-task-update-intergration-sync-20260826/runs/gui-owl-1.5-32b-instruct-lite/core200_20260905/run_01/004_al_calendar_schedule_conflict/result.json,7348e006ce2a72ef39e134d3c1042de35ae11148,completed,formal_run_01,true,true,true,true
GUI-Owl-1.5-32B-Instruct,a2l_agenda_from_two_phones,5,worker-worktrees/all-task-update-intergration-sync-20260826/runs/gui-owl-1.5-32b-instruct-lite/core200_20260905/run_01/005_a2l_agenda_from_two_phones,worker-worktrees/all-task-update-intergration-sync-20260826/runs/gui-owl-1.5-32b-instruct-lite/core200_20260905/run_01/run_metadata.json,worker-worktrees/all-task-update-intergration-sync-20260826/runs/gui-owl-1.5-32b-instruct-lite/core200_20260905/run_01/005_a2l_agenda_from_two_phones/config/task.json,formal_run_01: formal runner summary; archived incomplete attempts excluded,FAIL,FAIL,recorded_automatic_result; no applicable confirmed rescoring record located,0,0,selected-attempt result.json; no new scoring or reinterpretation,50,505.853,max_steps,3,android+linux,android_0:android;android_1:android;linux_0:linux,worker-worktrees/all-task-update-intergration-sync-20260826/runs/gui-owl-1.5-32b-instruct-lite/core200_20260905/experiment_metadata.json,worker-worktrees/all-task-update-intergration-sync-20260826/runs/gui-owl-1.5-32b-instruct-lite/core200_20260905/run_01/summary.json,worker-worktrees/all-task-update-intergration-sync-20260826/runs/gui-owl-1.5-32b-instruct-lite/core200_20260905/run_01/005_a2l_agenda_from_two_phones/result.json,7348e006ce2a72ef39e134d3c1042de35ae11148,completed,formal_run_01,true,true,true,true
GUI-Owl-1.5-32B-Instruct,a2_missing_media_status,6,worker-worktrees/all-task-update-intergration-sync-20260826/runs/gui-owl-1.5-32b-instruct-lite/core200_20260905/run_01/006_a2_missing_media_status,worker-worktrees/all-task-update-intergration-sync-20260826/runs/gui-owl-1.5-32b-instruct-lite/core200_20260905/run_01/run_metadata.json,worker-worktrees/all-task-update-intergration-sync-20260826/runs/gui-owl-1.5-32b-instruct-lite/core200_20260905/run_01/006_a2_missing_media_status/config/task.json,formal_run_01: formal runner summary; archived incomplete attempts excluded,FAIL,FAIL,recorded_automatic_result; no applicable confirmed rescoring record located,0,0,selected-attempt result.json; no new scoring or reinterpretation,50,336.049,max_steps,2,android,android_0:android;android_1:android,worker-worktrees/all-task-update-intergration-sync-20260826/runs/gui-owl-1.5-32b-instruct-lite/core200_20260905/experiment_metadata.json,worker-worktrees/all-task-update-intergration-sync-20260826/runs/gui-owl-1.5-32b-instruct-lite/core200_20260905/run_01/summary.json,worker-worktrees/all-task-update-intergration-sync-20260826/runs/gui-owl-1.5-32b-instruct-lite/core200_20260905/run_01/006_a2_missing_media_status/result.json,7348e006ce2a72ef39e134d3c1042de35ae11148,completed,formal_run_01,true,true,true,true
GUI-Owl-1.5-32B-Instruct,l2_csv_to_json,7,worker-worktrees/all-task-update-intergration-sync-20260826/runs/gui-owl-1.5-32b-instruct-lite/core200_20260905/run_01/007_l2_csv_to_json,worker-worktrees/all-task-update-intergration-sync-20260826/runs/gui-owl-1.5-32b-instruct-lite/core200_20260905/run_01/run_metadata.json,worker-worktrees/all-task-update-intergration-sync-20260826/runs/gui-owl-1.5-32b-instruct-lite/core200_20260905/run_01/007_l2_csv_to_json/config/task.json,formal_run_01: formal runner summary; archived incomplete attempts excluded,PASS,PASS,recorded_automatic_result; no applicable confirmed rescoring record located,1,1,selected-attempt result.json; no new scoring or reinterpretation,5,150.063,done,2,linux,linux_0:linux;linux_1:linux,worker-worktrees/all-task-update-intergration-sync-20260826/runs/gui-owl-1.5-32b-instruct-lite/core200_20260905/experiment_metadata.json,worker-worktrees/all-task-update-intergration-sync-20260826/runs/gui-owl-1.5-32b-instruct-lite/core200_20260905/run_01/summary.json,worker-worktrees/all-task-update-intergration-sync-20260826/runs/gui-owl-1.5-32b-instruct-lite/core200_20260905/run_01/007_l2_csv_to_json/result.json,7348e006ce2a72ef39e134d3c1042de35ae11148,completed,formal_run_01,true,true,true,true
GUI-Owl-1.5-32B-Instruct,al_request_audio,8,worker-worktrees/all-task-update-intergration-sync-20260826/runs/gui-owl-1.5-32b-instruct-lite/core200_20260905/run_01/008_al_request_audio,worker-worktrees/all-task-update-intergration-sync-20260826/runs/gui-owl-1.5-32b-instruct-lite/core200_20260905/run_01/run_metadata.json,worker-worktrees/all-task-update-intergration-sync-20260826/runs/gui-owl-1.5-32b-instruct-lite/core200_20260905/run_01/008_al_request_audio/config/task.json,formal_run_01: formal runner summary; archived incomplete attempts excluded,FAIL,FAIL,recorded_automatic_result; no applicable confirmed rescoring record located,0,0,selected-attempt result.json; no new scoring or reinterpretation,50,277.599,max_steps,2,android+linux,android_0:android;linux_0:linux,worker-worktrees/all-task-update-intergration-sync-20260826/runs/gui-owl-1.5-32b-instruct-lite/core200_20260905/experiment_metadata.json,worker-worktrees/all-task-update-intergration-sync-20260826/runs/gui-owl-1.5-32b-instruct-lite/core200_20260905/run_01/summary.json,worker-worktrees/all-task-update-intergration-sync-20260826/runs/gui-owl-1.5-32b-instruct-lite/core200_20260905/run_01/008_al_request_audio/result.json,7348e006ce2a72ef39e134d3c1042de35ae11148,completed,formal_run_01,true,true,true,true
GUI-Owl-1.5-32B-Instruct,a2l2_training_deck_notify,9,worker-worktrees/all-task-update-intergration-sync-20260826/runs/gui-owl-1.5-32b-instruct-lite/core200_20260905/run_01/009_a2l2_training_deck_notify,worker-worktrees/all-task-update-intergration-sync-20260826/runs/gui-owl-1.5-32b-instruct-lite/core200_20260905/run_01/run_metadata.json,worker-worktrees/all-task-update-intergration-sync-20260826/runs/gui-owl-1.5-32b-instruct-lite/core200_20260905/run_01/009_a2l2_training_deck_notify/config/task.json,formal_run_01: formal runner summary; archived incomplete attempts excluded,FAIL,FAIL,recorded_automatic_result; no applicable confirmed rescoring record located,0.3333333333333333,0.3333333333333333,selected-attempt result.json; no new scoring or reinterpretation,50,704.204,max_steps,4,android+linux,android_0:android;android_1:android;linux_0:linux;linux_1:linux,worker-worktrees/all-task-update-intergration-sync-20260826/runs/gui-owl-1.5-32b-instruct-lite/core200_20260905/experiment_metadata.json,worker-worktrees/all-task-update-intergration-sync-20260826/runs/gui-owl-1.5-32b-instruct-lite/core200_20260905/run_01/summary.json,worker-worktrees/all-task-update-intergration-sync-20260826/runs/gui-owl-1.5-32b-instruct-lite/core200_20260905/run_01/009_a2l2_training_deck_notify/result.json,7348e006ce2a72ef39e134d3c1042de35ae11148,completed,formal_run_01,true,true,true,true
GUI-Owl-1.5-32B-Instruct,a2_route_media_status,10,worker-worktrees/all-task-update-intergration-sync-20260826/runs/gui-owl-1.5-32b-instruct-lite/core200_20260905/run_01/010_a2_route_media_status,worker-worktrees/all-task-update-intergration-sync-20260826/runs/gui-owl-1.5-32b-instruct-lite/core200_20260905/run_01/run_metadata.json,worker-worktrees/all-task-update-intergration-sync-20260826/runs/gui-owl-1.5-32b-instruct-lite/core200_20260905/run_01/010_a2_route_media_status/config/task.json,formal_run_01: formal runner summary; archived incomplete attempts excluded,FAIL,FAIL,recorded_automatic_result; no applicable confirmed rescoring record located,0,0,selected-attempt result.json; no new scoring or reinterpretation,50,279.47,max_steps,2,android,android_0:android;android_1:android,worker-worktrees/all-task-update-intergration-sync-20260826/runs/gui-owl-1.5-32b-instruct-lite/core200_20260905/experiment_metadata.json,worker-worktrees/all-task-update-intergration-sync-20260826/runs/gui-owl-1.5-32b-instruct-lite/core200_20260905/run_01/summary.json,worker-worktrees/all-task-update-intergration-sync-20260826/runs/gui-owl-1.5-32b-instruct-lite/core200_20260905/run_01/010_a2_route_media_status/result.json,7348e006ce2a72ef39e134d3c1042de35ae11148,completed,formal_run_01,true,true,true,true
GUI-Owl-1.5-32B-Instruct,al2_alarm_calc_email,11,worker-worktrees/all-task-update-intergration-sync-20260826/runs/gui-owl-1.5-32b-instruct-lite/core200_20260905/run_01/011_al2_alarm_calc_email,worker-worktrees/all-task-update-intergration-sync-20260826/runs/gui-owl-1.5-32b-instruct-lite/core200_20260905/run_01/run_metadata.json,worker-worktrees/all-task-update-intergration-sync-20260826/runs/gui-owl-1.5-32b-instruct-lite/core200_20260905/run_01/011_al2_alarm_calc_email/config/task.json,formal_run_01: formal runner summary; archived incomplete attempts excluded,FAIL,FAIL,recorded_automatic_result; no applicable confirmed rescoring record located,0,0,selected-attempt result.json; no new scoring or reinterpretation,50,622.166,max_steps,3,android+linux,android_0:android;linux_0:linux;linux_1:linux,worker-worktrees/all-task-update-intergration-sync-20260826/runs/gui-owl-1.5-32b-instruct-lite/core200_20260905/experiment_metadata.json,worker-worktrees/all-task-update-intergration-sync-20260826/runs/gui-owl-1.5-32b-instruct-lite/core200_20260905/run_01/summary.json,worker-worktrees/all-task-update-intergration-sync-20260826/runs/gui-owl-1.5-32b-instruct-lite/core200_20260905/run_01/011_al2_alarm_calc_email/result.json,7348e006ce2a72ef39e134d3c1042de35ae11148,completed,formal_run_01,true,true,true,true
GUI-Owl-1.5-32B-Instruct,a2l_contact_otp_web_form,12,worker-worktrees/all-task-update-intergration-sync-20260826/runs/gui-owl-1.5-32b-instruct-lite/core200_20260905/run_01/012_a2l_contact_otp_web_form,worker-worktrees/all-task-update-intergration-sync-20260826/runs/gui-owl-1.5-32b-instruct-lite/core200_20260905/run_01/run_metadata.json,worker-worktrees/all-task-update-intergration-sync-20260826/runs/gui-owl-1.5-32b-instruct-lite/core200_20260905/run_01/012_a2l_contact_otp_web_form/config/task.json,formal_run_01: formal runner summary; archived incomplete attempts excluded,FAIL,FAIL,recorded_automatic_result; no applicable confirmed rescoring record located,0,0,selected-attempt result.json; no new scoring or reinterpretation,50,382.541,max_steps,3,android+linux,android_0:android;android_1:android;linux_0:linux,worker-worktrees/all-task-update-intergration-sync-20260826/runs/gui-owl-1.5-32b-instruct-lite/core200_20260905/experiment_metadata.json,worker-worktrees/all-task-update-intergration-sync-20260826/runs/gui-owl-1.5-32b-instruct-lite/core200_20260905/run_01/summary.json,worker-worktrees/all-task-update-intergration-sync-20260826/runs/gui-owl-1.5-32b-instruct-lite/core200_20260905/run_01/012_a2l_contact_otp_web_form/result.json,7348e006ce2a72ef39e134d3c1042de35ae11148,completed,formal_run_01,true,true,true,true
GUI-Owl-1.5-32B-Instruct,al_thunderbird_attachment_to_tasks,13,worker-worktrees/all-task-update-intergration-sync-20260826/runs/gui-owl-1.5-32b-instruct-lite/core200_20260905/run_01/013_al_thunderbird_attachment_to_tasks,worker-worktrees/all-task-update-intergration-sync-20260826/runs/gui-owl-1.5-32b-instruct-lite/core200_20260905/run_01/run_metadata.json,worker-worktrees/all-task-update-intergration-sync-20260826/runs/gui-owl-1.5-32b-instruct-lite/core200_20260905/run_01/013_al_thunderbird_attachment_to_tasks/config/task.json,formal_run_01: formal runner summary; archived incomplete attempts excluded,FAIL,FAIL,recorded_automatic_result; no applicable confirmed rescoring record located,0,0,selected-attempt result.json; no new scoring or reinterpretation,50,896.093,max_steps,2,android+linux,android_0:android;linux_0:linux,worker-worktrees/all-task-update-intergration-sync-20260826/runs/gui-owl-1.5-32b-instruct-lite/core200_20260905/experiment_metadata.json,worker-worktrees/all-task-update-intergration-sync-20260826/runs/gui-owl-1.5-32b-instruct-lite/core200_20260905/run_01/summary.json,worker-worktrees/all-task-update-intergration-sync-20260826/runs/gui-owl-1.5-32b-instruct-lite/core200_20260905/run_01/013_al_thunderbird_attachment_to_tasks/result.json,7348e006ce2a72ef39e134d3c1042de35ae11148,completed,formal_run_01,true,true,true,true
GUI-Owl-1.5-32B-Instruct,l2_vscode_settings_update,14,worker-worktrees/all-task-update-intergration-sync-20260826/runs/gui-owl-1.5-32b-instruct-lite/core200_20260905/run_01/014_l2_vscode_settings_update,worker-worktrees/all-task-update-intergration-sync-20260826/runs/gui-owl-1.5-32b-instruct-lite/core200_20260905/run_01/run_metadata.json,worker-worktrees/all-task-update-intergration-sync-20260826/runs/gui-owl-1.5-32b-instruct-lite/core200_20260905/run_01/014_l2_vscode_settings_update/config/task.json,formal_run_01: formal runner summary; archived incomplete attempts excluded,FAIL,FAIL,recorded_automatic_result; no applicable confirmed rescoring record located,0,0,selected-attempt result.json; no new scoring or reinterpretation,50,237.73,max_steps,2,linux,linux_0:linux;linux_1:linux,worker-worktrees/all-task-update-intergration-sync-20260826/runs/gui-owl-1.5-32b-instruct-lite/core200_20260905/experiment_metadata.json,worker-worktrees/all-task-update-intergration-sync-20260826/runs/gui-owl-1.5-32b-instruct-lite/core200_20260905/run_01/summary.json,worker-worktrees/all-task-update-intergration-sync-20260826/runs/gui-owl-1.5-32b-instruct-lite/core200_20260905/run_01/014_l2_vscode_settings_update/result.json,7348e006ce2a72ef39e134d3c1042de35ae11148,completed,formal_run_01,true,true,true,true
GUI-Owl-1.5-32B-Instruct,a2l_media_manifest,15,worker-worktrees/all-task-update-intergration-sync-20260826/runs/gui-owl-1.5-32b-instruct-lite/core200_20260905/run_01/015_a2l_media_manifest,worker-worktrees/all-task-update-intergration-sync-20260826/runs/gui-owl-1.5-32b-instruct-lite/core200_20260905/run_01/run_metadata.json,worker-worktrees/all-task-update-intergration-sync-20260826/runs/gui-owl-1.5-32b-instruct-lite/core200_20260905/run_01/015_a2l_media_manifest/config/task.json,formal_run_01: formal runner summary; archived incomplete attempts excluded,FAIL,FAIL,recorded_automatic_result; no applicable confirmed rescoring record located,0,0,selected-attempt result.json; no new scoring or reinterpretation,50,431.33,max_steps,3,android+linux,android_0:android;android_1:android;linux_0:linux,worker-worktrees/all-task-update-intergration-sync-20260826/runs/gui-owl-1.5-32b-instruct-lite/core200_20260905/experiment_metadata.json,worker-worktrees/all-task-update-intergration-sync-20260826/runs/gui-owl-1.5-32b-instruct-lite/core200_20260905/run_01/summary.json,worker-worktrees/all-task-update-intergration-sync-20260826/runs/gui-owl-1.5-32b-instruct-lite/core200_20260905/run_01/015_a2l_media_manifest/result.json,7348e006ce2a72ef39e134d3c1042de35ae11148,completed,formal_run_01,true,true,true,true
GUI-Owl-1.5-32B-Instruct,a2_alarm_conflict_log,16,worker-worktrees/all-task-update-intergration-sync-20260826/runs/gui-owl-1.5-32b-instruct-lite/core200_20260905/run_01/016_a2_alarm_conflict_log,worker-worktrees/all-task-update-intergration-sync-20260826/runs/gui-owl-1.5-32b-instruct-lite/core200_20260905/run_01/run_metadata.json,worker-worktrees/all-task-update-intergration-sync-20260826/runs/gui-owl-1.5-32b-instruct-lite/core200_20260905/run_01/016_a2_alarm_conflict_log/config/task.json,formal_run_01: formal runner summary; archived incomplete attempts excluded,FAIL,FAIL,recorded_automatic_result; no applicable confirmed rescoring record located,0.3333333333333333,0.3333333333333333,selected-attempt result.json; no new scoring or reinterpretation,50,218.162,max_steps,2,android,android_0:android;android_1:android,worker-worktrees/all-task-update-intergration-sync-20260826/runs/gui-owl-1.5-32b-instruct-lite/core200_20260905/experiment_metadata.json,worker-worktrees/all-task-update-intergration-sync-20260826/runs/gui-owl-1.5-32b-instruct-lite/core200_20260905/run_01/summary.json,worker-worktrees/all-task-update-intergration-sync-20260826/runs/gui-owl-1.5-32b-instruct-lite/core200_20260905/run_01/016_a2_alarm_conflict_log/result.json,7348e006ce2a72ef39e134d3c1042de35ae11148,completed,formal_run_01,true,true,true,true
GUI-Owl-1.5-32B-Instruct,al_writer_from_note_gui,17,worker-worktrees/all-task-update-intergration-sync-20260826/runs/gui-owl-1.5-32b-instruct-lite/core200_20260905/run_01/017_al_writer_from_note_gui,worker-worktrees/all-task-update-intergration-sync-20260826/runs/gui-owl-1.5-32b-instruct-lite/core200_20260905/run_01/run_metadata.json,worker-worktrees/all-task-update-intergration-sync-20260826/runs/gui-owl-1.5-32b-instruct-lite/core200_20260905/run_01/017_al_writer_from_note_gui/config/task.json,formal_run_01: formal runner summary; archived incomplete attempts excluded,FAIL,FAIL,recorded_automatic_result; no applicable confirmed rescoring record located,0,0,selected-attempt result.json; no new scoring or reinterpretation,50,1130.145,max_steps,2,android+linux,android_0:android;linux_0:linux,worker-worktrees/all-task-update-intergration-sync-20260826/runs/gui-owl-1.5-32b-instruct-lite/core200_20260905/experiment_metadata.json,worker-worktrees/all-task-update-intergration-sync-20260826/runs/gui-owl-1.5-32b-instruct-lite/core200_20260905/run_01/summary.json,worker-worktrees/all-task-update-intergration-sync-20260826/runs/gui-owl-1.5-32b-instruct-lite/core200_20260905/run_01/017_al_writer_from_note_gui/result.json,7348e006ce2a72ef39e134d3c1042de35ae11148,completed,formal_run_01,true,true,true,true
GUI-Owl-1.5-32B-Instruct,al_playlist_from_csv,18,worker-worktrees/all-task-update-intergration-sync-20260826/runs/gui-owl-1.5-32b-instruct-lite/core200_20260905/run_01/018_al_playlist_from_csv,worker-worktrees/all-task-update-intergration-sync-20260826/runs/gui-owl-1.5-32b-instruct-lite/core200_20260905/run_01/run_metadata.json,worker-worktrees/all-task-update-intergration-sync-20260826/runs/gui-owl-1.5-32b-instruct-lite/core200_20260905/run_01/018_al_playlist_from_csv/config/task.json,formal_run_01: formal runner summary; archived incomplete attempts excluded,FAIL,FAIL,recorded_automatic_result; no applicable confirmed rescoring record located,0,0,selected-attempt result.json; no new scoring or reinterpretation,50,348.267,max_steps,2,android+linux,android_0:android;linux_0:linux,worker-worktrees/all-task-update-intergration-sync-20260826/runs/gui-owl-1.5-32b-instruct-lite/core200_20260905/experiment_metadata.json,worker-worktrees/all-task-update-intergration-sync-20260826/runs/gui-owl-1.5-32b-instruct-lite/core200_20260905/run_01/summary.json,worker-worktrees/all-task-update-intergration-sync-20260826/runs/gui-owl-1.5-32b-instruct-lite/core200_20260905/run_01/018_al_playlist_from_csv/result.json,7348e006ce2a72ef39e134d3c1042de35ae11148,completed,formal_run_01,true,true,true,true
GUI-Owl-1.5-32B-Instruct,a2l2_vscode_web_music_final_gate,19,worker-worktrees/all-task-update-intergration-sync-20260826/runs/gui-owl-1.5-32b-instruct-lite/core200_20260905/run_01/019_a2l2_vscode_web_music_final_gate,worker-worktrees/all-task-update-intergration-sync-20260826/runs/gui-owl-1.5-32b-instruct-lite/core200_20260905/run_01/run_metadata.json,worker-worktrees/all-task-update-intergration-sync-20260826/runs/gui-owl-1.5-32b-instruct-lite/core200_20260905/run_01/019_a2l2_vscode_web_music_final_gate/config/task.json,formal_run_01: formal runner summary; archived incomplete attempts excluded,FAIL,FAIL,recorded_automatic_result; no applicable confirmed rescoring record located,0,0,selected-attempt result.json; no new scoring or reinterpretation,50,556.056,max_steps,4,android+linux,android_0:android;android_1:android;linux_0:linux;linux_1:linux,worker-worktrees/all-task-update-intergration-sync-20260826/runs/gui-owl-1.5-32b-instruct-lite/core200_20260905/experiment_metadata.json,worker-worktrees/all-task-update-intergration-sync-20260826/runs/gui-owl-1.5-32b-instruct-lite/core200_20260905/run_01/summary.json,worker-worktrees/all-task-update-intergration-sync-20260826/runs/gui-owl-1.5-32b-instruct-lite/core200_20260905/run_01/019_a2l2_vscode_web_music_final_gate/result.json,7348e006ce2a72ef39e134d3c1042de35ae11148,completed,formal_run_01,true,true,true,true
GUI-Owl-1.5-32B-Instruct,al2_mail_calc_alarm_sync,20,worker-worktrees/all-task-update-intergration-sync-20260826/runs/gui-owl-1.5-32b-instruct-lite/core200_20260905/run_01/020_al2_mail_calc_alarm_sync,worker-worktrees/all-task-update-intergration-sync-20260826/runs/gui-owl-1.5-32b-instruct-lite/core200_20260905/run_01/run_metadata.json,worker-worktrees/all-task-update-intergration-sync-20260826/runs/gui-owl-1.5-32b-instruct-lite/core200_20260905/run_01/020_al2_mail_calc_alarm_sync/config/task.json,formal_run_01: formal runner summary; archived incomplete attempts excluded,FAIL,FAIL,recorded_automatic_result; no applicable confirmed rescoring record located,0.3333333333333333,0.3333333333333333,selected-attempt result.json; no new scoring or reinterpretation,50,448.235,max_steps,3,android+linux,android_0:android;linux_0:linux;linux_1:linux,worker-worktrees/all-task-update-intergration-sync-20260826/runs/gui-owl-1.5-32b-instruct-lite/core200_20260905/experiment_metadata.json,worker-worktrees/all-task-update-intergration-sync-20260826/runs/gui-owl-1.5-32b-instruct-lite/core200_20260905/run_01/summary.json,worker-worktrees/all-task-update-intergration-sync-20260826/runs/gui-owl-1.5-32b-instruct-lite/core200_20260905/run_01/020_al2_mail_calc_alarm_sync/result.json,7348e006ce2a72ef39e134d3c1042de35ae11148,completed,formal_run_01,true,true,true,true
GUI-Owl-1.5-32B-Instruct,al_map_audio_packet,21,worker-worktrees/all-task-update-intergration-sync-20260826/runs/gui-owl-1.5-32b-instruct-lite/core200_20260905/run_01/021_al_map_audio_packet,worker-worktrees/all-task-update-intergration-sync-20260826/runs/gui-owl-1.5-32b-instruct-lite/core200_20260905/run_01/run_metadata.json,worker-worktrees/all-task-update-intergration-sync-20260826/runs/gui-owl-1.5-32b-instruct-lite/core200_20260905/run_01/021_al_map_audio_packet/config/task.json,formal_run_01: formal runner summary; archived incomplete attempts excluded,FAIL,FAIL,recorded_automatic_result; no applicable confirmed rescoring record located,0,0,selected-attempt result.json; no new scoring or reinterpretation,50,449.142,max_steps,2,android+linux,android_0:android;linux_0:linux,worker-worktrees/all-task-update-intergration-sync-20260826/runs/gui-owl-1.5-32b-instruct-lite/core200_20260905/experiment_metadata.json,worker-worktrees/all-task-update-intergration-sync-20260826/runs/gui-owl-1.5-32b-instruct-lite/core200_20260905/run_01/summary.json,worker-worktrees/all-task-update-intergration-sync-20260826/runs/gui-owl-1.5-32b-instruct-lite/core200_20260905/run_01/021_al_map_audio_packet/result.json,7348e006ce2a72ef39e134d3c1042de35ae11148,completed,formal_run_01,true,true,true,true
GUI-Owl-1.5-32B-Instruct,a2l_audio_thunderbird_draft,22,worker-worktrees/all-task-update-intergration-sync-20260826/runs/gui-owl-1.5-32b-instruct-lite/core200_20260905/run_01/022_a2l_audio_thunderbird_draft,worker-worktrees/all-task-update-intergration-sync-20260826/runs/gui-owl-1.5-32b-instruct-lite/core200_20260905/run_01/run_metadata.json,worker-worktrees/all-task-update-intergration-sync-20260826/runs/gui-owl-1.5-32b-instruct-lite/core200_20260905/run_01/022_a2l_audio_thunderbird_draft/config/task.json,formal_run_01: formal runner summary; archived incomplete attempts excluded,FAIL,FAIL,recorded_automatic_result; no applicable confirmed rescoring record located,0,0,selected-attempt result.json; no new scoring or reinterpretation,50,452.732,max_steps,3,android+linux,android_0:android;android_1:android;linux_0:linux,worker-worktrees/all-task-update-intergration-sync-20260826/runs/gui-owl-1.5-32b-instruct-lite/core200_20260905/experiment_metadata.json,worker-worktrees/all-task-update-intergration-sync-20260826/runs/gui-owl-1.5-32b-instruct-lite/core200_20260905/run_01/summary.json,worker-worktrees/all-task-update-intergration-sync-20260826/runs/gui-owl-1.5-32b-instruct-lite/core200_20260905/run_01/022_a2l_audio_thunderbird_draft/result.json,7348e006ce2a72ef39e134d3c1042de35ae11148,completed,formal_run_01,true,true,true,true
GUI-Owl-1.5-32B-Instruct,al_camera_web_upload_form,23,worker-worktrees/all-task-update-intergration-sync-20260826/runs/gui-owl-1.5-32b-instruct-lite/core200_20260905/run_01/023_al_camera_web_upload_form,worker-worktrees/all-task-update-intergration-sync-20260826/runs/gui-owl-1.5-32b-instruct-lite/core200_20260905/run_01/run_metadata.json,worker-worktrees/all-task-update-intergration-sync-20260826/runs/gui-owl-1.5-32b-instruct-lite/core200_20260905/run_01/023_al_camera_web_upload_form/config/task.json,formal_run_01: formal runner summary; archived incomplete attempts excluded,FAIL,FAIL,recorded_automatic_result; no applicable confirmed rescoring record located,0,0,selected-attempt result.json; no new scoring or reinterpretation,50,609.951,max_steps,2,android+linux,android_0:android;linux_0:linux,worker-worktrees/all-task-update-intergration-sync-20260826/runs/gui-owl-1.5-32b-instruct-lite/core200_20260905/experiment_metadata.json,worker-worktrees/all-task-update-intergration-sync-20260826/runs/gui-owl-1.5-32b-instruct-lite/core200_20260905/run_01/summary.json,worker-worktrees/all-task-update-intergration-sync-20260826/runs/gui-owl-1.5-32b-instruct-lite/core200_20260905/run_01/023_al_camera_web_upload_form/result.json,7348e006ce2a72ef39e134d3c1042de35ae11148,completed,formal_run_01,true,true,true,true
GUI-Owl-1.5-32B-Instruct,a2l_osmand_calc_visit,24,worker-worktrees/all-task-update-intergration-sync-20260826/runs/gui-owl-1.5-32b-instruct-lite/core200_20260905/run_01/024_a2l_osmand_calc_visit,worker-worktrees/all-task-update-intergration-sync-20260826/runs/gui-owl-1.5-32b-instruct-lite/core200_20260905/run_01/run_metadata.json,worker-worktrees/all-task-update-intergration-sync-20260826/runs/gui-owl-1.5-32b-instruct-lite/core200_20260905/run_01/024_a2l_osmand_calc_visit/config/task.json,formal_run_01: formal runner summary; archived incomplete attempts excluded,FAIL,FAIL,recorded_automatic_result; no applicable confirmed rescoring record located,0,0,selected-attempt result.json; no new scoring or reinterpretation,50,728.914,max_steps,3,android+linux,android_0:android;android_1:android;linux_0:linux,worker-worktrees/all-task-update-intergration-sync-20260826/runs/gui-owl-1.5-32b-instruct-lite/core200_20260905/experiment_metadata.json,worker-worktrees/all-task-update-intergration-sync-20260826/runs/gui-owl-1.5-32b-instruct-lite/core200_20260905/run_01/summary.json,worker-worktrees/all-task-update-intergration-sync-20260826/runs/gui-owl-1.5-32b-instruct-lite/core200_20260905/run_01/024_a2l_osmand_calc_visit/result.json,7348e006ce2a72ef39e134d3c1042de35ae11148,completed,formal_run_01,true,true,true,true
GUI-Owl-1.5-32B-Instruct,a2_gallery_cleanup_log,25,worker-worktrees/all-task-update-intergration-sync-20260826/runs/gui-owl-1.5-32b-instruct-lite/core200_20260905/run_01/025_a2_gallery_cleanup_log,worker-worktrees/all-task-update-intergration-sync-20260826/runs/gui-owl-1.5-32b-instruct-lite/core200_20260905/run_01/run_metadata.json,worker-worktrees/all-task-update-intergration-sync-20260826/runs/gui-owl-1.5-32b-instruct-lite/core200_20260905/run_01/025_a2_gallery_cleanup_log/config/task.json,formal_run_01: formal runner summary; archived incomplete attempts excluded,FAIL,FAIL,recorded_automatic_result; no applicable confirmed rescoring record located,0,0,selected-attempt result.json; no new scoring or reinterpretation,50,390.318,max_steps,2,android,android_0:android;android_1:android,worker-worktrees/all-task-update-intergration-sync-20260826/runs/gui-owl-1.5-32b-instruct-lite/core200_20260905/experiment_metadata.json,worker-worktrees/all-task-update-intergration-sync-20260826/runs/gui-owl-1.5-32b-instruct-lite/core200_20260905/run_01/summary.json,worker-worktrees/all-task-update-intergration-sync-20260826/runs/gui-owl-1.5-32b-instruct-lite/core200_20260905/run_01/025_a2_gallery_cleanup_log/result.json,7348e006ce2a72ef39e134d3c1042de35ae11148,completed,formal_run_01,true,true,true,true
GUI-Owl-1.5-32B-Instruct,l2_mail_rule_foldering,26,worker-worktrees/all-task-update-intergration-sync-20260826/runs/gui-owl-1.5-32b-instruct-lite/core200_20260905/run_01/026_l2_mail_rule_foldering,worker-worktrees/all-task-update-intergration-sync-20260826/runs/gui-owl-1.5-32b-instruct-lite/core200_20260905/run_01/run_metadata.json,worker-worktrees/all-task-update-intergration-sync-20260826/runs/gui-owl-1.5-32b-instruct-lite/core200_20260905/run_01/026_l2_mail_rule_foldering/config/task.json,formal_run_01: formal runner summary; archived incomplete attempts excluded,FAIL,FAIL,recorded_automatic_result; no applicable confirmed rescoring record located,0,0,selected-attempt result.json; no new scoring or reinterpretation,50,239.705,max_steps,2,linux,linux_0:linux;linux_1:linux,worker-worktrees/all-task-update-intergration-sync-20260826/runs/gui-owl-1.5-32b-instruct-lite/core200_20260905/experiment_metadata.json,worker-worktrees/all-task-update-intergration-sync-20260826/runs/gui-owl-1.5-32b-instruct-lite/core200_20260905/run_01/summary.json,worker-worktrees/all-task-update-intergration-sync-20260826/runs/gui-owl-1.5-32b-instruct-lite/core200_20260905/run_01/026_l2_mail_rule_foldering/result.json,7348e006ce2a72ef39e134d3c1042de35ae11148,completed,formal_run_01,true,true,true,true
GUI-Owl-1.5-32B-Instruct,a2l2_training_media_deck_email,27,worker-worktrees/all-task-update-intergration-sync-20260826/runs/gui-owl-1.5-32b-instruct-lite/core200_20260905/run_01/027_a2l2_training_media_deck_email,worker-worktrees/all-task-update-intergration-sync-20260826/runs/gui-owl-1.5-32b-instruct-lite/core200_20260905/run_01/run_metadata.json,worker-worktrees/all-task-update-intergration-sync-20260826/runs/gui-owl-1.5-32b-instruct-lite/core200_20260905/run_01/027_a2l2_training_media_deck_email/config/task.json,formal_run_01: formal runner summary; archived incomplete attempts excluded,FAIL,FAIL,recorded_automatic_result; no applicable confirmed rescoring record located,0,0,selected-attempt result.json; no new scoring or reinterpretation,50,798.321,max_steps,4,android+linux,android_0:android;android_1:android;linux_0:linux;linux_1:linux,worker-worktrees/all-task-update-intergration-sync-20260826/runs/gui-owl-1.5-32b-instruct-lite/core200_20260905/experiment_metadata.json,worker-worktrees/all-task-update-intergration-sync-20260826/runs/gui-owl-1.5-32b-instruct-lite/core200_20260905/run_01/summary.json,worker-worktrees/all-task-update-intergration-sync-20260826/runs/gui-owl-1.5-32b-instruct-lite/core200_20260905/run_01/027_a2l2_training_media_deck_email/result.json,7348e006ce2a72ef39e134d3c1042de35ae11148,completed,formal_run_01,true,true,true,true
GUI-Owl-1.5-32B-Instruct,a2l_browser_dual_phone_code,28,worker-worktrees/all-task-update-intergration-sync-20260826/runs/gui-owl-1.5-32b-instruct-lite/core200_20260905/run_01/028_a2l_browser_dual_phone_code,worker-worktrees/all-task-update-intergration-sync-20260826/runs/gui-owl-1.5-32b-instruct-lite/core200_20260905/run_01/run_metadata.json,worker-worktrees/all-task-update-intergration-sync-20260826/runs/gui-owl-1.5-32b-instruct-lite/core200_20260905/run_01/028_a2l_browser_dual_phone_code/config/task.json,formal_run_01: formal runner summary; archived incomplete attempts excluded,FAIL,FAIL,recorded_automatic_result; no applicable confirmed rescoring record located,0,0,selected-attempt result.json; no new scoring or reinterpretation,50,508.391,max_steps,3,android+linux,android_0:android;android_1:android;linux_0:linux,worker-worktrees/all-task-update-intergration-sync-20260826/runs/gui-owl-1.5-32b-instruct-lite/core200_20260905/experiment_metadata.json,worker-worktrees/all-task-update-intergration-sync-20260826/runs/gui-owl-1.5-32b-instruct-lite/core200_20260905/run_01/summary.json,worker-worktrees/all-task-update-intergration-sync-20260826/runs/gui-owl-1.5-32b-instruct-lite/core200_20260905/run_01/028_a2l_browser_dual_phone_code/result.json,7348e006ce2a72ef39e134d3c1042de35ae11148,completed,formal_run_01,true,true,true,true
GUI-Owl-1.5-32B-Instruct,al_sms_web_download_statement,29,worker-worktrees/all-task-update-intergration-sync-20260826/runs/gui-owl-1.5-32b-instruct-lite/core200_20260905/run_01/029_al_sms_web_download_statement,worker-worktrees/all-task-update-intergration-sync-20260826/runs/gui-owl-1.5-32b-instruct-lite/core200_20260905/run_01/run_metadata.json,worker-worktrees/all-task-update-intergration-sync-20260826/runs/gui-owl-1.5-32b-instruct-lite/core200_20260905/run_01/029_al_sms_web_download_statement/config/task.json,formal_run_01: formal runner summary; archived incomplete attempts excluded,FAIL,FAIL,recorded_automatic_result; no applicable confirmed rescoring record located,0,0,selected-attempt result.json; no new scoring or reinterpretation,50,1432.197,max_steps,2,android+linux,android_0:android;linux_0:linux,worker-worktrees/all-task-update-intergration-sync-20260826/runs/gui-owl-1.5-32b-instruct-lite/core200_20260905/experiment_metadata.json,worker-worktrees/all-task-update-intergration-sync-20260826/runs/gui-owl-1.5-32b-instruct-lite/core200_20260905/run_01/summary.json,worker-worktrees/all-task-update-intergration-sync-20260826/runs/gui-owl-1.5-32b-instruct-lite/core200_20260905/run_01/029_al_sms_web_download_statement/result.json,7348e006ce2a72ef39e134d3c1042de35ae11148,completed,formal_run_01,true,true,true,true
GUI-Owl-1.5-32B-Instruct,a2_gallery_album_to_tasks,30,worker-worktrees/all-task-update-intergration-sync-20260826/runs/gui-owl-1.5-32b-instruct-lite/core200_20260905/run_01/030_a2_gallery_album_to_tasks,worker-worktrees/all-task-update-intergration-sync-20260826/runs/gui-owl-1.5-32b-instruct-lite/core200_20260905/run_01/run_metadata.json,worker-worktrees/all-task-update-intergration-sync-20260826/runs/gui-owl-1.5-32b-instruct-lite/core200_20260905/run_01/030_a2_gallery_album_to_tasks/config/task.json,formal_run_01: formal runner summary; archived incomplete attempts excluded,FAIL,FAIL,recorded_automatic_result; no applicable confirmed rescoring record located,0,0,selected-attempt result.json; no new scoring or reinterpretation,50,353.237,max_steps,2,android,android_0:android;android_1:android,worker-worktrees/all-task-update-intergration-sync-20260826/runs/gui-owl-1.5-32b-instruct-lite/core200_20260905/experiment_metadata.json,worker-worktrees/all-task-update-intergration-sync-20260826/runs/gui-owl-1.5-32b-instruct-lite/core200_20260905/run_01/summary.json,worker-worktrees/all-task-update-intergration-sync-20260826/runs/gui-owl-1.5-32b-instruct-lite/core200_20260905/run_01/030_a2_gallery_album_to_tasks/result.json,7348e006ce2a72ef39e134d3c1042de35ae11148,completed,formal_run_01,true,true,true,true
GUI-Owl-1.5-32B-Instruct,linux_android_904,31,worker-worktrees/all-task-update-intergration-sync-20260826/runs/gui-owl-1.5-32b-instruct-lite/core200_20260905/run_01/031_linux_android_904,worker-worktrees/all-task-update-intergration-sync-20260826/runs/gui-owl-1.5-32b-instruct-lite/core200_20260905/run_01/run_metadata.json,worker-worktrees/all-task-update-intergration-sync-20260826/runs/gui-owl-1.5-32b-instruct-lite/core200_20260905/run_01/031_linux_android_904/config/task.json,formal_run_01: formal runner summary; archived incomplete attempts excluded,FAIL,FAIL,recorded_automatic_result; no applicable confirmed rescoring record located,0,0,selected-attempt result.json; no new scoring or reinterpretation,50,559.809,max_steps,4,android+linux,android_0:android;android_1:android;linux_0:linux;linux_1:linux,worker-worktrees/all-task-update-intergration-sync-20260826/runs/gui-owl-1.5-32b-instruct-lite/core200_20260905/experiment_metadata.json,worker-worktrees/all-task-update-intergration-sync-20260826/runs/gui-owl-1.5-32b-instruct-lite/core200_20260905/run_01/summary.json,worker-worktrees/all-task-update-intergration-sync-20260826/runs/gui-owl-1.5-32b-instruct-lite/core200_20260905/run_01/031_linux_android_904/result.json,7348e006ce2a72ef39e134d3c1042de35ae11148,completed,formal_run_01,true,true,true,true
GUI-Owl-1.5-32B-Instruct,linux_android_1040,32,worker-worktrees/all-task-update-intergration-sync-20260826/runs/gui-owl-1.5-32b-instruct-lite/core200_20260905/run_01/032_linux_android_1040,worker-worktrees/all-task-update-intergration-sync-20260826/runs/gui-owl-1.5-32b-instruct-lite/core200_20260905/run_01/run_metadata.json,worker-worktrees/all-task-update-intergration-sync-20260826/runs/gui-owl-1.5-32b-instruct-lite/core200_20260905/run_01/032_linux_android_1040/config/task.json,formal_run_01: formal runner summary; archived incomplete attempts excluded,FAIL,FAIL,recorded_automatic_result; no applicable confirmed rescoring record located,0,0,selected-attempt result.json; no new scoring or reinterpretation,50,532.402,max_steps,3,android+linux,android_0:android;android_1:android;linux_0:linux,worker-worktrees/all-task-update-intergration-sync-20260826/runs/gui-owl-1.5-32b-instruct-lite/core200_20260905/experiment_metadata.json,worker-worktrees/all-task-update-intergration-sync-20260826/runs/gui-owl-1.5-32b-instruct-lite/core200_20260905/run_01/summary.json,worker-worktrees/all-task-update-intergration-sync-20260826/runs/gui-owl-1.5-32b-instruct-lite/core200_20260905/run_01/032_linux_android_1040/result.json,7348e006ce2a72ef39e134d3c1042de35ae11148,completed,formal_run_01,true,true,true,true
GUI-Owl-1.5-32B-Instruct,linux_android_1313,33,worker-worktrees/all-task-update-intergration-sync-20260826/runs/gui-owl-1.5-32b-instruct-lite/core200_20260905/run_01/033_linux_android_1313,worker-worktrees/all-task-update-intergration-sync-20260826/runs/gui-owl-1.5-32b-instruct-lite/core200_20260905/run_01/run_metadata.json,worker-worktrees/all-task-update-intergration-sync-20260826/runs/gui-owl-1.5-32b-instruct-lite/core200_20260905/run_01/033_linux_android_1313/config/task.json,formal_run_01: formal runner summary; archived incomplete attempts excluded,FAIL,FAIL,recorded_automatic_result; no applicable confirmed rescoring record located,0,0,selected-attempt result.json; no new scoring or reinterpretation,50,439.496,max_steps,4,android+linux,linux_0:linux;linux_1:linux;android_0:android;android_1:android,worker-worktrees/all-task-update-intergration-sync-20260826/runs/gui-owl-1.5-32b-instruct-lite/core200_20260905/experiment_metadata.json,worker-worktrees/all-task-update-intergration-sync-20260826/runs/gui-owl-1.5-32b-instruct-lite/core200_20260905/run_01/summary.json,worker-worktrees/all-task-update-intergration-sync-20260826/runs/gui-owl-1.5-32b-instruct-lite/core200_20260905/run_01/033_linux_android_1313/result.json,7348e006ce2a72ef39e134d3c1042de35ae11148,completed,formal_run_01,true,true,true,true
GUI-Owl-1.5-32B-Instruct,linux_android_1798,34,worker-worktrees/all-task-update-intergration-sync-20260826/runs/gui-owl-1.5-32b-instruct-lite/core200_20260905/run_01/034_linux_android_1798,worker-worktrees/all-task-update-intergration-sync-20260826/runs/gui-owl-1.5-32b-instruct-lite/core200_20260905/run_01/run_metadata.json,worker-worktrees/all-task-update-intergration-sync-20260826/runs/gui-owl-1.5-32b-instruct-lite/core200_20260905/run_01/034_linux_android_1798/config/task.json,formal_run_01: formal runner summary; archived incomplete attempts excluded,FAIL,FAIL,recorded_automatic_result; no applicable confirmed rescoring record located,0,0,selected-attempt result.json; no new scoring or reinterpretation,50,669.085,max_steps,3,android+linux,android_0:android;linux_0:linux;linux_1:linux,worker-worktrees/all-task-update-intergration-sync-20260826/runs/gui-owl-1.5-32b-instruct-lite/core200_20260905/experiment_metadata.json,worker-worktrees/all-task-update-intergration-sync-20260826/runs/gui-owl-1.5-32b-instruct-lite/core200_20260905/run_01/summary.json,worker-worktrees/all-task-update-intergration-sync-20260826/runs/gui-owl-1.5-32b-instruct-lite/core200_20260905/run_01/034_linux_android_1798/result.json,7348e006ce2a72ef39e134d3c1042de35ae11148,completed,formal_run_01,true,true,true,true
GUI-Owl-1.5-32B-Instruct,linux_android_1368,35,worker-worktrees/all-task-update-intergration-sync-20260826/runs/gui-owl-1.5-32b-instruct-lite/core200_20260905/run_01/035_linux_android_1368,worker-worktrees/all-task-update-intergration-sync-20260826/runs/gui-owl-1.5-32b-instruct-lite/core200_20260905/run_01/run_metadata.json,worker-worktrees/all-task-update-intergration-sync-20260826/runs/gui-owl-1.5-32b-instruct-lite/core200_20260905/run_01/035_linux_android_1368/config/task.json,formal_run_01: formal runner summary; archived incomplete attempts excluded,FAIL,FAIL,recorded_automatic_result; no applicable confirmed rescoring record located,0,0,selected-attempt result.json; no new scoring or reinterpretation,50,425.511,max_steps,3,android+linux,linux_0:linux;android_0:android;android_1:android,worker-worktrees/all-task-update-intergration-sync-20260826/runs/gui-owl-1.5-32b-instruct-lite/core200_20260905/experiment_metadata.json,worker-worktrees/all-task-update-intergration-sync-20260826/runs/gui-owl-1.5-32b-instruct-lite/core200_20260905/run_01/summary.json,worker-worktrees/all-task-update-intergration-sync-20260826/runs/gui-owl-1.5-32b-instruct-lite/core200_20260905/run_01/035_linux_android_1368/result.json,7348e006ce2a72ef39e134d3c1042de35ae11148,completed,formal_run_01,true,true,true,true
GUI-Owl-1.5-32B-Instruct,linux_android_1078,36,worker-worktrees/all-task-update-intergration-sync-20260826/runs/gui-owl-1.5-32b-instruct-lite/core200_20260905/run_01/036_linux_android_1078,worker-worktrees/all-task-update-intergration-sync-20260826/runs/gui-owl-1.5-32b-instruct-lite/core200_20260905/run_01/run_metadata.json,worker-worktrees/all-task-update-intergration-sync-20260826/runs/gui-owl-1.5-32b-instruct-lite/core200_20260905/run_01/036_linux_android_1078/config/task.json,formal_run_01: formal runner summary; archived incomplete attempts excluded,FAIL,FAIL,recorded_automatic_result; no applicable confirmed rescoring record located,0.5,0.5,selected-attempt result.json; no new scoring or reinterpretation,50,383.368,max_steps,2,android+linux,android_0:android;linux_0:linux,worker-worktrees/all-task-update-intergration-sync-20260826/runs/gui-owl-1.5-32b-instruct-lite/core200_20260905/experiment_metadata.json,worker-worktrees/all-task-update-intergration-sync-20260826/runs/gui-owl-1.5-32b-instruct-lite/core200_20260905/run_01/summary.json,worker-worktrees/all-task-update-intergration-sync-20260826/runs/gui-owl-1.5-32b-instruct-lite/core200_20260905/run_01/036_linux_android_1078/result.json,7348e006ce2a72ef39e134d3c1042de35ae11148,completed,formal_run_01,true,true,true,true
GUI-Owl-1.5-32B-Instruct,linux_android_1255,37,worker-worktrees/all-task-update-intergration-sync-20260826/runs/gui-owl-1.5-32b-instruct-lite/core200_20260905/run_01/037_linux_android_1255,worker-worktrees/all-task-update-intergration-sync-20260826/runs/gui-owl-1.5-32b-instruct-lite/core200_20260905/run_01/run_metadata.json,worker-worktrees/all-task-update-intergration-sync-20260826/runs/gui-owl-1.5-32b-instruct-lite/core200_20260905/run_01/037_linux_android_1255/config/task.json,formal_run_01: formal runner summary; archived incomplete attempts excluded,FAIL,FAIL,recorded_automatic_result; no applicable confirmed rescoring record located,0.3333333333333333,0.3333333333333333,selected-attempt result.json; no new scoring or reinterpretation,50,314.631,max_steps,2,android+linux,linux_0:linux;android_0:android,worker-worktrees/all-task-update-intergration-sync-20260826/runs/gui-owl-1.5-32b-instruct-lite/core200_20260905/experiment_metadata.json,worker-worktrees/all-task-update-intergration-sync-20260826/runs/gui-owl-1.5-32b-instruct-lite/core200_20260905/run_01/summary.json,worker-worktrees/all-task-update-intergration-sync-20260826/runs/gui-owl-1.5-32b-instruct-lite/core200_20260905/run_01/037_linux_android_1255/result.json,7348e006ce2a72ef39e134d3c1042de35ae11148,completed,formal_run_01,true,true,true,true
GUI-Owl-1.5-32B-Instruct,linux_android_1241,38,worker-worktrees/all-task-update-intergration-sync-20260826/runs/gui-owl-1.5-32b-instruct-lite/core200_20260905/run_01/038_linux_android_1241,worker-worktrees/all-task-update-intergration-sync-20260826/runs/gui-owl-1.5-32b-instruct-lite/core200_20260905/run_01/run_metadata.json,worker-worktrees/all-task-update-intergration-sync-20260826/runs/gui-owl-1.5-32b-instruct-lite/core200_20260905/run_01/038_linux_android_1241/config/task.json,formal_run_01: formal runner summary; archived incomplete attempts excluded,FAIL,FAIL,recorded_automatic_result; no applicable confirmed rescoring record located,0.2,0.2,selected-attempt result.json; no new scoring or reinterpretation,50,1833.346,max_steps,3,android+linux,linux_0:linux;linux_1:linux;android_0:android,worker-worktrees/all-task-update-intergration-sync-20260826/runs/gui-owl-1.5-32b-instruct-lite/core200_20260905/experiment_metadata.json,worker-worktrees/all-task-update-intergration-sync-20260826/runs/gui-owl-1.5-32b-instruct-lite/core200_20260905/run_01/summary.json,worker-worktrees/all-task-update-intergration-sync-20260826/runs/gui-owl-1.5-32b-instruct-lite/core200_20260905/run_01/038_linux_android_1241/result.json,7348e006ce2a72ef39e134d3c1042de35ae11148,completed,formal_run_01,true,true,true,true
GUI-Owl-1.5-32B-Instruct,linux_android_1357,39,worker-worktrees/all-task-update-intergration-sync-20260826/runs/gui-owl-1.5-32b-instruct-lite/core200_20260905/run_01/039_linux_android_1357,worker-worktrees/all-task-update-intergration-sync-20260826/runs/gui-owl-1.5-32b-instruct-lite/core200_20260905/run_01/run_metadata.json,worker-worktrees/all-task-update-intergration-sync-20260826/runs/gui-owl-1.5-32b-instruct-lite/core200_20260905/run_01/039_linux_android_1357/config/task.json,formal_run_01: formal runner summary; archived incomplete attempts excluded,FAIL,FAIL,recorded_automatic_result; no applicable confirmed rescoring record located,0,0,selected-attempt result.json; no new scoring or reinterpretation,50,366.005,max_steps,3,android+linux,linux_0:linux;android_0:android;android_1:android,worker-worktrees/all-task-update-intergration-sync-20260826/runs/gui-owl-1.5-32b-instruct-lite/core200_20260905/experiment_metadata.json,worker-worktrees/all-task-update-intergration-sync-20260826/runs/gui-owl-1.5-32b-instruct-lite/core200_20260905/run_01/summary.json,worker-worktrees/all-task-update-intergration-sync-20260826/runs/gui-owl-1.5-32b-instruct-lite/core200_20260905/run_01/039_linux_android_1357/result.json,7348e006ce2a72ef39e134d3c1042de35ae11148,completed,formal_run_01,true,true,true,true
GUI-Owl-1.5-32B-Instruct,linux_android_1831,40,worker-worktrees/all-task-update-intergration-sync-20260826/runs/gui-owl-1.5-32b-instruct-lite/core200_20260905/run_01/040_linux_android_1831,worker-worktrees/all-task-update-intergration-sync-20260826/runs/gui-owl-1.5-32b-instruct-lite/core200_20260905/run_01/run_metadata.json,worker-worktrees/all-task-update-intergration-sync-20260826/runs/gui-owl-1.5-32b-instruct-lite/core200_20260905/run_01/040_linux_android_1831/config/task.json,formal_run_01: formal runner summary; archived incomplete attempts excluded,FAIL,FAIL,recorded_automatic_result; no applicable confirmed rescoring record located,0,0,selected-attempt result.json; no new scoring or reinterpretation,50,458.762,max_steps,2,android+linux,android_0:android;linux_0:linux,worker-worktrees/all-task-update-intergration-sync-20260826/runs/gui-owl-1.5-32b-instruct-lite/core200_20260905/experiment_metadata.json,worker-worktrees/all-task-update-intergration-sync-20260826/runs/gui-owl-1.5-32b-instruct-lite/core200_20260905/run_01/summary.json,worker-worktrees/all-task-update-intergration-sync-20260826/runs/gui-owl-1.5-32b-instruct-lite/core200_20260905/run_01/040_linux_android_1831/result.json,7348e006ce2a72ef39e134d3c1042de35ae11148,completed,formal_run_01,true,true,true,true
GUI-Owl-1.5-32B-Instruct,linux_android_1324,41,worker-worktrees/all-task-update-intergration-sync-20260826/runs/gui-owl-1.5-32b-instruct-lite/core200_20260905/run_01/041_linux_android_1324,worker-worktrees/all-task-update-intergration-sync-20260826/runs/gui-owl-1.5-32b-instruct-lite/core200_20260905/run_01/run_metadata.json,worker-worktrees/all-task-update-intergration-sync-20260826/runs/gui-owl-1.5-32b-instruct-lite/core200_20260905/run_01/041_linux_android_1324/config/task.json,formal_run_01: formal runner summary; archived incomplete attempts excluded,FAIL,FAIL,recorded_automatic_result; no applicable confirmed rescoring record located,0.3333333333333333,0.3333333333333333,selected-attempt result.json; no new scoring or reinterpretation,50,532.955,max_steps,3,android+linux,linux_0:linux;android_0:android;android_1:android,worker-worktrees/all-task-update-intergration-sync-20260826/runs/gui-owl-1.5-32b-instruct-lite/core200_20260905/experiment_metadata.json,worker-worktrees/all-task-update-intergration-sync-20260826/runs/gui-owl-1.5-32b-instruct-lite/core200_20260905/run_01/summary.json,worker-worktrees/all-task-update-intergration-sync-20260826/runs/gui-owl-1.5-32b-instruct-lite/core200_20260905/run_01/041_linux_android_1324/result.json,7348e006ce2a72ef39e134d3c1042de35ae11148,completed,formal_run_01,true,true,true,true
GUI-Owl-1.5-32B-Instruct,linux_android_1215,42,worker-worktrees/all-task-update-intergration-sync-20260826/runs/gui-owl-1.5-32b-instruct-lite/core200_20260905/run_01/042_linux_android_1215,worker-worktrees/all-task-update-intergration-sync-20260826/runs/gui-owl-1.5-32b-instruct-lite/core200_20260905/run_01/run_metadata.json,worker-worktrees/all-task-update-intergration-sync-20260826/runs/gui-owl-1.5-32b-instruct-lite/core200_20260905/run_01/042_linux_android_1215/config/task.json,formal_run_01: formal runner summary; archived incomplete attempts excluded,FAIL,FAIL,recorded_automatic_result; no applicable confirmed rescoring record located,0,0,selected-attempt result.json; no new scoring or reinterpretation,50,408.091,max_steps,3,android+linux,linux_0:linux;android_0:android;android_1:android,worker-worktrees/all-task-update-intergration-sync-20260826/runs/gui-owl-1.5-32b-instruct-lite/core200_20260905/experiment_metadata.json,worker-worktrees/all-task-update-intergration-sync-20260826/runs/gui-owl-1.5-32b-instruct-lite/core200_20260905/run_01/summary.json,worker-worktrees/all-task-update-intergration-sync-20260826/runs/gui-owl-1.5-32b-instruct-lite/core200_20260905/run_01/042_linux_android_1215/result.json,7348e006ce2a72ef39e134d3c1042de35ae11148,completed,formal_run_01,true,true,true,true
GUI-Owl-1.5-32B-Instruct,linux_android_1320,43,worker-worktrees/all-task-update-intergration-sync-20260826/runs/gui-owl-1.5-32b-instruct-lite/core200_20260905/run_01/043_linux_android_1320,worker-worktrees/all-task-update-intergration-sync-20260826/runs/gui-owl-1.5-32b-instruct-lite/core200_20260905/run_01/run_metadata.json,worker-worktrees/all-task-update-intergration-sync-20260826/runs/gui-owl-1.5-32b-instruct-lite/core200_20260905/run_01/043_linux_android_1320/config/task.json,formal_run_01: formal runner summary; archived incomplete attempts excluded,FAIL,FAIL,recorded_automatic_result; no applicable confirmed rescoring record located,0.5,0.5,selected-attempt result.json; no new scoring or reinterpretation,4,222.545,done,4,android+linux,linux_0:linux;linux_1:linux;android_0:android;android_1:android,worker-worktrees/all-task-update-intergration-sync-20260826/runs/gui-owl-1.5-32b-instruct-lite/core200_20260905/experiment_metadata.json,worker-worktrees/all-task-update-intergration-sync-20260826/runs/gui-owl-1.5-32b-instruct-lite/core200_20260905/run_01/summary.json,worker-worktrees/all-task-update-intergration-sync-20260826/runs/gui-owl-1.5-32b-instruct-lite/core200_20260905/run_01/043_linux_android_1320/result.json,7348e006ce2a72ef39e134d3c1042de35ae11148,completed,formal_run_01,true,true,true,true
GUI-Owl-1.5-32B-Instruct,linux_android_1814,44,worker-worktrees/all-task-update-intergration-sync-20260826/runs/gui-owl-1.5-32b-instruct-lite/core200_20260905/run_01/044_linux_android_1814,worker-worktrees/all-task-update-intergration-sync-20260826/runs/gui-owl-1.5-32b-instruct-lite/core200_20260905/run_01/run_metadata.json,worker-worktrees/all-task-update-intergration-sync-20260826/runs/gui-owl-1.5-32b-instruct-lite/core200_20260905/run_01/044_linux_android_1814/config/task.json,formal_run_01: formal runner summary; archived incomplete attempts excluded,FAIL,FAIL,recorded_automatic_result; no applicable confirmed rescoring record located,0,0,selected-attempt result.json; no new scoring or reinterpretation,50,523.464,max_steps,3,android+linux,android_0:android;android_1:android;linux_0:linux,worker-worktrees/all-task-update-intergration-sync-20260826/runs/gui-owl-1.5-32b-instruct-lite/core200_20260905/experiment_metadata.json,worker-worktrees/all-task-update-intergration-sync-20260826/runs/gui-owl-1.5-32b-instruct-lite/core200_20260905/run_01/summary.json,worker-worktrees/all-task-update-intergration-sync-20260826/runs/gui-owl-1.5-32b-instruct-lite/core200_20260905/run_01/044_linux_android_1814/result.json,7348e006ce2a72ef39e134d3c1042de35ae11148,completed,formal_run_01,true,true,true,true
GUI-Owl-1.5-32B-Instruct,linux_android_1289,45,worker-worktrees/all-task-update-intergration-sync-20260826/runs/gui-owl-1.5-32b-instruct-lite/core200_20260905/run_01/045_linux_android_1289,worker-worktrees/all-task-update-intergration-sync-20260826/runs/gui-owl-1.5-32b-instruct-lite/core200_20260905/run_01/run_metadata.json,worker-worktrees/all-task-update-intergration-sync-20260826/runs/gui-owl-1.5-32b-instruct-lite/core200_20260905/run_01/045_linux_android_1289/config/task.json,formal_run_01: formal runner summary; archived incomplete attempts excluded,FAIL,FAIL,recorded_automatic_result; no applicable confirmed rescoring record located,0.5,0.5,selected-attempt result.json; no new scoring or reinterpretation,50,295.953,max_steps,2,android+linux,linux_0:linux;android_0:android,worker-worktrees/all-task-update-intergration-sync-20260826/runs/gui-owl-1.5-32b-instruct-lite/core200_20260905/experiment_metadata.json,worker-worktrees/all-task-update-intergration-sync-20260826/runs/gui-owl-1.5-32b-instruct-lite/core200_20260905/run_01/summary.json,worker-worktrees/all-task-update-intergration-sync-20260826/runs/gui-owl-1.5-32b-instruct-lite/core200_20260905/run_01/045_linux_android_1289/result.json,7348e006ce2a72ef39e134d3c1042de35ae11148,completed,formal_run_01,true,true,true,true
GUI-Owl-1.5-32B-Instruct,linux_android_1851,46,worker-worktrees/all-task-update-intergration-sync-20260826/runs/gui-owl-1.5-32b-instruct-lite/core200_20260905/run_01/046_linux_android_1851,worker-worktrees/all-task-update-intergration-sync-20260826/runs/gui-owl-1.5-32b-instruct-lite/core200_20260905/run_01/run_metadata.json,worker-worktrees/all-task-update-intergration-sync-20260826/runs/gui-owl-1.5-32b-instruct-lite/core200_20260905/run_01/046_linux_android_1851/config/task.json,formal_run_01: formal runner summary; archived incomplete attempts excluded,FAIL,FAIL,recorded_automatic_result; no applicable confirmed rescoring record located,0,0,selected-attempt result.json; no new scoring or reinterpretation,50,349.587,max_steps,2,android+linux,android_0:android;linux_0:linux,worker-worktrees/all-task-update-intergration-sync-20260826/runs/gui-owl-1.5-32b-instruct-lite/core200_20260905/experiment_metadata.json,worker-worktrees/all-task-update-intergration-sync-20260826/runs/gui-owl-1.5-32b-instruct-lite/core200_20260905/run_01/summary.json,worker-worktrees/all-task-update-intergration-sync-20260826/runs/gui-owl-1.5-32b-instruct-lite/core200_20260905/run_01/046_linux_android_1851/result.json,7348e006ce2a72ef39e134d3c1042de35ae11148,completed,formal_run_01,true,true,true,true
GUI-Owl-1.5-32B-Instruct,linux_android_1365,47,worker-worktrees/all-task-update-intergration-sync-20260826/runs/gui-owl-1.5-32b-instruct-lite/core200_20260905/run_01/047_linux_android_1365,worker-worktrees/all-task-update-intergration-sync-20260826/runs/gui-owl-1.5-32b-instruct-lite/core200_20260905/run_01/run_metadata.json,worker-worktrees/all-task-update-intergration-sync-20260826/runs/gui-owl-1.5-32b-instruct-lite/core200_20260905/run_01/047_linux_android_1365/config/task.json,formal_run_01: formal runner summary; archived incomplete attempts excluded,FAIL,FAIL,recorded_automatic_result; no applicable confirmed rescoring record located,0.5,0.5,selected-attempt result.json; no new scoring or reinterpretation,50,336.307,max_steps,3,android+linux,linux_0:linux;android_0:android;android_1:android,worker-worktrees/all-task-update-intergration-sync-20260826/runs/gui-owl-1.5-32b-instruct-lite/core200_20260905/experiment_metadata.json,worker-worktrees/all-task-update-intergration-sync-20260826/runs/gui-owl-1.5-32b-instruct-lite/core200_20260905/run_01/summary.json,worker-worktrees/all-task-update-intergration-sync-20260826/runs/gui-owl-1.5-32b-instruct-lite/core200_20260905/run_01/047_linux_android_1365/result.json,7348e006ce2a72ef39e134d3c1042de35ae11148,completed,formal_run_01,true,true,true,true
GUI-Owl-1.5-32B-Instruct,linux_android_1853,48,worker-worktrees/all-task-update-intergration-sync-20260826/runs/gui-owl-1.5-32b-instruct-lite/core200_20260905/run_01/048_linux_android_1853,worker-worktrees/all-task-update-intergration-sync-20260826/runs/gui-owl-1.5-32b-instruct-lite/core200_20260905/run_01/run_metadata.json,worker-worktrees/all-task-update-intergration-sync-20260826/runs/gui-owl-1.5-32b-instruct-lite/core200_20260905/run_01/048_linux_android_1853/config/task.json,formal_run_01: formal runner summary; archived incomplete attempts excluded,FAIL,FAIL,recorded_automatic_result; no applicable confirmed rescoring record located,0.5,0.5,selected-attempt result.json; no new scoring or reinterpretation,50,496.381,max_steps,3,android+linux,android_0:android;android_1:android;linux_0:linux,worker-worktrees/all-task-update-intergration-sync-20260826/runs/gui-owl-1.5-32b-instruct-lite/core200_20260905/experiment_metadata.json,worker-worktrees/all-task-update-intergration-sync-20260826/runs/gui-owl-1.5-32b-instruct-lite/core200_20260905/run_01/summary.json,worker-worktrees/all-task-update-intergration-sync-20260826/runs/gui-owl-1.5-32b-instruct-lite/core200_20260905/run_01/048_linux_android_1853/result.json,7348e006ce2a72ef39e134d3c1042de35ae11148,completed,formal_run_01,true,true,true,true
GUI-Owl-1.5-32B-Instruct,linux_android_1185,49,worker-worktrees/all-task-update-intergration-sync-20260826/runs/gui-owl-1.5-32b-instruct-lite/core200_20260905/run_01/049_linux_android_1185,worker-worktrees/all-task-update-intergration-sync-20260826/runs/gui-owl-1.5-32b-instruct-lite/core200_20260905/run_01/run_metadata.json,worker-worktrees/all-task-update-intergration-sync-20260826/runs/gui-owl-1.5-32b-instruct-lite/core200_20260905/run_01/049_linux_android_1185/config/task.json,formal_run_01: formal runner summary; archived incomplete attempts excluded,FAIL,FAIL,recorded_automatic_result; no applicable confirmed rescoring record located,0.3333333333333333,0.3333333333333333,selected-attempt result.json; no new scoring or reinterpretation,50,703.257,max_steps,4,android+linux,linux_0:linux;linux_1:linux;android_0:android;android_1:android,worker-worktrees/all-task-update-intergration-sync-20260826/runs/gui-owl-1.5-32b-instruct-lite/core200_20260905/experiment_metadata.json,worker-worktrees/all-task-update-intergration-sync-20260826/runs/gui-owl-1.5-32b-instruct-lite/core200_20260905/run_01/summary.json,worker-worktrees/all-task-update-intergration-sync-20260826/runs/gui-owl-1.5-32b-instruct-lite/core200_20260905/run_01/049_linux_android_1185/result.json,7348e006ce2a72ef39e134d3c1042de35ae11148,completed,formal_run_01,true,true,true,true
GUI-Owl-1.5-32B-Instruct,linux_android_1217,50,worker-worktrees/all-task-update-intergration-sync-20260826/runs/gui-owl-1.5-32b-instruct-lite/core200_20260905/run_01/050_linux_android_1217,worker-worktrees/all-task-update-intergration-sync-20260826/runs/gui-owl-1.5-32b-instruct-lite/core200_20260905/run_01/run_metadata.json,worker-worktrees/all-task-update-intergration-sync-20260826/runs/gui-owl-1.5-32b-instruct-lite/core200_20260905/run_01/050_linux_android_1217/config/task.json,formal_run_01: formal runner summary; archived incomplete attempts excluded,FAIL,FAIL,recorded_automatic_result; no applicable confirmed rescoring record located,0,0,selected-attempt result.json; no new scoring or reinterpretation,50,556.443,max_steps,3,android+linux,linux_0:linux;linux_1:linux;android_0:android,worker-worktrees/all-task-update-intergration-sync-20260826/runs/gui-owl-1.5-32b-instruct-lite/core200_20260905/experiment_metadata.json,worker-worktrees/all-task-update-intergration-sync-20260826/runs/gui-owl-1.5-32b-instruct-lite/core200_20260905/run_01/summary.json,worker-worktrees/all-task-update-intergration-sync-20260826/runs/gui-owl-1.5-32b-instruct-lite/core200_20260905/run_01/050_linux_android_1217/result.json,7348e006ce2a72ef39e134d3c1042de35ae11148,completed,formal_run_01,true,true,true,true
GUI-Owl-1.5-32B-Instruct,linux_android_1858,51,worker-worktrees/all-task-update-intergration-sync-20260826/runs/gui-owl-1.5-32b-instruct-lite/core200_20260905/run_01/051_linux_android_1858,worker-worktrees/all-task-update-intergration-sync-20260826/runs/gui-owl-1.5-32b-instruct-lite/core200_20260905/run_01/run_metadata.json,worker-worktrees/all-task-update-intergration-sync-20260826/runs/gui-owl-1.5-32b-instruct-lite/core200_20260905/run_01/051_linux_android_1858/config/task.json,formal_run_01: formal runner summary; archived incomplete attempts excluded,FAIL,FAIL,recorded_automatic_result; no applicable confirmed rescoring record located,0.6666666666666666,0.6666666666666666,selected-attempt result.json; no new scoring or reinterpretation,50,647.899,max_steps,3,android+linux,android_0:android;linux_0:linux;linux_1:linux,worker-worktrees/all-task-update-intergration-sync-20260826/runs/gui-owl-1.5-32b-instruct-lite/core200_20260905/experiment_metadata.json,worker-worktrees/all-task-update-intergration-sync-20260826/runs/gui-owl-1.5-32b-instruct-lite/core200_20260905/run_01/summary.json,worker-worktrees/all-task-update-intergration-sync-20260826/runs/gui-owl-1.5-32b-instruct-lite/core200_20260905/run_01/051_linux_android_1858/result.json,7348e006ce2a72ef39e134d3c1042de35ae11148,completed,formal_run_01,true,true,true,true
GUI-Owl-1.5-32B-Instruct,linux_android_1181,52,worker-worktrees/all-task-update-intergration-sync-20260826/runs/gui-owl-1.5-32b-instruct-lite/core200_20260905/run_01/052_linux_android_1181,worker-worktrees/all-task-update-intergration-sync-20260826/runs/gui-owl-1.5-32b-instruct-lite/core200_20260905/run_01/run_metadata.json,worker-worktrees/all-task-update-intergration-sync-20260826/runs/gui-owl-1.5-32b-instruct-lite/core200_20260905/run_01/052_linux_android_1181/config/task.json,formal_run_01: formal runner summary; archived incomplete attempts excluded,FAIL,FAIL,recorded_automatic_result; no applicable confirmed rescoring record located,0,0,selected-attempt result.json; no new scoring or reinterpretation,50,428.315,max_steps,2,android+linux,linux_0:linux;android_0:android,worker-worktrees/all-task-update-intergration-sync-20260826/runs/gui-owl-1.5-32b-instruct-lite/core200_20260905/experiment_metadata.json,worker-worktrees/all-task-update-intergration-sync-20260826/runs/gui-owl-1.5-32b-instruct-lite/core200_20260905/run_01/summary.json,worker-worktrees/all-task-update-intergration-sync-20260826/runs/gui-owl-1.5-32b-instruct-lite/core200_20260905/run_01/052_linux_android_1181/result.json,7348e006ce2a72ef39e134d3c1042de35ae11148,completed,formal_run_01,true,true,true,true
GUI-Owl-1.5-32B-Instruct,linux_android_1869,53,worker-worktrees/all-task-update-intergration-sync-20260826/runs/gui-owl-1.5-32b-instruct-lite/core200_20260905/run_01/053_linux_android_1869,worker-worktrees/all-task-update-intergration-sync-20260826/runs/gui-owl-1.5-32b-instruct-lite/core200_20260905/run_01/run_metadata.json,worker-worktrees/all-task-update-intergration-sync-20260826/runs/gui-owl-1.5-32b-instruct-lite/core200_20260905/run_01/053_linux_android_1869/config/task.json,formal_run_01: formal runner summary; archived incomplete attempts excluded,FAIL,FAIL,recorded_automatic_result; no applicable confirmed rescoring record located,0.5,0.5,selected-attempt result.json; no new scoring or reinterpretation,13,278.091,done,4,android+linux,android_0:android;android_1:android;linux_0:linux;linux_1:linux,worker-worktrees/all-task-update-intergration-sync-20260826/runs/gui-owl-1.5-32b-instruct-lite/core200_20260905/experiment_metadata.json,worker-worktrees/all-task-update-intergration-sync-20260826/runs/gui-owl-1.5-32b-instruct-lite/core200_20260905/run_01/summary.json,worker-worktrees/all-task-update-intergration-sync-20260826/runs/gui-owl-1.5-32b-instruct-lite/core200_20260905/run_01/053_linux_android_1869/result.json,7348e006ce2a72ef39e134d3c1042de35ae11148,completed,formal_run_01,true,true,true,true
GUI-Owl-1.5-32B-Instruct,linux_android_943,54,worker-worktrees/all-task-update-intergration-sync-20260826/runs/gui-owl-1.5-32b-instruct-lite/core200_20260905/run_01/054_linux_android_943,worker-worktrees/all-task-update-intergration-sync-20260826/runs/gui-owl-1.5-32b-instruct-lite/core200_20260905/run_01/run_metadata.json,worker-worktrees/all-task-update-intergration-sync-20260826/runs/gui-owl-1.5-32b-instruct-lite/core200_20260905/run_01/054_linux_android_943/config/task.json,formal_run_01: formal runner summary; archived incomplete attempts excluded,FAIL,FAIL,recorded_automatic_result; no applicable confirmed rescoring record located,0,0,selected-attempt result.json; no new scoring or reinterpretation,50,422.99,max_steps,2,android+linux,android_0:android;linux_0:linux,worker-worktrees/all-task-update-intergration-sync-20260826/runs/gui-owl-1.5-32b-instruct-lite/core200_20260905/experiment_metadata.json,worker-worktrees/all-task-update-intergration-sync-20260826/runs/gui-owl-1.5-32b-instruct-lite/core200_20260905/run_01/summary.json,worker-worktrees/all-task-update-intergration-sync-20260826/runs/gui-owl-1.5-32b-instruct-lite/core200_20260905/run_01/054_linux_android_943/result.json,7348e006ce2a72ef39e134d3c1042de35ae11148,completed,formal_run_01,true,true,true,true
GUI-Owl-1.5-32B-Instruct,linux_android_1274,55,worker-worktrees/all-task-update-intergration-sync-20260826/runs/gui-owl-1.5-32b-instruct-lite/core200_20260905/run_01/055_linux_android_1274,worker-worktrees/all-task-update-intergration-sync-20260826/runs/gui-owl-1.5-32b-instruct-lite/core200_20260905/run_01/run_metadata.json,worker-worktrees/all-task-update-intergration-sync-20260826/runs/gui-owl-1.5-32b-instruct-lite/core200_20260905/run_01/055_linux_android_1274/config/task.json,formal_run_01: formal runner summary; archived incomplete attempts excluded,FAIL,FAIL,recorded_automatic_result; no applicable confirmed rescoring record located,0.6666666666666666,0.6666666666666666,selected-attempt result.json; no new scoring or reinterpretation,50,470.665,max_steps,3,android+linux,linux_0:linux;android_0:android;android_1:android,worker-worktrees/all-task-update-intergration-sync-20260826/runs/gui-owl-1.5-32b-instruct-lite/core200_20260905/experiment_metadata.json,worker-worktrees/all-task-update-intergration-sync-20260826/runs/gui-owl-1.5-32b-instruct-lite/core200_20260905/run_01/summary.json,worker-worktrees/all-task-update-intergration-sync-20260826/runs/gui-owl-1.5-32b-instruct-lite/core200_20260905/run_01/055_linux_android_1274/result.json,7348e006ce2a72ef39e134d3c1042de35ae11148,completed,formal_run_01,true,true,true,true
GUI-Owl-1.5-32B-Instruct,linux_android_1863,56,worker-worktrees/all-task-update-intergration-sync-20260826/runs/gui-owl-1.5-32b-instruct-lite/core200_20260905/run_01/056_linux_android_1863,worker-worktrees/all-task-update-intergration-sync-20260826/runs/gui-owl-1.5-32b-instruct-lite/core200_20260905/run_01/run_metadata.json,worker-worktrees/all-task-update-intergration-sync-20260826/runs/gui-owl-1.5-32b-instruct-lite/core200_20260905/run_01/056_linux_android_1863/config/task.json,formal_run_01: formal runner summary; archived incomplete attempts excluded,FAIL,FAIL,recorded_automatic_result; no applicable confirmed rescoring record located,0,0,selected-attempt result.json; no new scoring or reinterpretation,50,502.297,max_steps,4,android+linux,android_0:android;android_1:android;linux_0:linux;linux_1:linux,worker-worktrees/all-task-update-intergration-sync-20260826/runs/gui-owl-1.5-32b-instruct-lite/core200_20260905/experiment_metadata.json,worker-worktrees/all-task-update-intergration-sync-20260826/runs/gui-owl-1.5-32b-instruct-lite/core200_20260905/run_01/summary.json,worker-worktrees/all-task-update-intergration-sync-20260826/runs/gui-owl-1.5-32b-instruct-lite/core200_20260905/run_01/056_linux_android_1863/result.json,7348e006ce2a72ef39e134d3c1042de35ae11148,completed,formal_run_01,true,true,true,true
GUI-Owl-1.5-32B-Instruct,linux_android_1866,57,worker-worktrees/all-task-update-intergration-sync-20260826/runs/gui-owl-1.5-32b-instruct-lite/core200_20260905/run_01/057_linux_android_1866,worker-worktrees/all-task-update-intergration-sync-20260826/runs/gui-owl-1.5-32b-instruct-lite/core200_20260905/run_01/run_metadata.json,worker-worktrees/all-task-update-intergration-sync-20260826/runs/gui-owl-1.5-32b-instruct-lite/core200_20260905/run_01/057_linux_android_1866/config/task.json,formal_run_01: formal runner summary; archived incomplete attempts excluded,FAIL,FAIL,recorded_automatic_result; no applicable confirmed rescoring record located,0,0,selected-attempt result.json; no new scoring or reinterpretation,50,687.934,max_steps,4,android+linux,android_0:android;android_1:android;linux_0:linux;linux_1:linux,worker-worktrees/all-task-update-intergration-sync-20260826/runs/gui-owl-1.5-32b-instruct-lite/core200_20260905/experiment_metadata.json,worker-worktrees/all-task-update-intergration-sync-20260826/runs/gui-owl-1.5-32b-instruct-lite/core200_20260905/run_01/summary.json,worker-worktrees/all-task-update-intergration-sync-20260826/runs/gui-owl-1.5-32b-instruct-lite/core200_20260905/run_01/057_linux_android_1866/result.json,7348e006ce2a72ef39e134d3c1042de35ae11148,completed,formal_run_01,true,true,true,true
GUI-Owl-1.5-32B-Instruct,linux_android_997,58,worker-worktrees/all-task-update-intergration-sync-20260826/runs/gui-owl-1.5-32b-instruct-lite/core200_20260905/run_01/058_linux_android_997,worker-worktrees/all-task-update-intergration-sync-20260826/runs/gui-owl-1.5-32b-instruct-lite/core200_20260905/run_01/run_metadata.json,worker-worktrees/all-task-update-intergration-sync-20260826/runs/gui-owl-1.5-32b-instruct-lite/core200_20260905/run_01/058_linux_android_997/config/task.json,formal_run_01: formal runner summary; archived incomplete attempts excluded,FAIL,FAIL,recorded_automatic_result; no applicable confirmed rescoring record located,0,0,selected-attempt result.json; no new scoring or reinterpretation,50,454.492,max_steps,3,android+linux,android_0:android;android_1:android;linux_0:linux,worker-worktrees/all-task-update-intergration-sync-20260826/runs/gui-owl-1.5-32b-instruct-lite/core200_20260905/experiment_metadata.json,worker-worktrees/all-task-update-intergration-sync-20260826/runs/gui-owl-1.5-32b-instruct-lite/core200_20260905/run_01/summary.json,worker-worktrees/all-task-update-intergration-sync-20260826/runs/gui-owl-1.5-32b-instruct-lite/core200_20260905/run_01/058_linux_android_997/result.json,7348e006ce2a72ef39e134d3c1042de35ae11148,completed,formal_run_01,true,true,true,true
GUI-Owl-1.5-32B-Instruct,linux_android_947,59,worker-worktrees/all-task-update-intergration-sync-20260826/runs/gui-owl-1.5-32b-instruct-lite/core200_20260905/run_01/059_linux_android_947,worker-worktrees/all-task-update-intergration-sync-20260826/runs/gui-owl-1.5-32b-instruct-lite/core200_20260905/run_01/run_metadata.json,worker-worktrees/all-task-update-intergration-sync-20260826/runs/gui-owl-1.5-32b-instruct-lite/core200_20260905/run_01/059_linux_android_947/config/task.json,formal_run_01: formal runner summary; archived incomplete attempts excluded,FAIL,FAIL,recorded_automatic_result; no applicable confirmed rescoring record located,0,0,selected-attempt result.json; no new scoring or reinterpretation,50,413.257,max_steps,3,android+linux,android_0:android;linux_0:linux;linux_1:linux,worker-worktrees/all-task-update-intergration-sync-20260826/runs/gui-owl-1.5-32b-instruct-lite/core200_20260905/experiment_metadata.json,worker-worktrees/all-task-update-intergration-sync-20260826/runs/gui-owl-1.5-32b-instruct-lite/core200_20260905/run_01/summary.json,worker-worktrees/all-task-update-intergration-sync-20260826/runs/gui-owl-1.5-32b-instruct-lite/core200_20260905/run_01/059_linux_android_947/result.json,7348e006ce2a72ef39e134d3c1042de35ae11148,completed,formal_run_01,true,true,true,true
GUI-Owl-1.5-32B-Instruct,linux_android_1080,60,worker-worktrees/all-task-update-intergration-sync-20260826/runs/gui-owl-1.5-32b-instruct-lite/core200_20260905/run_01/060_linux_android_1080,worker-worktrees/all-task-update-intergration-sync-20260826/runs/gui-owl-1.5-32b-instruct-lite/core200_20260905/run_01/run_metadata.json,worker-worktrees/all-task-update-intergration-sync-20260826/runs/gui-owl-1.5-32b-instruct-lite/core200_20260905/run_01/060_linux_android_1080/config/task.json,formal_run_01: formal runner summary; archived incomplete attempts excluded,FAIL,FAIL,recorded_automatic_result; no applicable confirmed rescoring record located,0.6666666666666666,0.6666666666666666,selected-attempt result.json; no new scoring or reinterpretation,50,387.869,max_steps,3,android+linux,android_0:android;android_1:android;linux_0:linux,worker-worktrees/all-task-update-intergration-sync-20260826/runs/gui-owl-1.5-32b-instruct-lite/core200_20260905/experiment_metadata.json,worker-worktrees/all-task-update-intergration-sync-20260826/runs/gui-owl-1.5-32b-instruct-lite/core200_20260905/run_01/summary.json,worker-worktrees/all-task-update-intergration-sync-20260826/runs/gui-owl-1.5-32b-instruct-lite/core200_20260905/run_01/060_linux_android_1080/result.json,7348e006ce2a72ef39e134d3c1042de35ae11148,completed,formal_run_01,true,true,true,true
GUI-Owl-1.5-32B-Instruct,linux_android_1859,61,worker-worktrees/all-task-update-intergration-sync-20260826/runs/gui-owl-1.5-32b-instruct-lite/core200_20260905/run_01/061_linux_android_1859,worker-worktrees/all-task-update-intergration-sync-20260826/runs/gui-owl-1.5-32b-instruct-lite/core200_20260905/run_01/run_metadata.json,worker-worktrees/all-task-update-intergration-sync-20260826/runs/gui-owl-1.5-32b-instruct-lite/core200_20260905/run_01/061_linux_android_1859/config/task.json,formal_run_01: formal runner summary; archived incomplete attempts excluded,FAIL,FAIL,recorded_automatic_result; no applicable confirmed rescoring record located,0,0,selected-attempt result.json; no new scoring or reinterpretation,50,705.979,max_steps,4,android+linux,android_0:android;android_1:android;linux_0:linux;linux_1:linux,worker-worktrees/all-task-update-intergration-sync-20260826/runs/gui-owl-1.5-32b-instruct-lite/core200_20260905/experiment_metadata.json,worker-worktrees/all-task-update-intergration-sync-20260826/runs/gui-owl-1.5-32b-instruct-lite/core200_20260905/run_01/summary.json,worker-worktrees/all-task-update-intergration-sync-20260826/runs/gui-owl-1.5-32b-instruct-lite/core200_20260905/run_01/061_linux_android_1859/result.json,7348e006ce2a72ef39e134d3c1042de35ae11148,completed,formal_run_01,true,true,true,true
GUI-Owl-1.5-32B-Instruct,linux_android_905,62,worker-worktrees/all-task-update-intergration-sync-20260826/runs/gui-owl-1.5-32b-instruct-lite/core200_20260905/run_01/062_linux_android_905,worker-worktrees/all-task-update-intergration-sync-20260826/runs/gui-owl-1.5-32b-instruct-lite/core200_20260905/run_01/run_metadata.json,worker-worktrees/all-task-update-intergration-sync-20260826/runs/gui-owl-1.5-32b-instruct-lite/core200_20260905/run_01/062_linux_android_905/config/task.json,formal_run_01: formal runner summary; archived incomplete attempts excluded,FAIL,FAIL,recorded_automatic_result; no applicable confirmed rescoring record located,0,0,selected-attempt result.json; no new scoring or reinterpretation,50,497.512,max_steps,3,android+linux,android_0:android;linux_0:linux;linux_1:linux,worker-worktrees/all-task-update-intergration-sync-20260826/runs/gui-owl-1.5-32b-instruct-lite/core200_20260905/experiment_metadata.json,worker-worktrees/all-task-update-intergration-sync-20260826/runs/gui-owl-1.5-32b-instruct-lite/core200_20260905/run_01/summary.json,worker-worktrees/all-task-update-intergration-sync-20260826/runs/gui-owl-1.5-32b-instruct-lite/core200_20260905/run_01/062_linux_android_905/result.json,7348e006ce2a72ef39e134d3c1042de35ae11148,completed,formal_run_01,true,true,true,true
GUI-Owl-1.5-32B-Instruct,linux_android_1264,63,worker-worktrees/all-task-update-intergration-sync-20260826/runs/gui-owl-1.5-32b-instruct-lite/core200_20260905/run_01/063_linux_android_1264,worker-worktrees/all-task-update-intergration-sync-20260826/runs/gui-owl-1.5-32b-instruct-lite/core200_20260905/run_01/run_metadata.json,worker-worktrees/all-task-update-intergration-sync-20260826/runs/gui-owl-1.5-32b-instruct-lite/core200_20260905/run_01/063_linux_android_1264/config/task.json,formal_run_01: formal runner summary; archived incomplete attempts excluded,FAIL,FAIL,recorded_automatic_result; no applicable confirmed rescoring record located,0,0,selected-attempt result.json; no new scoring or reinterpretation,50,399.001,max_steps,2,android+linux,linux_0:linux;android_0:android,worker-worktrees/all-task-update-intergration-sync-20260826/runs/gui-owl-1.5-32b-instruct-lite/core200_20260905/experiment_metadata.json,worker-worktrees/all-task-update-intergration-sync-20260826/runs/gui-owl-1.5-32b-instruct-lite/core200_20260905/run_01/summary.json,worker-worktrees/all-task-update-intergration-sync-20260826/runs/gui-owl-1.5-32b-instruct-lite/core200_20260905/run_01/063_linux_android_1264/result.json,7348e006ce2a72ef39e134d3c1042de35ae11148,completed,formal_run_01,true,true,true,true
GUI-Owl-1.5-32B-Instruct,linux_android_1037,64,worker-worktrees/all-task-update-intergration-sync-20260826/runs/gui-owl-1.5-32b-instruct-lite/core200_20260905/run_01/064_linux_android_1037,worker-worktrees/all-task-update-intergration-sync-20260826/runs/gui-owl-1.5-32b-instruct-lite/core200_20260905/run_01/run_metadata.json,worker-worktrees/all-task-update-intergration-sync-20260826/runs/gui-owl-1.5-32b-instruct-lite/core200_20260905/run_01/064_linux_android_1037/config/task.json,formal_run_01: formal runner summary; archived incomplete attempts excluded,FAIL,FAIL,recorded_automatic_result; no applicable confirmed rescoring record located,0,0,selected-attempt result.json; no new scoring or reinterpretation,50,531.596,max_steps,3,android+linux,android_0:android;android_1:android;linux_0:linux,worker-worktrees/all-task-update-intergration-sync-20260826/runs/gui-owl-1.5-32b-instruct-lite/core200_20260905/experiment_metadata.json,worker-worktrees/all-task-update-intergration-sync-20260826/runs/gui-owl-1.5-32b-instruct-lite/core200_20260905/run_01/summary.json,worker-worktrees/all-task-update-intergration-sync-20260826/runs/gui-owl-1.5-32b-instruct-lite/core200_20260905/run_01/064_linux_android_1037/result.json,7348e006ce2a72ef39e134d3c1042de35ae11148,completed,formal_run_01,true,true,true,true
GUI-Owl-1.5-32B-Instruct,linux_android_1314,65,worker-worktrees/all-task-update-intergration-sync-20260826/runs/gui-owl-1.5-32b-instruct-lite/core200_20260905/run_01/065_linux_android_1314,worker-worktrees/all-task-update-intergration-sync-20260826/runs/gui-owl-1.5-32b-instruct-lite/core200_20260905/run_01/run_metadata.json,worker-worktrees/all-task-update-intergration-sync-20260826/runs/gui-owl-1.5-32b-instruct-lite/core200_20260905/run_01/065_linux_android_1314/config/task.json,formal_run_01: formal runner summary; archived incomplete attempts excluded,FAIL,FAIL,recorded_automatic_result; no applicable confirmed rescoring record located,0,0,selected-attempt result.json; no new scoring or reinterpretation,50,291.758,max_steps,2,android+linux,linux_0:linux;android_0:android,worker-worktrees/all-task-update-intergration-sync-20260826/runs/gui-owl-1.5-32b-instruct-lite/core200_20260905/experiment_metadata.json,worker-worktrees/all-task-update-intergration-sync-20260826/runs/gui-owl-1.5-32b-instruct-lite/core200_20260905/run_01/summary.json,worker-worktrees/all-task-update-intergration-sync-20260826/runs/gui-owl-1.5-32b-instruct-lite/core200_20260905/run_01/065_linux_android_1314/result.json,7348e006ce2a72ef39e134d3c1042de35ae11148,completed,formal_run_01,true,true,true,true
GUI-Owl-1.5-32B-Instruct,linux_android_1034,66,worker-worktrees/all-task-update-intergration-sync-20260826/runs/gui-owl-1.5-32b-instruct-lite/core200_20260905/run_01/066_linux_android_1034,worker-worktrees/all-task-update-intergration-sync-20260826/runs/gui-owl-1.5-32b-instruct-lite/core200_20260905/run_01/run_metadata.json,worker-worktrees/all-task-update-intergration-sync-20260826/runs/gui-owl-1.5-32b-instruct-lite/core200_20260905/run_01/066_linux_android_1034/config/task.json,formal_run_01: formal runner summary; archived incomplete attempts excluded,FAIL,FAIL,recorded_automatic_result; no applicable confirmed rescoring record located,0.25,0.25,selected-attempt result.json; no new scoring or reinterpretation,50,481.804,max_steps,4,android+linux,android_0:android;android_1:android;linux_0:linux;linux_1:linux,worker-worktrees/all-task-update-intergration-sync-20260826/runs/gui-owl-1.5-32b-instruct-lite/core200_20260905/experiment_metadata.json,worker-worktrees/all-task-update-intergration-sync-20260826/runs/gui-owl-1.5-32b-instruct-lite/core200_20260905/run_01/summary.json,worker-worktrees/all-task-update-intergration-sync-20260826/runs/gui-owl-1.5-32b-instruct-lite/core200_20260905/run_01/066_linux_android_1034/result.json,7348e006ce2a72ef39e134d3c1042de35ae11148,completed,formal_run_01,true,true,true,true
GUI-Owl-1.5-32B-Instruct,linux_android_1307,67,worker-worktrees/all-task-update-intergration-sync-20260826/runs/gui-owl-1.5-32b-instruct-lite/core200_20260905/run_01/067_linux_android_1307,worker-worktrees/all-task-update-intergration-sync-20260826/runs/gui-owl-1.5-32b-instruct-lite/core200_20260905/run_01/run_metadata.json,worker-worktrees/all-task-update-intergration-sync-20260826/runs/gui-owl-1.5-32b-instruct-lite/core200_20260905/run_01/067_linux_android_1307/config/task.json,formal_run_01: formal runner summary; archived incomplete attempts excluded,FAIL,FAIL,recorded_automatic_result; no applicable confirmed rescoring record located,0,0,selected-attempt result.json; no new scoring or reinterpretation,50,436.729,max_steps,2,android+linux,linux_0:linux;android_0:android,worker-worktrees/all-task-update-intergration-sync-20260826/runs/gui-owl-1.5-32b-instruct-lite/core200_20260905/experiment_metadata.json,worker-worktrees/all-task-update-intergration-sync-20260826/runs/gui-owl-1.5-32b-instruct-lite/core200_20260905/run_01/summary.json,worker-worktrees/all-task-update-intergration-sync-20260826/runs/gui-owl-1.5-32b-instruct-lite/core200_20260905/run_01/067_linux_android_1307/result.json,7348e006ce2a72ef39e134d3c1042de35ae11148,completed,formal_run_01,true,true,true,true
GUI-Owl-1.5-32B-Instruct,linux_android_1252,68,worker-worktrees/all-task-update-intergration-sync-20260826/runs/gui-owl-1.5-32b-instruct-lite/core200_20260905/run_01/068_linux_android_1252,worker-worktrees/all-task-update-intergration-sync-20260826/runs/gui-owl-1.5-32b-instruct-lite/core200_20260905/run_01/run_metadata.json,worker-worktrees/all-task-update-intergration-sync-20260826/runs/gui-owl-1.5-32b-instruct-lite/core200_20260905/run_01/068_linux_android_1252/config/task.json,formal_run_01: formal runner summary; archived incomplete attempts excluded,FAIL,FAIL,recorded_automatic_result; no applicable confirmed rescoring record located,0.5,0.5,selected-attempt result.json; no new scoring or reinterpretation,4,175.493,done,3,android+linux,linux_0:linux;linux_1:linux;android_0:android,worker-worktrees/all-task-update-intergration-sync-20260826/runs/gui-owl-1.5-32b-instruct-lite/core200_20260905/experiment_metadata.json,worker-worktrees/all-task-update-intergration-sync-20260826/runs/gui-owl-1.5-32b-instruct-lite/core200_20260905/run_01/summary.json,worker-worktrees/all-task-update-intergration-sync-20260826/runs/gui-owl-1.5-32b-instruct-lite/core200_20260905/run_01/068_linux_android_1252/result.json,7348e006ce2a72ef39e134d3c1042de35ae11148,completed,formal_run_01,true,true,true,true
GUI-Owl-1.5-32B-Instruct,linux_android_1183,69,worker-worktrees/all-task-update-intergration-sync-20260826/runs/gui-owl-1.5-32b-instruct-lite/core200_20260905/run_01/069_linux_android_1183,worker-worktrees/all-task-update-intergration-sync-20260826/runs/gui-owl-1.5-32b-instruct-lite/core200_20260905/run_01/run_metadata.json,worker-worktrees/all-task-update-intergration-sync-20260826/runs/gui-owl-1.5-32b-instruct-lite/core200_20260905/run_01/069_linux_android_1183/config/task.json,formal_run_01: formal runner summary; archived incomplete attempts excluded,PASS,PASS,recorded_automatic_result; no applicable confirmed rescoring record located,1,1,selected-attempt result.json; no new scoring or reinterpretation,3,113.508,done,2,android+linux,linux_0:linux;android_0:android,worker-worktrees/all-task-update-intergration-sync-20260826/runs/gui-owl-1.5-32b-instruct-lite/core200_20260905/experiment_metadata.json,worker-worktrees/all-task-update-intergration-sync-20260826/runs/gui-owl-1.5-32b-instruct-lite/core200_20260905/run_01/summary.json,worker-worktrees/all-task-update-intergration-sync-20260826/runs/gui-owl-1.5-32b-instruct-lite/core200_20260905/run_01/069_linux_android_1183/result.json,7348e006ce2a72ef39e134d3c1042de35ae11148,completed,formal_run_01,true,true,true,true
GUI-Owl-1.5-32B-Instruct,linux_android_1234,70,worker-worktrees/all-task-update-intergration-sync-20260826/runs/gui-owl-1.5-32b-instruct-lite/core200_20260905/run_01/070_linux_android_1234,worker-worktrees/all-task-update-intergration-sync-20260826/runs/gui-owl-1.5-32b-instruct-lite/core200_20260905/run_01/run_metadata.json,worker-worktrees/all-task-update-intergration-sync-20260826/runs/gui-owl-1.5-32b-instruct-lite/core200_20260905/run_01/070_linux_android_1234/config/task.json,formal_run_01: formal runner summary; archived incomplete attempts excluded,PASS,PASS,recorded_automatic_result; no applicable confirmed rescoring record located,1,1,selected-attempt result.json; no new scoring or reinterpretation,6,122.772,done,2,android+linux,linux_0:linux;android_0:android,worker-worktrees/all-task-update-intergration-sync-20260826/runs/gui-owl-1.5-32b-instruct-lite/core200_20260905/experiment_metadata.json,worker-worktrees/all-task-update-intergration-sync-20260826/runs/gui-owl-1.5-32b-instruct-lite/core200_20260905/run_01/summary.json,worker-worktrees/all-task-update-intergration-sync-20260826/runs/gui-owl-1.5-32b-instruct-lite/core200_20260905/run_01/070_linux_android_1234/result.json,7348e006ce2a72ef39e134d3c1042de35ae11148,completed,formal_run_01,true,true,true,true
GUI-Owl-1.5-32B-Instruct,linux_android_1828,71,worker-worktrees/all-task-update-intergration-sync-20260826/runs/gui-owl-1.5-32b-instruct-lite/core200_20260905/run_01/071_linux_android_1828,worker-worktrees/all-task-update-intergration-sync-20260826/runs/gui-owl-1.5-32b-instruct-lite/core200_20260905/run_01/run_metadata.json,worker-worktrees/all-task-update-intergration-sync-20260826/runs/gui-owl-1.5-32b-instruct-lite/core200_20260905/run_01/071_linux_android_1828/config/task.json,formal_run_01: formal runner summary; archived incomplete attempts excluded,FAIL,FAIL,recorded_automatic_result; no applicable confirmed rescoring record located,0,0,selected-attempt result.json; no new scoring or reinterpretation,50,392.412,max_steps,2,android+linux,android_0:android;linux_0:linux,worker-worktrees/all-task-update-intergration-sync-20260826/runs/gui-owl-1.5-32b-instruct-lite/core200_20260905/experiment_metadata.json,worker-worktrees/all-task-update-intergration-sync-20260826/runs/gui-owl-1.5-32b-instruct-lite/core200_20260905/run_01/summary.json,worker-worktrees/all-task-update-intergration-sync-20260826/runs/gui-owl-1.5-32b-instruct-lite/core200_20260905/run_01/071_linux_android_1828/result.json,7348e006ce2a72ef39e134d3c1042de35ae11148,completed,formal_run_01,true,true,true,true
GUI-Owl-1.5-32B-Instruct,linux_android_1312,72,worker-worktrees/all-task-update-intergration-sync-20260826/runs/gui-owl-1.5-32b-instruct-lite/core200_20260905/run_01/072_linux_android_1312,worker-worktrees/all-task-update-intergration-sync-20260826/runs/gui-owl-1.5-32b-instruct-lite/core200_20260905/run_01/run_metadata.json,worker-worktrees/all-task-update-intergration-sync-20260826/runs/gui-owl-1.5-32b-instruct-lite/core200_20260905/run_01/072_linux_android_1312/config/task.json,formal_run_01: formal runner summary; archived incomplete attempts excluded,FAIL,FAIL,recorded_automatic_result; no applicable confirmed rescoring record located,0,0,selected-attempt result.json; no new scoring or reinterpretation,50,453.033,max_steps,2,android+linux,linux_0:linux;android_0:android,worker-worktrees/all-task-update-intergration-sync-20260826/runs/gui-owl-1.5-32b-instruct-lite/core200_20260905/experiment_metadata.json,worker-worktrees/all-task-update-intergration-sync-20260826/runs/gui-owl-1.5-32b-instruct-lite/core200_20260905/run_01/summary.json,worker-worktrees/all-task-update-intergration-sync-20260826/runs/gui-owl-1.5-32b-instruct-lite/core200_20260905/run_01/072_linux_android_1312/result.json,7348e006ce2a72ef39e134d3c1042de35ae11148,completed,formal_run_01,true,true,true,true
GUI-Owl-1.5-32B-Instruct,linux_android_1270,73,worker-worktrees/all-task-update-intergration-sync-20260826/runs/gui-owl-1.5-32b-instruct-lite/core200_20260905/run_01/073_linux_android_1270,worker-worktrees/all-task-update-intergration-sync-20260826/runs/gui-owl-1.5-32b-instruct-lite/core200_20260905/run_01/run_metadata.json,worker-worktrees/all-task-update-intergration-sync-20260826/runs/gui-owl-1.5-32b-instruct-lite/core200_20260905/run_01/073_linux_android_1270/config/task.json,formal_run_01: formal runner summary; archived incomplete attempts excluded,FAIL,FAIL,recorded_automatic_result; no applicable confirmed rescoring record located,0,0,selected-attempt result.json; no new scoring or reinterpretation,50,445.934,max_steps,3,android+linux,linux_0:linux;linux_1:linux;android_0:android,worker-worktrees/all-task-update-intergration-sync-20260826/runs/gui-owl-1.5-32b-instruct-lite/core200_20260905/experiment_metadata.json,worker-worktrees/all-task-update-intergration-sync-20260826/runs/gui-owl-1.5-32b-instruct-lite/core200_20260905/run_01/summary.json,worker-worktrees/all-task-update-intergration-sync-20260826/runs/gui-owl-1.5-32b-instruct-lite/core200_20260905/run_01/073_linux_android_1270/result.json,7348e006ce2a72ef39e134d3c1042de35ae11148,completed,formal_run_01,true,true,true,true
GUI-Owl-1.5-32B-Instruct,linux_android_1208,74,worker-worktrees/all-task-update-intergration-sync-20260826/runs/gui-owl-1.5-32b-instruct-lite/core200_20260905/run_01/074_linux_android_1208,worker-worktrees/all-task-update-intergration-sync-20260826/runs/gui-owl-1.5-32b-instruct-lite/core200_20260905/run_01/run_metadata.json,worker-worktrees/all-task-update-intergration-sync-20260826/runs/gui-owl-1.5-32b-instruct-lite/core200_20260905/run_01/074_linux_android_1208/config/task.json,formal_run_01: formal runner summary; archived incomplete attempts excluded,FAIL,FAIL,recorded_automatic_result; no applicable confirmed rescoring record located,0,0,selected-attempt result.json; no new scoring or reinterpretation,50,534.434,max_steps,2,android+linux,linux_0:linux;android_0:android,worker-worktrees/all-task-update-intergration-sync-20260826/runs/gui-owl-1.5-32b-instruct-lite/core200_20260905/experiment_metadata.json,worker-worktrees/all-task-update-intergration-sync-20260826/runs/gui-owl-1.5-32b-instruct-lite/core200_20260905/run_01/summary.json,worker-worktrees/all-task-update-intergration-sync-20260826/runs/gui-owl-1.5-32b-instruct-lite/core200_20260905/run_01/074_linux_android_1208/result.json,7348e006ce2a72ef39e134d3c1042de35ae11148,completed,formal_run_01,true,true,true,true
GUI-Owl-1.5-32B-Instruct,linux_android_1354,75,worker-worktrees/all-task-update-intergration-sync-20260826/runs/gui-owl-1.5-32b-instruct-lite/core200_20260905/run_01/075_linux_android_1354,worker-worktrees/all-task-update-intergration-sync-20260826/runs/gui-owl-1.5-32b-instruct-lite/core200_20260905/run_01/run_metadata.json,worker-worktrees/all-task-update-intergration-sync-20260826/runs/gui-owl-1.5-32b-instruct-lite/core200_20260905/run_01/075_linux_android_1354/config/task.json,formal_run_01: formal runner summary; archived incomplete attempts excluded,PASS,PASS,recorded_automatic_result; no applicable confirmed rescoring record located,1,1,selected-attempt result.json; no new scoring or reinterpretation,6,183.737,done,3,android+linux,linux_0:linux;linux_1:linux;android_0:android,worker-worktrees/all-task-update-intergration-sync-20260826/runs/gui-owl-1.5-32b-instruct-lite/core200_20260905/experiment_metadata.json,worker-worktrees/all-task-update-intergration-sync-20260826/runs/gui-owl-1.5-32b-instruct-lite/core200_20260905/run_01/summary.json,worker-worktrees/all-task-update-intergration-sync-20260826/runs/gui-owl-1.5-32b-instruct-lite/core200_20260905/run_01/075_linux_android_1354/result.json,7348e006ce2a72ef39e134d3c1042de35ae11148,completed,formal_run_01,true,true,true,true
GUI-Owl-1.5-32B-Instruct,linux_android_smarthome_474,76,worker-worktrees/all-task-update-intergration-sync-20260826/runs/gui-owl-1.5-32b-instruct-lite/core200_20260905/run_01/076_linux_android_smarthome_474,worker-worktrees/all-task-update-intergration-sync-20260826/runs/gui-owl-1.5-32b-instruct-lite/core200_20260905/run_01/run_metadata.json,worker-worktrees/all-task-update-intergration-sync-20260826/runs/gui-owl-1.5-32b-instruct-lite/core200_20260905/run_01/076_linux_android_smarthome_474/config/task.json,formal_run_01: formal runner summary; archived incomplete attempts excluded,PASS,PASS,recorded_automatic_result; no applicable confirmed rescoring record located,1,1,selected-attempt result.json; no new scoring or reinterpretation,3,164.421,done,4,android+home+linux,linux_0:linux;android_0:android;android_1:android;home_0:home,worker-worktrees/all-task-update-intergration-sync-20260826/runs/gui-owl-1.5-32b-instruct-lite/core200_20260905/experiment_metadata.json,worker-worktrees/all-task-update-intergration-sync-20260826/runs/gui-owl-1.5-32b-instruct-lite/core200_20260905/run_01/summary.json,worker-worktrees/all-task-update-intergration-sync-20260826/runs/gui-owl-1.5-32b-instruct-lite/core200_20260905/run_01/076_linux_android_smarthome_474/result.json,7348e006ce2a72ef39e134d3c1042de35ae11148,completed,formal_run_01,true,true,true,true
GUI-Owl-1.5-32B-Instruct,linux_android_smarthome_161,77,worker-worktrees/all-task-update-intergration-sync-20260826/runs/gui-owl-1.5-32b-instruct-lite/core200_20260905/run_01/077_linux_android_smarthome_161,worker-worktrees/all-task-update-intergration-sync-20260826/runs/gui-owl-1.5-32b-instruct-lite/core200_20260905/run_01/run_metadata.json,worker-worktrees/all-task-update-intergration-sync-20260826/runs/gui-owl-1.5-32b-instruct-lite/core200_20260905/run_01/077_linux_android_smarthome_161/config/task.json,formal_run_01: formal runner summary; archived incomplete attempts excluded,FAIL,FAIL,recorded_automatic_result; no applicable confirmed rescoring record located,0,0,selected-attempt result.json; no new scoring or reinterpretation,50,390.452,max_steps,3,android+home+linux,linux_0:linux;android_0:android;home_0:home,worker-worktrees/all-task-update-intergration-sync-20260826/runs/gui-owl-1.5-32b-instruct-lite/core200_20260905/experiment_metadata.json,worker-worktrees/all-task-update-intergration-sync-20260826/runs/gui-owl-1.5-32b-instruct-lite/core200_20260905/run_01/summary.json,worker-worktrees/all-task-update-intergration-sync-20260826/runs/gui-owl-1.5-32b-instruct-lite/core200_20260905/run_01/077_linux_android_smarthome_161/result.json,7348e006ce2a72ef39e134d3c1042de35ae11148,completed,formal_run_01,true,true,true,true
GUI-Owl-1.5-32B-Instruct,linux_android_smarthome_614,78,worker-worktrees/all-task-update-intergration-sync-20260826/runs/gui-owl-1.5-32b-instruct-lite/core200_20260905/run_01/078_linux_android_smarthome_614,worker-worktrees/all-task-update-intergration-sync-20260826/runs/gui-owl-1.5-32b-instruct-lite/core200_20260905/run_01/run_metadata.json,worker-worktrees/all-task-update-intergration-sync-20260826/runs/gui-owl-1.5-32b-instruct-lite/core200_20260905/run_01/078_linux_android_smarthome_614/config/task.json,formal_run_01: formal runner summary; archived incomplete attempts excluded,FAIL,FAIL,recorded_automatic_result; no applicable confirmed rescoring record located,0,0,selected-attempt result.json; no new scoring or reinterpretation,50,577.967,max_steps,4,android+home+linux,linux_0:linux;android_0:android;android_1:android;home_0:home,worker-worktrees/all-task-update-intergration-sync-20260826/runs/gui-owl-1.5-32b-instruct-lite/core200_20260905/experiment_metadata.json,worker-worktrees/all-task-update-intergration-sync-20260826/runs/gui-owl-1.5-32b-instruct-lite/core200_20260905/run_01/summary.json,worker-worktrees/all-task-update-intergration-sync-20260826/runs/gui-owl-1.5-32b-instruct-lite/core200_20260905/run_01/078_linux_android_smarthome_614/result.json,7348e006ce2a72ef39e134d3c1042de35ae11148,completed,formal_run_01,true,true,true,true
GUI-Owl-1.5-32B-Instruct,linux_android_smarthome_466,79,worker-worktrees/all-task-update-intergration-sync-20260826/runs/gui-owl-1.5-32b-instruct-lite/core200_20260905/run_01/079_linux_android_smarthome_466,worker-worktrees/all-task-update-intergration-sync-20260826/runs/gui-owl-1.5-32b-instruct-lite/core200_20260905/run_01/run_metadata.json,worker-worktrees/all-task-update-intergration-sync-20260826/runs/gui-owl-1.5-32b-instruct-lite/core200_20260905/run_01/079_linux_android_smarthome_466/config/task.json,formal_run_01: formal runner summary; archived incomplete attempts excluded,FAIL,FAIL,recorded_automatic_result; no applicable confirmed rescoring record located,0,0,selected-attempt result.json; no new scoring or reinterpretation,50,606.122,max_steps,4,android+home+linux,linux_0:linux;android_0:android;android_1:android;home_0:home,worker-worktrees/all-task-update-intergration-sync-20260826/runs/gui-owl-1.5-32b-instruct-lite/core200_20260905/experiment_metadata.json,worker-worktrees/all-task-update-intergration-sync-20260826/runs/gui-owl-1.5-32b-instruct-lite/core200_20260905/run_01/summary.json,worker-worktrees/all-task-update-intergration-sync-20260826/runs/gui-owl-1.5-32b-instruct-lite/core200_20260905/run_01/079_linux_android_smarthome_466/result.json,7348e006ce2a72ef39e134d3c1042de35ae11148,completed,formal_run_01,true,true,true,true
GUI-Owl-1.5-32B-Instruct,linux_android_smarthome_696,80,worker-worktrees/all-task-update-intergration-sync-20260826/runs/gui-owl-1.5-32b-instruct-lite/core200_20260905/run_01/080_linux_android_smarthome_696,worker-worktrees/all-task-update-intergration-sync-20260826/runs/gui-owl-1.5-32b-instruct-lite/core200_20260905/run_01/run_metadata.json,worker-worktrees/all-task-update-intergration-sync-20260826/runs/gui-owl-1.5-32b-instruct-lite/core200_20260905/run_01/080_linux_android_smarthome_696/config/task.json,formal_run_01: formal runner summary; archived incomplete attempts excluded,FAIL,FAIL,recorded_automatic_result; no applicable confirmed rescoring record located,0,0,selected-attempt result.json; no new scoring or reinterpretation,50,416.942,max_steps,3,android+home+linux,linux_0:linux;android_0:android;home_0:home,worker-worktrees/all-task-update-intergration-sync-20260826/runs/gui-owl-1.5-32b-instruct-lite/core200_20260905/experiment_metadata.json,worker-worktrees/all-task-update-intergration-sync-20260826/runs/gui-owl-1.5-32b-instruct-lite/core200_20260905/run_01/summary.json,worker-worktrees/all-task-update-intergration-sync-20260826/runs/gui-owl-1.5-32b-instruct-lite/core200_20260905/run_01/080_linux_android_smarthome_696/result.json,7348e006ce2a72ef39e134d3c1042de35ae11148,completed,formal_run_01,true,true,true,true
GUI-Owl-1.5-32B-Instruct,linux_android_smarthome_897,81,worker-worktrees/all-task-update-intergration-sync-20260826/runs/gui-owl-1.5-32b-instruct-lite/core200_20260905/run_01/081_linux_android_smarthome_897,worker-worktrees/all-task-update-intergration-sync-20260826/runs/gui-owl-1.5-32b-instruct-lite/core200_20260905/run_01/run_metadata.json,worker-worktrees/all-task-update-intergration-sync-20260826/runs/gui-owl-1.5-32b-instruct-lite/core200_20260905/run_01/081_linux_android_smarthome_897/config/task.json,formal_run_01: formal runner summary; archived incomplete attempts excluded,FAIL,FAIL,recorded_automatic_result; no applicable confirmed rescoring record located,0.5,0.5,selected-attempt result.json; no new scoring or reinterpretation,50,492.138,max_steps,4,android+home+linux,linux_0:linux;linux_1:linux;android_0:android;home_0:home,worker-worktrees/all-task-update-intergration-sync-20260826/runs/gui-owl-1.5-32b-instruct-lite/core200_20260905/experiment_metadata.json,worker-worktrees/all-task-update-intergration-sync-20260826/runs/gui-owl-1.5-32b-instruct-lite/core200_20260905/run_01/summary.json,worker-worktrees/all-task-update-intergration-sync-20260826/runs/gui-owl-1.5-32b-instruct-lite/core200_20260905/run_01/081_linux_android_smarthome_897/result.json,7348e006ce2a72ef39e134d3c1042de35ae11148,completed,formal_run_01,true,true,true,true
GUI-Owl-1.5-32B-Instruct,linux_android_smarthome_271,82,worker-worktrees/all-task-update-intergration-sync-20260826/runs/gui-owl-1.5-32b-instruct-lite/core200_20260905/run_01/082_linux_android_smarthome_271,worker-worktrees/all-task-update-intergration-sync-20260826/runs/gui-owl-1.5-32b-instruct-lite/core200_20260905/run_01/run_metadata.json,worker-worktrees/all-task-update-intergration-sync-20260826/runs/gui-owl-1.5-32b-instruct-lite/core200_20260905/run_01/082_linux_android_smarthome_271/config/task.json,formal_run_01: formal runner summary; archived incomplete attempts excluded,FAIL,FAIL,recorded_automatic_result; no applicable confirmed rescoring record located,0.3333333333333333,0.3333333333333333,selected-attempt result.json; no new scoring or reinterpretation,50,513.313,max_steps,3,android+home+linux,linux_0:linux;android_0:android;home_0:home,worker-worktrees/all-task-update-intergration-sync-20260826/runs/gui-owl-1.5-32b-instruct-lite/core200_20260905/experiment_metadata.json,worker-worktrees/all-task-update-intergration-sync-20260826/runs/gui-owl-1.5-32b-instruct-lite/core200_20260905/run_01/summary.json,worker-worktrees/all-task-update-intergration-sync-20260826/runs/gui-owl-1.5-32b-instruct-lite/core200_20260905/run_01/082_linux_android_smarthome_271/result.json,7348e006ce2a72ef39e134d3c1042de35ae11148,completed,formal_run_01,true,true,true,true
GUI-Owl-1.5-32B-Instruct,linux_android_smarthome_288,83,worker-worktrees/all-task-update-intergration-sync-20260826/runs/gui-owl-1.5-32b-instruct-lite/core200_20260905/run_01/083_linux_android_smarthome_288,worker-worktrees/all-task-update-intergration-sync-20260826/runs/gui-owl-1.5-32b-instruct-lite/core200_20260905/run_01/run_metadata.json,worker-worktrees/all-task-update-intergration-sync-20260826/runs/gui-owl-1.5-32b-instruct-lite/core200_20260905/run_01/083_linux_android_smarthome_288/config/task.json,formal_run_01: formal runner summary; archived incomplete attempts excluded,FAIL,FAIL,recorded_automatic_result; no applicable confirmed rescoring record located,0,0,selected-attempt result.json; no new scoring or reinterpretation,50,566.981,max_steps,3,android+home+linux,linux_0:linux;android_0:android;home_0:home,worker-worktrees/all-task-update-intergration-sync-20260826/runs/gui-owl-1.5-32b-instruct-lite/core200_20260905/experiment_metadata.json,worker-worktrees/all-task-update-intergration-sync-20260826/runs/gui-owl-1.5-32b-instruct-lite/core200_20260905/run_01/summary.json,worker-worktrees/all-task-update-intergration-sync-20260826/runs/gui-owl-1.5-32b-instruct-lite/core200_20260905/run_01/083_linux_android_smarthome_288/result.json,7348e006ce2a72ef39e134d3c1042de35ae11148,completed,formal_run_01,true,true,true,true
GUI-Owl-1.5-32B-Instruct,linux_android_smarthome_475,84,worker-worktrees/all-task-update-intergration-sync-20260826/runs/gui-owl-1.5-32b-instruct-lite/core200_20260905/run_01/084_linux_android_smarthome_475,worker-worktrees/all-task-update-intergration-sync-20260826/runs/gui-owl-1.5-32b-instruct-lite/core200_20260905/run_01/run_metadata.json,worker-worktrees/all-task-update-intergration-sync-20260826/runs/gui-owl-1.5-32b-instruct-lite/core200_20260905/run_01/084_linux_android_smarthome_475/config/task.json,formal_run_01: formal runner summary; archived incomplete attempts excluded,FAIL,FAIL,recorded_automatic_result; no applicable confirmed rescoring record located,0.6666666666666666,0.6666666666666666,selected-attempt result.json; no new scoring or reinterpretation,50,517.739,max_steps,4,android+home+linux,linux_0:linux;android_0:android;android_1:android;home_0:home,worker-worktrees/all-task-update-intergration-sync-20260826/runs/gui-owl-1.5-32b-instruct-lite/core200_20260905/experiment_metadata.json,worker-worktrees/all-task-update-intergration-sync-20260826/runs/gui-owl-1.5-32b-instruct-lite/core200_20260905/run_01/summary.json,worker-worktrees/all-task-update-intergration-sync-20260826/runs/gui-owl-1.5-32b-instruct-lite/core200_20260905/run_01/084_linux_android_smarthome_475/result.json,7348e006ce2a72ef39e134d3c1042de35ae11148,completed,formal_run_01,true,true,true,true
GUI-Owl-1.5-32B-Instruct,linux_android_smarthome_792,85,worker-worktrees/all-task-update-intergration-sync-20260826/runs/gui-owl-1.5-32b-instruct-lite/core200_20260905/run_01/085_linux_android_smarthome_792,worker-worktrees/all-task-update-intergration-sync-20260826/runs/gui-owl-1.5-32b-instruct-lite/core200_20260905/run_01/run_metadata.json,worker-worktrees/all-task-update-intergration-sync-20260826/runs/gui-owl-1.5-32b-instruct-lite/core200_20260905/run_01/085_linux_android_smarthome_792/config/task.json,formal_run_01: formal runner summary; archived incomplete attempts excluded,FAIL,FAIL,recorded_automatic_result; no applicable confirmed rescoring record located,0,0,selected-attempt result.json; no new scoring or reinterpretation,50,336.175,max_steps,3,android+home+linux,linux_0:linux;android_0:android;home_0:home,worker-worktrees/all-task-update-intergration-sync-20260826/runs/gui-owl-1.5-32b-instruct-lite/core200_20260905/experiment_metadata.json,worker-worktrees/all-task-update-intergration-sync-20260826/runs/gui-owl-1.5-32b-instruct-lite/core200_20260905/run_01/summary.json,worker-worktrees/all-task-update-intergration-sync-20260826/runs/gui-owl-1.5-32b-instruct-lite/core200_20260905/run_01/085_linux_android_smarthome_792/result.json,7348e006ce2a72ef39e134d3c1042de35ae11148,completed,formal_run_01,true,true,true,true
GUI-Owl-1.5-32B-Instruct,linux_android_smarthome_104,86,worker-worktrees/all-task-update-intergration-sync-20260826/runs/gui-owl-1.5-32b-instruct-lite/core200_20260905/run_01/086_linux_android_smarthome_104,worker-worktrees/all-task-update-intergration-sync-20260826/runs/gui-owl-1.5-32b-instruct-lite/core200_20260905/run_01/run_metadata.json,worker-worktrees/all-task-update-intergration-sync-20260826/runs/gui-owl-1.5-32b-instruct-lite/core200_20260905/run_01/086_linux_android_smarthome_104/config/task.json,formal_run_01: formal runner summary; archived incomplete attempts excluded,FAIL,FAIL,recorded_automatic_result; no applicable confirmed rescoring record located,0,0,selected-attempt result.json; no new scoring or reinterpretation,50,484.729,max_steps,3,android+home+linux,linux_0:linux;android_0:android;home_0:home,worker-worktrees/all-task-update-intergration-sync-20260826/runs/gui-owl-1.5-32b-instruct-lite/core200_20260905/experiment_metadata.json,worker-worktrees/all-task-update-intergration-sync-20260826/runs/gui-owl-1.5-32b-instruct-lite/core200_20260905/run_01/summary.json,worker-worktrees/all-task-update-intergration-sync-20260826/runs/gui-owl-1.5-32b-instruct-lite/core200_20260905/run_01/086_linux_android_smarthome_104/result.json,7348e006ce2a72ef39e134d3c1042de35ae11148,completed,formal_run_01,true,true,true,true
GUI-Owl-1.5-32B-Instruct,linux_android_smarthome_029,87,worker-worktrees/all-task-update-intergration-sync-20260826/runs/gui-owl-1.5-32b-instruct-lite/core200_20260905/run_01/087_linux_android_smarthome_029,worker-worktrees/all-task-update-intergration-sync-20260826/runs/gui-owl-1.5-32b-instruct-lite/core200_20260905/run_01/run_metadata.json,worker-worktrees/all-task-update-intergration-sync-20260826/runs/gui-owl-1.5-32b-instruct-lite/core200_20260905/run_01/087_linux_android_smarthome_029/config/task.json,formal_run_01: formal runner summary; archived incomplete attempts excluded,FAIL,FAIL,recorded_automatic_result; no applicable confirmed rescoring record located,0.5,0.5,selected-attempt result.json; no new scoring or reinterpretation,50,433.391,max_steps,3,android+home+linux,linux_0:linux;android_0:android;home_0:home,worker-worktrees/all-task-update-intergration-sync-20260826/runs/gui-owl-1.5-32b-instruct-lite/core200_20260905/experiment_metadata.json,worker-worktrees/all-task-update-intergration-sync-20260826/runs/gui-owl-1.5-32b-instruct-lite/core200_20260905/run_01/summary.json,worker-worktrees/all-task-update-intergration-sync-20260826/runs/gui-owl-1.5-32b-instruct-lite/core200_20260905/run_01/087_linux_android_smarthome_029/result.json,7348e006ce2a72ef39e134d3c1042de35ae11148,completed,formal_run_01,true,true,true,true
GUI-Owl-1.5-32B-Instruct,linux_android_smarthome_113,88,worker-worktrees/all-task-update-intergration-sync-20260826/runs/gui-owl-1.5-32b-instruct-lite/core200_20260905/run_01/088_linux_android_smarthome_113,worker-worktrees/all-task-update-intergration-sync-20260826/runs/gui-owl-1.5-32b-instruct-lite/core200_20260905/run_01/run_metadata.json,worker-worktrees/all-task-update-intergration-sync-20260826/runs/gui-owl-1.5-32b-instruct-lite/core200_20260905/run_01/088_linux_android_smarthome_113/config/task.json,formal_run_01: formal runner summary; archived incomplete attempts excluded,FAIL,FAIL,recorded_automatic_result; no applicable confirmed rescoring record located,0.3333333333333333,0.3333333333333333,selected-attempt result.json; no new scoring or reinterpretation,50,1157.519,max_steps,3,android+home+linux,linux_0:linux;android_0:android;home_0:home,worker-worktrees/all-task-update-intergration-sync-20260826/runs/gui-owl-1.5-32b-instruct-lite/core200_20260905/experiment_metadata.json,worker-worktrees/all-task-update-intergration-sync-20260826/runs/gui-owl-1.5-32b-instruct-lite/core200_20260905/run_01/summary.json,worker-worktrees/all-task-update-intergration-sync-20260826/runs/gui-owl-1.5-32b-instruct-lite/core200_20260905/run_01/088_linux_android_smarthome_113/result.json,7348e006ce2a72ef39e134d3c1042de35ae11148,completed,formal_run_01,true,true,true,true
GUI-Owl-1.5-32B-Instruct,linux_android_smarthome_025,89,worker-worktrees/all-task-update-intergration-sync-20260826/runs/gui-owl-1.5-32b-instruct-lite/core200_20260905/run_01/089_linux_android_smarthome_025,worker-worktrees/all-task-update-intergration-sync-20260826/runs/gui-owl-1.5-32b-instruct-lite/core200_20260905/run_01/run_metadata.json,worker-worktrees/all-task-update-intergration-sync-20260826/runs/gui-owl-1.5-32b-instruct-lite/core200_20260905/run_01/089_linux_android_smarthome_025/config/task.json,formal_run_01: formal runner summary; archived incomplete attempts excluded,FAIL,FAIL,recorded_automatic_result; no applicable confirmed rescoring record located,0,0,selected-attempt result.json; no new scoring or reinterpretation,50,397.839,max_steps,3,android+home+linux,linux_0:linux;android_0:android;home_0:home,worker-worktrees/all-task-update-intergration-sync-20260826/runs/gui-owl-1.5-32b-instruct-lite/core200_20260905/experiment_metadata.json,worker-worktrees/all-task-update-intergration-sync-20260826/runs/gui-owl-1.5-32b-instruct-lite/core200_20260905/run_01/summary.json,worker-worktrees/all-task-update-intergration-sync-20260826/runs/gui-owl-1.5-32b-instruct-lite/core200_20260905/run_01/089_linux_android_smarthome_025/result.json,7348e006ce2a72ef39e134d3c1042de35ae11148,completed,formal_run_01,true,true,true,true
GUI-Owl-1.5-32B-Instruct,linux_android_smarthome_185,90,worker-worktrees/all-task-update-intergration-sync-20260826/runs/gui-owl-1.5-32b-instruct-lite/core200_20260905/run_01/090_linux_android_smarthome_185,worker-worktrees/all-task-update-intergration-sync-20260826/runs/gui-owl-1.5-32b-instruct-lite/core200_20260905/run_01/run_metadata.json,worker-worktrees/all-task-update-intergration-sync-20260826/runs/gui-owl-1.5-32b-instruct-lite/core200_20260905/run_01/090_linux_android_smarthome_185/config/task.json,formal_run_01: formal runner summary; archived incomplete attempts excluded,FAIL,FAIL,recorded_automatic_result; no applicable confirmed rescoring record located,0.6666666666666666,0.6666666666666666,selected-attempt result.json; no new scoring or reinterpretation,4,148.306,done,3,android+home+linux,linux_0:linux;android_0:android;home_0:home,worker-worktrees/all-task-update-intergration-sync-20260826/runs/gui-owl-1.5-32b-instruct-lite/core200_20260905/experiment_metadata.json,worker-worktrees/all-task-update-intergration-sync-20260826/runs/gui-owl-1.5-32b-instruct-lite/core200_20260905/run_01/summary.json,worker-worktrees/all-task-update-intergration-sync-20260826/runs/gui-owl-1.5-32b-instruct-lite/core200_20260905/run_01/090_linux_android_smarthome_185/result.json,7348e006ce2a72ef39e134d3c1042de35ae11148,completed,formal_run_01,true,true,true,true
GUI-Owl-1.5-32B-Instruct,linux_android_smarthome_002,91,worker-worktrees/all-task-update-intergration-sync-20260826/runs/gui-owl-1.5-32b-instruct-lite/core200_20260905/run_01/091_linux_android_smarthome_002,worker-worktrees/all-task-update-intergration-sync-20260826/runs/gui-owl-1.5-32b-instruct-lite/core200_20260905/run_01/run_metadata.json,worker-worktrees/all-task-update-intergration-sync-20260826/runs/gui-owl-1.5-32b-instruct-lite/core200_20260905/run_01/091_linux_android_smarthome_002/config/task.json,formal_run_01: formal runner summary; archived incomplete attempts excluded,FAIL,FAIL,recorded_automatic_result; no applicable confirmed rescoring record located,0,0,selected-attempt result.json; no new scoring or reinterpretation,50,613.719,max_steps,3,android+home+linux,linux_0:linux;android_0:android;home_0:home,worker-worktrees/all-task-update-intergration-sync-20260826/runs/gui-owl-1.5-32b-instruct-lite/core200_20260905/experiment_metadata.json,worker-worktrees/all-task-update-intergration-sync-20260826/runs/gui-owl-1.5-32b-instruct-lite/core200_20260905/run_01/summary.json,worker-worktrees/all-task-update-intergration-sync-20260826/runs/gui-owl-1.5-32b-instruct-lite/core200_20260905/run_01/091_linux_android_smarthome_002/result.json,7348e006ce2a72ef39e134d3c1042de35ae11148,completed,formal_run_01,true,true,true,true
GUI-Owl-1.5-32B-Instruct,linux_android_smarthome_077,92,worker-worktrees/all-task-update-intergration-sync-20260826/runs/gui-owl-1.5-32b-instruct-lite/core200_20260905/run_01/092_linux_android_smarthome_077,worker-worktrees/all-task-update-intergration-sync-20260826/runs/gui-owl-1.5-32b-instruct-lite/core200_20260905/run_01/run_metadata.json,worker-worktrees/all-task-update-intergration-sync-20260826/runs/gui-owl-1.5-32b-instruct-lite/core200_20260905/run_01/092_linux_android_smarthome_077/config/task.json,formal_run_01: formal runner summary; archived incomplete attempts excluded,FAIL,FAIL,recorded_automatic_result; no applicable confirmed rescoring record located,0.3333333333333333,0.3333333333333333,selected-attempt result.json; no new scoring or reinterpretation,50,491.958,max_steps,3,android+home+linux,linux_0:linux;android_0:android;home_0:home,worker-worktrees/all-task-update-intergration-sync-20260826/runs/gui-owl-1.5-32b-instruct-lite/core200_20260905/experiment_metadata.json,worker-worktrees/all-task-update-intergration-sync-20260826/runs/gui-owl-1.5-32b-instruct-lite/core200_20260905/run_01/summary.json,worker-worktrees/all-task-update-intergration-sync-20260826/runs/gui-owl-1.5-32b-instruct-lite/core200_20260905/run_01/092_linux_android_smarthome_077/result.json,7348e006ce2a72ef39e134d3c1042de35ae11148,completed,formal_run_01,true,true,true,true
GUI-Owl-1.5-32B-Instruct,linux_android_smarthome_338,93,worker-worktrees/all-task-update-intergration-sync-20260826/runs/gui-owl-1.5-32b-instruct-lite/core200_20260905/run_01/093_linux_android_smarthome_338,worker-worktrees/all-task-update-intergration-sync-20260826/runs/gui-owl-1.5-32b-instruct-lite/core200_20260905/run_01/run_metadata.json,worker-worktrees/all-task-update-intergration-sync-20260826/runs/gui-owl-1.5-32b-instruct-lite/core200_20260905/run_01/093_linux_android_smarthome_338/config/task.json,formal_run_01: formal runner summary; archived incomplete attempts excluded,FAIL,FAIL,recorded_automatic_result; no applicable confirmed rescoring record located,0,0,selected-attempt result.json; no new scoring or reinterpretation,50,516.175,max_steps,4,android+home+linux,linux_0:linux;android_0:android;android_1:android;home_0:home,worker-worktrees/all-task-update-intergration-sync-20260826/runs/gui-owl-1.5-32b-instruct-lite/core200_20260905/experiment_metadata.json,worker-worktrees/all-task-update-intergration-sync-20260826/runs/gui-owl-1.5-32b-instruct-lite/core200_20260905/run_01/summary.json,worker-worktrees/all-task-update-intergration-sync-20260826/runs/gui-owl-1.5-32b-instruct-lite/core200_20260905/run_01/093_linux_android_smarthome_338/result.json,7348e006ce2a72ef39e134d3c1042de35ae11148,completed,formal_run_01,true,true,true,true
GUI-Owl-1.5-32B-Instruct,linux_android_smarthome_423,94,worker-worktrees/all-task-update-intergration-sync-20260826/runs/gui-owl-1.5-32b-instruct-lite/core200_20260905/run_01/094_linux_android_smarthome_423,worker-worktrees/all-task-update-intergration-sync-20260826/runs/gui-owl-1.5-32b-instruct-lite/core200_20260905/run_01/run_metadata.json,worker-worktrees/all-task-update-intergration-sync-20260826/runs/gui-owl-1.5-32b-instruct-lite/core200_20260905/run_01/094_linux_android_smarthome_423/config/task.json,formal_run_01: formal runner summary; archived incomplete attempts excluded,FAIL,FAIL,recorded_automatic_result; no applicable confirmed rescoring record located,0,0,selected-attempt result.json; no new scoring or reinterpretation,50,415.52,max_steps,4,android+home+linux,linux_0:linux;android_0:android;android_1:android;home_0:home,worker-worktrees/all-task-update-intergration-sync-20260826/runs/gui-owl-1.5-32b-instruct-lite/core200_20260905/experiment_metadata.json,worker-worktrees/all-task-update-intergration-sync-20260826/runs/gui-owl-1.5-32b-instruct-lite/core200_20260905/run_01/summary.json,worker-worktrees/all-task-update-intergration-sync-20260826/runs/gui-owl-1.5-32b-instruct-lite/core200_20260905/run_01/094_linux_android_smarthome_423/result.json,7348e006ce2a72ef39e134d3c1042de35ae11148,completed,formal_run_01,true,true,true,true
GUI-Owl-1.5-32B-Instruct,linux_android_smarthome_005,95,worker-worktrees/all-task-update-intergration-sync-20260826/runs/gui-owl-1.5-32b-instruct-lite/core200_20260905/run_01/095_linux_android_smarthome_005,worker-worktrees/all-task-update-intergration-sync-20260826/runs/gui-owl-1.5-32b-instruct-lite/core200_20260905/run_01/run_metadata.json,worker-worktrees/all-task-update-intergration-sync-20260826/runs/gui-owl-1.5-32b-instruct-lite/core200_20260905/run_01/095_linux_android_smarthome_005/config/task.json,formal_run_01: formal runner summary; archived incomplete attempts excluded,FAIL,FAIL,recorded_automatic_result; no applicable confirmed rescoring record located,0.75,0.75,selected-attempt result.json; no new scoring or reinterpretation,50,436.736,max_steps,3,android+home+linux,linux_0:linux;android_0:android;home_0:home,worker-worktrees/all-task-update-intergration-sync-20260826/runs/gui-owl-1.5-32b-instruct-lite/core200_20260905/experiment_metadata.json,worker-worktrees/all-task-update-intergration-sync-20260826/runs/gui-owl-1.5-32b-instruct-lite/core200_20260905/run_01/summary.json,worker-worktrees/all-task-update-intergration-sync-20260826/runs/gui-owl-1.5-32b-instruct-lite/core200_20260905/run_01/095_linux_android_smarthome_005/result.json,7348e006ce2a72ef39e134d3c1042de35ae11148,completed,formal_run_01,true,true,true,true
GUI-Owl-1.5-32B-Instruct,linux_android_smarthome_422,96,worker-worktrees/all-task-update-intergration-sync-20260826/runs/gui-owl-1.5-32b-instruct-lite/core200_20260905/run_01/096_linux_android_smarthome_422,worker-worktrees/all-task-update-intergration-sync-20260826/runs/gui-owl-1.5-32b-instruct-lite/core200_20260905/run_01/run_metadata.json,worker-worktrees/all-task-update-intergration-sync-20260826/runs/gui-owl-1.5-32b-instruct-lite/core200_20260905/run_01/096_linux_android_smarthome_422/config/task.json,formal_run_01: formal runner summary; archived incomplete attempts excluded,FAIL,FAIL,recorded_automatic_result; no applicable confirmed rescoring record located,0.5,0.5,selected-attempt result.json; no new scoring or reinterpretation,50,491.355,max_steps,4,android+home+linux,linux_0:linux;android_0:android;android_1:android;home_0:home,worker-worktrees/all-task-update-intergration-sync-20260826/runs/gui-owl-1.5-32b-instruct-lite/core200_20260905/experiment_metadata.json,worker-worktrees/all-task-update-intergration-sync-20260826/runs/gui-owl-1.5-32b-instruct-lite/core200_20260905/run_01/summary.json,worker-worktrees/all-task-update-intergration-sync-20260826/runs/gui-owl-1.5-32b-instruct-lite/core200_20260905/run_01/096_linux_android_smarthome_422/result.json,7348e006ce2a72ef39e134d3c1042de35ae11148,completed,formal_run_01,true,true,true,true
GUI-Owl-1.5-32B-Instruct,linux_android_smarthome_439,97,worker-worktrees/all-task-update-intergration-sync-20260826/runs/gui-owl-1.5-32b-instruct-lite/core200_20260905/run_01/097_linux_android_smarthome_439,worker-worktrees/all-task-update-intergration-sync-20260826/runs/gui-owl-1.5-32b-instruct-lite/core200_20260905/run_01/run_metadata.json,worker-worktrees/all-task-update-intergration-sync-20260826/runs/gui-owl-1.5-32b-instruct-lite/core200_20260905/run_01/097_linux_android_smarthome_439/config/task.json,formal_run_01: formal runner summary; archived incomplete attempts excluded,FAIL,FAIL,recorded_automatic_result; no applicable confirmed rescoring record located,0,0,selected-attempt result.json; no new scoring or reinterpretation,50,658.574,max_steps,4,android+home+linux,linux_0:linux;android_0:android;android_1:android;home_0:home,worker-worktrees/all-task-update-intergration-sync-20260826/runs/gui-owl-1.5-32b-instruct-lite/core200_20260905/experiment_metadata.json,worker-worktrees/all-task-update-intergration-sync-20260826/runs/gui-owl-1.5-32b-instruct-lite/core200_20260905/run_01/summary.json,worker-worktrees/all-task-update-intergration-sync-20260826/runs/gui-owl-1.5-32b-instruct-lite/core200_20260905/run_01/097_linux_android_smarthome_439/result.json,7348e006ce2a72ef39e134d3c1042de35ae11148,completed,formal_run_01,true,true,true,true
GUI-Owl-1.5-32B-Instruct,linux_android_smarthome_457,98,worker-worktrees/all-task-update-intergration-sync-20260826/runs/gui-owl-1.5-32b-instruct-lite/core200_20260905/run_01/098_linux_android_smarthome_457,worker-worktrees/all-task-update-intergration-sync-20260826/runs/gui-owl-1.5-32b-instruct-lite/core200_20260905/run_01/run_metadata.json,worker-worktrees/all-task-update-intergration-sync-20260826/runs/gui-owl-1.5-32b-instruct-lite/core200_20260905/run_01/098_linux_android_smarthome_457/config/task.json,formal_run_01: formal runner summary; archived incomplete attempts excluded,FAIL,FAIL,recorded_automatic_result; no applicable confirmed rescoring record located,0.5,0.5,selected-attempt result.json; no new scoring or reinterpretation,50,700.096,max_steps,4,android+home+linux,linux_0:linux;android_0:android;android_1:android;home_0:home,worker-worktrees/all-task-update-intergration-sync-20260826/runs/gui-owl-1.5-32b-instruct-lite/core200_20260905/experiment_metadata.json,worker-worktrees/all-task-update-intergration-sync-20260826/runs/gui-owl-1.5-32b-instruct-lite/core200_20260905/run_01/summary.json,worker-worktrees/all-task-update-intergration-sync-20260826/runs/gui-owl-1.5-32b-instruct-lite/core200_20260905/run_01/098_linux_android_smarthome_457/result.json,7348e006ce2a72ef39e134d3c1042de35ae11148,completed,formal_run_01,true,true,true,true
GUI-Owl-1.5-32B-Instruct,linux_android_smarthome_609,99,worker-worktrees/all-task-update-intergration-sync-20260826/runs/gui-owl-1.5-32b-instruct-lite/core200_20260905/run_01/099_linux_android_smarthome_609,worker-worktrees/all-task-update-intergration-sync-20260826/runs/gui-owl-1.5-32b-instruct-lite/core200_20260905/run_01/run_metadata.json,worker-worktrees/all-task-update-intergration-sync-20260826/runs/gui-owl-1.5-32b-instruct-lite/core200_20260905/run_01/099_linux_android_smarthome_609/config/task.json,formal_run_01: formal runner summary; archived incomplete attempts excluded,FAIL,FAIL,recorded_automatic_result; no applicable confirmed rescoring record located,0,0,selected-attempt result.json; no new scoring or reinterpretation,50,624.397,max_steps,4,android+home+linux,linux_0:linux;android_0:android;android_1:android;home_0:home,worker-worktrees/all-task-update-intergration-sync-20260826/runs/gui-owl-1.5-32b-instruct-lite/core200_20260905/experiment_metadata.json,worker-worktrees/all-task-update-intergration-sync-20260826/runs/gui-owl-1.5-32b-instruct-lite/core200_20260905/run_01/summary.json,worker-worktrees/all-task-update-intergration-sync-20260826/runs/gui-owl-1.5-32b-instruct-lite/core200_20260905/run_01/099_linux_android_smarthome_609/result.json,7348e006ce2a72ef39e134d3c1042de35ae11148,completed,formal_run_01,true,true,true,true
GUI-Owl-1.5-32B-Instruct,linux_android_smarthome_877,100,worker-worktrees/all-task-update-intergration-sync-20260826/runs/gui-owl-1.5-32b-instruct-lite/core200_20260905/run_01/100_linux_android_smarthome_877,worker-worktrees/all-task-update-intergration-sync-20260826/runs/gui-owl-1.5-32b-instruct-lite/core200_20260905/run_01/run_metadata.json,worker-worktrees/all-task-update-intergration-sync-20260826/runs/gui-owl-1.5-32b-instruct-lite/core200_20260905/run_01/100_linux_android_smarthome_877/config/task.json,formal_run_01: formal runner summary; archived incomplete attempts excluded,FAIL,FAIL,recorded_automatic_result; no applicable confirmed rescoring record located,0.5,0.5,selected-attempt result.json; no new scoring or reinterpretation,50,457.062,max_steps,4,android+home+linux,linux_0:linux;linux_1:linux;android_0:android;home_0:home,worker-worktrees/all-task-update-intergration-sync-20260826/runs/gui-owl-1.5-32b-instruct-lite/core200_20260905/experiment_metadata.json,worker-worktrees/all-task-update-intergration-sync-20260826/runs/gui-owl-1.5-32b-instruct-lite/core200_20260905/run_01/summary.json,worker-worktrees/all-task-update-intergration-sync-20260826/runs/gui-owl-1.5-32b-instruct-lite/core200_20260905/run_01/100_linux_android_smarthome_877/result.json,7348e006ce2a72ef39e134d3c1042de35ae11148,completed,formal_run_01,true,true,true,true
GUI-Owl-1.5-32B-Instruct,linux_android_smarthome_472,101,worker-worktrees/all-task-update-intergration-sync-20260826/runs/gui-owl-1.5-32b-instruct-lite/core200_20260905/run_01/101_linux_android_smarthome_472,worker-worktrees/all-task-update-intergration-sync-20260826/runs/gui-owl-1.5-32b-instruct-lite/core200_20260905/run_01/run_metadata.json,worker-worktrees/all-task-update-intergration-sync-20260826/runs/gui-owl-1.5-32b-instruct-lite/core200_20260905/run_01/101_linux_android_smarthome_472/config/task.json,formal_run_01: formal runner summary; archived incomplete attempts excluded,FAIL,FAIL,recorded_automatic_result; no applicable confirmed rescoring record located,0,0,selected-attempt result.json; no new scoring or reinterpretation,50,592.478,max_steps,4,android+home+linux,linux_0:linux;android_0:android;android_1:android;home_0:home,worker-worktrees/all-task-update-intergration-sync-20260826/runs/gui-owl-1.5-32b-instruct-lite/core200_20260905/experiment_metadata.json,worker-worktrees/all-task-update-intergration-sync-20260826/runs/gui-owl-1.5-32b-instruct-lite/core200_20260905/run_01/summary.json,worker-worktrees/all-task-update-intergration-sync-20260826/runs/gui-owl-1.5-32b-instruct-lite/core200_20260905/run_01/101_linux_android_smarthome_472/result.json,7348e006ce2a72ef39e134d3c1042de35ae11148,completed,formal_run_01,true,true,true,true
GUI-Owl-1.5-32B-Instruct,linux_android_smarthome_909,102,worker-worktrees/all-task-update-intergration-sync-20260826/runs/gui-owl-1.5-32b-instruct-lite/core200_20260905/run_01/102_linux_android_smarthome_909,worker-worktrees/all-task-update-intergration-sync-20260826/runs/gui-owl-1.5-32b-instruct-lite/core200_20260905/run_01/run_metadata.json,worker-worktrees/all-task-update-intergration-sync-20260826/runs/gui-owl-1.5-32b-instruct-lite/core200_20260905/run_01/102_linux_android_smarthome_909/config/task.json,formal_run_01: formal runner summary; archived incomplete attempts excluded,FAIL,FAIL,recorded_automatic_result; no applicable confirmed rescoring record located,0.3333333333333333,0.3333333333333333,selected-attempt result.json; no new scoring or reinterpretation,47,1828.687,time_limit,4,android+home+linux,linux_0:linux;linux_1:linux;android_0:android;home_0:home,worker-worktrees/all-task-update-intergration-sync-20260826/runs/gui-owl-1.5-32b-instruct-lite/core200_20260905/experiment_metadata.json,worker-worktrees/all-task-update-intergration-sync-20260826/runs/gui-owl-1.5-32b-instruct-lite/core200_20260905/run_01/summary.json,worker-worktrees/all-task-update-intergration-sync-20260826/runs/gui-owl-1.5-32b-instruct-lite/core200_20260905/run_01/102_linux_android_smarthome_909/result.json,7348e006ce2a72ef39e134d3c1042de35ae11148,completed,formal_run_01,true,true,true,true
GUI-Owl-1.5-32B-Instruct,linux_android_smarthome_287,103,worker-worktrees/all-task-update-intergration-sync-20260826/runs/gui-owl-1.5-32b-instruct-lite/core200_20260905/run_01/103_linux_android_smarthome_287,worker-worktrees/all-task-update-intergration-sync-20260826/runs/gui-owl-1.5-32b-instruct-lite/core200_20260905/run_01/run_metadata.json,worker-worktrees/all-task-update-intergration-sync-20260826/runs/gui-owl-1.5-32b-instruct-lite/core200_20260905/run_01/103_linux_android_smarthome_287/config/task.json,formal_run_01: formal runner summary; archived incomplete attempts excluded,FAIL,FAIL,recorded_automatic_result; no applicable confirmed rescoring record located,0.5,0.5,selected-attempt result.json; no new scoring or reinterpretation,50,418.013,max_steps,3,android+home+linux,linux_0:linux;android_0:android;home_0:home,worker-worktrees/all-task-update-intergration-sync-20260826/runs/gui-owl-1.5-32b-instruct-lite/core200_20260905/experiment_metadata.json,worker-worktrees/all-task-update-intergration-sync-20260826/runs/gui-owl-1.5-32b-instruct-lite/core200_20260905/run_01/summary.json,worker-worktrees/all-task-update-intergration-sync-20260826/runs/gui-owl-1.5-32b-instruct-lite/core200_20260905/run_01/103_linux_android_smarthome_287/result.json,7348e006ce2a72ef39e134d3c1042de35ae11148,completed,formal_run_01,true,true,true,true
GUI-Owl-1.5-32B-Instruct,linux_android_smarthome_470,104,worker-worktrees/all-task-update-intergration-sync-20260826/runs/gui-owl-1.5-32b-instruct-lite/core200_20260905/run_01/104_linux_android_smarthome_470,worker-worktrees/all-task-update-intergration-sync-20260826/runs/gui-owl-1.5-32b-instruct-lite/core200_20260905/run_01/run_metadata.json,worker-worktrees/all-task-update-intergration-sync-20260826/runs/gui-owl-1.5-32b-instruct-lite/core200_20260905/run_01/104_linux_android_smarthome_470/config/task.json,formal_run_01: formal runner summary; archived incomplete attempts excluded,FAIL,FAIL,recorded_automatic_result; no applicable confirmed rescoring record located,0,0,selected-attempt result.json; no new scoring or reinterpretation,50,556.983,max_steps,4,android+home+linux,linux_0:linux;android_0:android;android_1:android;home_0:home,worker-worktrees/all-task-update-intergration-sync-20260826/runs/gui-owl-1.5-32b-instruct-lite/core200_20260905/experiment_metadata.json,worker-worktrees/all-task-update-intergration-sync-20260826/runs/gui-owl-1.5-32b-instruct-lite/core200_20260905/run_01/summary.json,worker-worktrees/all-task-update-intergration-sync-20260826/runs/gui-owl-1.5-32b-instruct-lite/core200_20260905/run_01/104_linux_android_smarthome_470/result.json,7348e006ce2a72ef39e134d3c1042de35ae11148,completed,formal_run_01,true,true,true,true
GUI-Owl-1.5-32B-Instruct,linux_android_smarthome_941,105,worker-worktrees/all-task-update-intergration-sync-20260826/runs/gui-owl-1.5-32b-instruct-lite/core200_20260905/run_01/105_linux_android_smarthome_941,worker-worktrees/all-task-update-intergration-sync-20260826/runs/gui-owl-1.5-32b-instruct-lite/core200_20260905/run_01/run_metadata.json,worker-worktrees/all-task-update-intergration-sync-20260826/runs/gui-owl-1.5-32b-instruct-lite/core200_20260905/run_01/105_linux_android_smarthome_941/config/task.json,formal_run_01: formal runner summary; archived incomplete attempts excluded,FAIL,FAIL,recorded_automatic_result; no applicable confirmed rescoring record located,0.3333333333333333,0.3333333333333333,selected-attempt result.json; no new scoring or reinterpretation,44,1815.952,time_limit,4,android+home+linux,linux_0:linux;linux_1:linux;android_0:android;home_0:home,worker-worktrees/all-task-update-intergration-sync-20260826/runs/gui-owl-1.5-32b-instruct-lite/core200_20260905/experiment_metadata.json,worker-worktrees/all-task-update-intergration-sync-20260826/runs/gui-owl-1.5-32b-instruct-lite/core200_20260905/run_01/summary.json,worker-worktrees/all-task-update-intergration-sync-20260826/runs/gui-owl-1.5-32b-instruct-lite/core200_20260905/run_01/105_linux_android_smarthome_941/result.json,7348e006ce2a72ef39e134d3c1042de35ae11148,completed,formal_run_01,true,true,true,true
GUI-Owl-1.5-32B-Instruct,linux_smarthome_454,106,worker-worktrees/all-task-update-intergration-sync-20260826/runs/gui-owl-1.5-32b-instruct-lite/core200_20260905/run_01/106_linux_smarthome_454,worker-worktrees/all-task-update-intergration-sync-20260826/runs/gui-owl-1.5-32b-instruct-lite/core200_20260905/run_01/run_metadata.json,worker-worktrees/all-task-update-intergration-sync-20260826/runs/gui-owl-1.5-32b-instruct-lite/core200_20260905/run_01/106_linux_smarthome_454/config/task.json,formal_run_01: formal runner summary; archived incomplete attempts excluded,FAIL,FAIL,recorded_automatic_result; no applicable confirmed rescoring record located,0.5,0.5,selected-attempt result.json; no new scoring or reinterpretation,50,541.934,max_steps,2,home+linux,linux_0:linux;home_0:home,worker-worktrees/all-task-update-intergration-sync-20260826/runs/gui-owl-1.5-32b-instruct-lite/core200_20260905/experiment_metadata.json,worker-worktrees/all-task-update-intergration-sync-20260826/runs/gui-owl-1.5-32b-instruct-lite/core200_20260905/run_01/summary.json,worker-worktrees/all-task-update-intergration-sync-20260826/runs/gui-owl-1.5-32b-instruct-lite/core200_20260905/run_01/106_linux_smarthome_454/result.json,7348e006ce2a72ef39e134d3c1042de35ae11148,completed,formal_run_01,true,true,true,true
GUI-Owl-1.5-32B-Instruct,linux_smarthome_350,107,worker-worktrees/all-task-update-intergration-sync-20260826/runs/gui-owl-1.5-32b-instruct-lite/core200_20260905/run_01/107_linux_smarthome_350,worker-worktrees/all-task-update-intergration-sync-20260826/runs/gui-owl-1.5-32b-instruct-lite/core200_20260905/run_01/run_metadata.json,worker-worktrees/all-task-update-intergration-sync-20260826/runs/gui-owl-1.5-32b-instruct-lite/core200_20260905/run_01/107_linux_smarthome_350/config/task.json,formal_run_01: formal runner summary; archived incomplete attempts excluded,FAIL,FAIL,recorded_automatic_result; no applicable confirmed rescoring record located,0.5,0.5,selected-attempt result.json; no new scoring or reinterpretation,50,1096.706,max_steps,2,home+linux,linux_0:linux;home_0:home,worker-worktrees/all-task-update-intergration-sync-20260826/runs/gui-owl-1.5-32b-instruct-lite/core200_20260905/experiment_metadata.json,worker-worktrees/all-task-update-intergration-sync-20260826/runs/gui-owl-1.5-32b-instruct-lite/core200_20260905/run_01/summary.json,worker-worktrees/all-task-update-intergration-sync-20260826/runs/gui-owl-1.5-32b-instruct-lite/core200_20260905/run_01/107_linux_smarthome_350/result.json,7348e006ce2a72ef39e134d3c1042de35ae11148,completed,formal_run_01,true,true,true,true
GUI-Owl-1.5-32B-Instruct,linux_smarthome_520,108,worker-worktrees/all-task-update-intergration-sync-20260826/runs/gui-owl-1.5-32b-instruct-lite/core200_20260905/run_01/108_linux_smarthome_520,worker-worktrees/all-task-update-intergration-sync-20260826/runs/gui-owl-1.5-32b-instruct-lite/core200_20260905/run_01/run_metadata.json,worker-worktrees/all-task-update-intergration-sync-20260826/runs/gui-owl-1.5-32b-instruct-lite/core200_20260905/run_01/108_linux_smarthome_520/config/task.json,formal_run_01: formal runner summary; archived incomplete attempts excluded,FAIL,FAIL,recorded_automatic_result; no applicable confirmed rescoring record located,0.5,0.5,selected-attempt result.json; no new scoring or reinterpretation,8,210.698,done,3,home+linux,linux_0:linux;linux_1:linux;home_0:home,worker-worktrees/all-task-update-intergration-sync-20260826/runs/gui-owl-1.5-32b-instruct-lite/core200_20260905/experiment_metadata.json,worker-worktrees/all-task-update-intergration-sync-20260826/runs/gui-owl-1.5-32b-instruct-lite/core200_20260905/run_01/summary.json,worker-worktrees/all-task-update-intergration-sync-20260826/runs/gui-owl-1.5-32b-instruct-lite/core200_20260905/run_01/108_linux_smarthome_520/result.json,7348e006ce2a72ef39e134d3c1042de35ae11148,completed,formal_run_01,true,true,true,true
GUI-Owl-1.5-32B-Instruct,linux_smarthome_098,109,worker-worktrees/all-task-update-intergration-sync-20260826/runs/gui-owl-1.5-32b-instruct-lite/core200_20260905/run_01/109_linux_smarthome_098,worker-worktrees/all-task-update-intergration-sync-20260826/runs/gui-owl-1.5-32b-instruct-lite/core200_20260905/run_01/run_metadata.json,worker-worktrees/all-task-update-intergration-sync-20260826/runs/gui-owl-1.5-32b-instruct-lite/core200_20260905/run_01/109_linux_smarthome_098/config/task.json,formal_run_01: formal runner summary; archived incomplete attempts excluded,PASS,PASS,recorded_automatic_result; no applicable confirmed rescoring record located,1,1,selected-attempt result.json; no new scoring or reinterpretation,4,99.189,done,2,home+linux,linux_0:linux;home_0:home,worker-worktrees/all-task-update-intergration-sync-20260826/runs/gui-owl-1.5-32b-instruct-lite/core200_20260905/experiment_metadata.json,worker-worktrees/all-task-update-intergration-sync-20260826/runs/gui-owl-1.5-32b-instruct-lite/core200_20260905/run_01/summary.json,worker-worktrees/all-task-update-intergration-sync-20260826/runs/gui-owl-1.5-32b-instruct-lite/core200_20260905/run_01/109_linux_smarthome_098/result.json,7348e006ce2a72ef39e134d3c1042de35ae11148,completed,formal_run_01,true,true,true,true
GUI-Owl-1.5-32B-Instruct,linux_smarthome_387,110,worker-worktrees/all-task-update-intergration-sync-20260826/runs/gui-owl-1.5-32b-instruct-lite/core200_20260905/run_01/110_linux_smarthome_387,worker-worktrees/all-task-update-intergration-sync-20260826/runs/gui-owl-1.5-32b-instruct-lite/core200_20260905/run_01/run_metadata.json,worker-worktrees/all-task-update-intergration-sync-20260826/runs/gui-owl-1.5-32b-instruct-lite/core200_20260905/run_01/110_linux_smarthome_387/config/task.json,formal_run_01: formal runner summary; archived incomplete attempts excluded,FAIL,FAIL,recorded_automatic_result; no applicable confirmed rescoring record located,0,0,selected-attempt result.json; no new scoring or reinterpretation,5,94.143,done,2,home+linux,linux_0:linux;home_0:home,worker-worktrees/all-task-update-intergration-sync-20260826/runs/gui-owl-1.5-32b-instruct-lite/core200_20260905/experiment_metadata.json,worker-worktrees/all-task-update-intergration-sync-20260826/runs/gui-owl-1.5-32b-instruct-lite/core200_20260905/run_01/summary.json,worker-worktrees/all-task-update-intergration-sync-20260826/runs/gui-owl-1.5-32b-instruct-lite/core200_20260905/run_01/110_linux_smarthome_387/result.json,7348e006ce2a72ef39e134d3c1042de35ae11148,completed,formal_run_01,true,true,true,true
GUI-Owl-1.5-32B-Instruct,linux_smarthome_606,111,worker-worktrees/all-task-update-intergration-sync-20260826/runs/gui-owl-1.5-32b-instruct-lite/core200_20260905/run_01/111_linux_smarthome_606,worker-worktrees/all-task-update-intergration-sync-20260826/runs/gui-owl-1.5-32b-instruct-lite/core200_20260905/run_01/run_metadata.json,worker-worktrees/all-task-update-intergration-sync-20260826/runs/gui-owl-1.5-32b-instruct-lite/core200_20260905/run_01/111_linux_smarthome_606/config/task.json,formal_run_01: formal runner summary; archived incomplete attempts excluded,FAIL,FAIL,recorded_automatic_result; no applicable confirmed rescoring record located,0,0,selected-attempt result.json; no new scoring or reinterpretation,11,227.127,done,3,home+linux,linux_0:linux;linux_1:linux;home_0:home,worker-worktrees/all-task-update-intergration-sync-20260826/runs/gui-owl-1.5-32b-instruct-lite/core200_20260905/experiment_metadata.json,worker-worktrees/all-task-update-intergration-sync-20260826/runs/gui-owl-1.5-32b-instruct-lite/core200_20260905/run_01/summary.json,worker-worktrees/all-task-update-intergration-sync-20260826/runs/gui-owl-1.5-32b-instruct-lite/core200_20260905/run_01/111_linux_smarthome_606/result.json,7348e006ce2a72ef39e134d3c1042de35ae11148,completed,formal_run_01,true,true,true,true
GUI-Owl-1.5-32B-Instruct,linux_smarthome_378,112,worker-worktrees/all-task-update-intergration-sync-20260826/runs/gui-owl-1.5-32b-instruct-lite/core200_20260905/run_01/112_linux_smarthome_378,worker-worktrees/all-task-update-intergration-sync-20260826/runs/gui-owl-1.5-32b-instruct-lite/core200_20260905/run_01/run_metadata.json,worker-worktrees/all-task-update-intergration-sync-20260826/runs/gui-owl-1.5-32b-instruct-lite/core200_20260905/run_01/112_linux_smarthome_378/config/task.json,formal_run_01: formal runner summary; archived incomplete attempts excluded,FAIL,FAIL,recorded_automatic_result; no applicable confirmed rescoring record located,0,0,selected-attempt result.json; no new scoring or reinterpretation,50,1097.462,max_steps,2,home+linux,linux_0:linux;home_0:home,worker-worktrees/all-task-update-intergration-sync-20260826/runs/gui-owl-1.5-32b-instruct-lite/core200_20260905/experiment_metadata.json,worker-worktrees/all-task-update-intergration-sync-20260826/runs/gui-owl-1.5-32b-instruct-lite/core200_20260905/run_01/summary.json,worker-worktrees/all-task-update-intergration-sync-20260826/runs/gui-owl-1.5-32b-instruct-lite/core200_20260905/run_01/112_linux_smarthome_378/result.json,7348e006ce2a72ef39e134d3c1042de35ae11148,completed,formal_run_01,true,true,true,true
GUI-Owl-1.5-32B-Instruct,linux_smarthome_063,113,worker-worktrees/all-task-update-intergration-sync-20260826/runs/gui-owl-1.5-32b-instruct-lite/core200_20260905/run_01/113_linux_smarthome_063,worker-worktrees/all-task-update-intergration-sync-20260826/runs/gui-owl-1.5-32b-instruct-lite/core200_20260905/run_01/run_metadata.json,worker-worktrees/all-task-update-intergration-sync-20260826/runs/gui-owl-1.5-32b-instruct-lite/core200_20260905/run_01/113_linux_smarthome_063/config/task.json,formal_run_01: formal runner summary; archived incomplete attempts excluded,PASS,PASS,recorded_automatic_result; no applicable confirmed rescoring record located,1,1,selected-attempt result.json; no new scoring or reinterpretation,6,81.237,done,2,home+linux,linux_0:linux;home_0:home,worker-worktrees/all-task-update-intergration-sync-20260826/runs/gui-owl-1.5-32b-instruct-lite/core200_20260905/experiment_metadata.json,worker-worktrees/all-task-update-intergration-sync-20260826/runs/gui-owl-1.5-32b-instruct-lite/core200_20260905/run_01/summary.json,worker-worktrees/all-task-update-intergration-sync-20260826/runs/gui-owl-1.5-32b-instruct-lite/core200_20260905/run_01/113_linux_smarthome_063/result.json,7348e006ce2a72ef39e134d3c1042de35ae11148,completed,formal_run_01,true,true,true,true
GUI-Owl-1.5-32B-Instruct,linux_smarthome_851,114,worker-worktrees/all-task-update-intergration-sync-20260826/runs/gui-owl-1.5-32b-instruct-lite/core200_20260905/run_01/114_linux_smarthome_851,worker-worktrees/all-task-update-intergration-sync-20260826/runs/gui-owl-1.5-32b-instruct-lite/core200_20260905/run_01/run_metadata.json,worker-worktrees/all-task-update-intergration-sync-20260826/runs/gui-owl-1.5-32b-instruct-lite/core200_20260905/run_01/114_linux_smarthome_851/config/task.json,formal_run_01: formal runner summary; archived incomplete attempts excluded,FAIL,FAIL,recorded_automatic_result; no applicable confirmed rescoring record located,0,0,selected-attempt result.json; no new scoring or reinterpretation,8,199.736,done,3,home+linux,linux_0:linux;linux_1:linux;home_0:home,worker-worktrees/all-task-update-intergration-sync-20260826/runs/gui-owl-1.5-32b-instruct-lite/core200_20260905/experiment_metadata.json,worker-worktrees/all-task-update-intergration-sync-20260826/runs/gui-owl-1.5-32b-instruct-lite/core200_20260905/run_01/summary.json,worker-worktrees/all-task-update-intergration-sync-20260826/runs/gui-owl-1.5-32b-instruct-lite/core200_20260905/run_01/114_linux_smarthome_851/result.json,7348e006ce2a72ef39e134d3c1042de35ae11148,completed,formal_run_01,true,true,true,true
GUI-Owl-1.5-32B-Instruct,linux_smarthome_433,115,worker-worktrees/all-task-update-intergration-sync-20260826/runs/gui-owl-1.5-32b-instruct-lite/core200_20260905/run_01/115_linux_smarthome_433,worker-worktrees/all-task-update-intergration-sync-20260826/runs/gui-owl-1.5-32b-instruct-lite/core200_20260905/run_01/run_metadata.json,worker-worktrees/all-task-update-intergration-sync-20260826/runs/gui-owl-1.5-32b-instruct-lite/core200_20260905/run_01/115_linux_smarthome_433/config/task.json,formal_run_01: formal runner summary; archived incomplete attempts excluded,FAIL,FAIL,recorded_automatic_result; no applicable confirmed rescoring record located,0.4,0.4,selected-attempt result.json; no new scoring or reinterpretation,50,316.974,max_steps,2,home+linux,linux_0:linux;home_0:home,worker-worktrees/all-task-update-intergration-sync-20260826/runs/gui-owl-1.5-32b-instruct-lite/core200_20260905/experiment_metadata.json,worker-worktrees/all-task-update-intergration-sync-20260826/runs/gui-owl-1.5-32b-instruct-lite/core200_20260905/run_01/summary.json,worker-worktrees/all-task-update-intergration-sync-20260826/runs/gui-owl-1.5-32b-instruct-lite/core200_20260905/run_01/115_linux_smarthome_433/result.json,7348e006ce2a72ef39e134d3c1042de35ae11148,completed,formal_run_01,true,true,true,true
GUI-Owl-1.5-32B-Instruct,linux_smarthome_1000,116,worker-worktrees/all-task-update-intergration-sync-20260826/runs/gui-owl-1.5-32b-instruct-lite/core200_20260905/run_01/116_linux_smarthome_1000,worker-worktrees/all-task-update-intergration-sync-20260826/runs/gui-owl-1.5-32b-instruct-lite/core200_20260905/run_01/run_metadata.json,worker-worktrees/all-task-update-intergration-sync-20260826/runs/gui-owl-1.5-32b-instruct-lite/core200_20260905/run_01/116_linux_smarthome_1000/config/task.json,formal_run_01: formal runner summary; archived incomplete attempts excluded,FAIL,FAIL,recorded_automatic_result; no applicable confirmed rescoring record located,0,0,selected-attempt result.json; no new scoring or reinterpretation,11,218,done,3,home+linux,linux_0:linux;linux_1:linux;home_0:home,worker-worktrees/all-task-update-intergration-sync-20260826/runs/gui-owl-1.5-32b-instruct-lite/core200_20260905/experiment_metadata.json,worker-worktrees/all-task-update-intergration-sync-20260826/runs/gui-owl-1.5-32b-instruct-lite/core200_20260905/run_01/summary.json,worker-worktrees/all-task-update-intergration-sync-20260826/runs/gui-owl-1.5-32b-instruct-lite/core200_20260905/run_01/116_linux_smarthome_1000/result.json,7348e006ce2a72ef39e134d3c1042de35ae11148,completed,formal_run_01,true,true,true,true
GUI-Owl-1.5-32B-Instruct,linux_smarthome_796,117,worker-worktrees/all-task-update-intergration-sync-20260826/runs/gui-owl-1.5-32b-instruct-lite/core200_20260905/run_01/117_linux_smarthome_796,worker-worktrees/all-task-update-intergration-sync-20260826/runs/gui-owl-1.5-32b-instruct-lite/core200_20260905/run_01/run_metadata.json,worker-worktrees/all-task-update-intergration-sync-20260826/runs/gui-owl-1.5-32b-instruct-lite/core200_20260905/run_01/117_linux_smarthome_796/config/task.json,formal_run_01: formal runner summary; archived incomplete attempts excluded,FAIL,FAIL,recorded_automatic_result; no applicable confirmed rescoring record located,0.5,0.5,selected-attempt result.json; no new scoring or reinterpretation,50,543.836,max_steps,3,home+linux,linux_0:linux;linux_1:linux;home_0:home,worker-worktrees/all-task-update-intergration-sync-20260826/runs/gui-owl-1.5-32b-instruct-lite/core200_20260905/experiment_metadata.json,worker-worktrees/all-task-update-intergration-sync-20260826/runs/gui-owl-1.5-32b-instruct-lite/core200_20260905/run_01/summary.json,worker-worktrees/all-task-update-intergration-sync-20260826/runs/gui-owl-1.5-32b-instruct-lite/core200_20260905/run_01/117_linux_smarthome_796/result.json,7348e006ce2a72ef39e134d3c1042de35ae11148,completed,formal_run_01,true,true,true,true
GUI-Owl-1.5-32B-Instruct,linux_smarthome_576,118,worker-worktrees/all-task-update-intergration-sync-20260826/runs/gui-owl-1.5-32b-instruct-lite/core200_20260905/run_01/118_linux_smarthome_576,worker-worktrees/all-task-update-intergration-sync-20260826/runs/gui-owl-1.5-32b-instruct-lite/core200_20260905/run_01/run_metadata.json,worker-worktrees/all-task-update-intergration-sync-20260826/runs/gui-owl-1.5-32b-instruct-lite/core200_20260905/run_01/118_linux_smarthome_576/config/task.json,formal_run_01: formal runner summary; archived incomplete attempts excluded,FAIL,FAIL,recorded_automatic_result; no applicable confirmed rescoring record located,0.5,0.5,selected-attempt result.json; no new scoring or reinterpretation,10,111.355,done,2,home+linux,linux_0:linux;home_0:home,worker-worktrees/all-task-update-intergration-sync-20260826/runs/gui-owl-1.5-32b-instruct-lite/core200_20260905/experiment_metadata.json,worker-worktrees/all-task-update-intergration-sync-20260826/runs/gui-owl-1.5-32b-instruct-lite/core200_20260905/run_01/summary.json,worker-worktrees/all-task-update-intergration-sync-20260826/runs/gui-owl-1.5-32b-instruct-lite/core200_20260905/run_01/118_linux_smarthome_576/result.json,7348e006ce2a72ef39e134d3c1042de35ae11148,completed,formal_run_01,true,true,true,true
GUI-Owl-1.5-32B-Instruct,linux_smarthome_932,119,worker-worktrees/all-task-update-intergration-sync-20260826/runs/gui-owl-1.5-32b-instruct-lite/core200_20260905/run_01/119_linux_smarthome_932,worker-worktrees/all-task-update-intergration-sync-20260826/runs/gui-owl-1.5-32b-instruct-lite/core200_20260905/run_01/run_metadata.json,worker-worktrees/all-task-update-intergration-sync-20260826/runs/gui-owl-1.5-32b-instruct-lite/core200_20260905/run_01/119_linux_smarthome_932/config/task.json,formal_run_01: formal runner summary; archived incomplete attempts excluded,FAIL,FAIL,recorded_automatic_result; no applicable confirmed rescoring record located,0.5,0.5,selected-attempt result.json; no new scoring or reinterpretation,5,157.984,done,3,home+linux,linux_0:linux;linux_1:linux;home_0:home,worker-worktrees/all-task-update-intergration-sync-20260826/runs/gui-owl-1.5-32b-instruct-lite/core200_20260905/experiment_metadata.json,worker-worktrees/all-task-update-intergration-sync-20260826/runs/gui-owl-1.5-32b-instruct-lite/core200_20260905/run_01/summary.json,worker-worktrees/all-task-update-intergration-sync-20260826/runs/gui-owl-1.5-32b-instruct-lite/core200_20260905/run_01/119_linux_smarthome_932/result.json,7348e006ce2a72ef39e134d3c1042de35ae11148,completed,formal_run_01,true,true,true,true
GUI-Owl-1.5-32B-Instruct,linux_smarthome_062,120,worker-worktrees/all-task-update-intergration-sync-20260826/runs/gui-owl-1.5-32b-instruct-lite/core200_20260905/run_01/120_linux_smarthome_062,worker-worktrees/all-task-update-intergration-sync-20260826/runs/gui-owl-1.5-32b-instruct-lite/core200_20260905/run_01/run_metadata.json,worker-worktrees/all-task-update-intergration-sync-20260826/runs/gui-owl-1.5-32b-instruct-lite/core200_20260905/run_01/120_linux_smarthome_062/config/task.json,formal_run_01: formal runner summary; archived incomplete attempts excluded,PASS,PASS,recorded_automatic_result; no applicable confirmed rescoring record located,1,1,selected-attempt result.json; no new scoring or reinterpretation,4,82.314,done,2,home+linux,linux_0:linux;home_0:home,worker-worktrees/all-task-update-intergration-sync-20260826/runs/gui-owl-1.5-32b-instruct-lite/core200_20260905/experiment_metadata.json,worker-worktrees/all-task-update-intergration-sync-20260826/runs/gui-owl-1.5-32b-instruct-lite/core200_20260905/run_01/summary.json,worker-worktrees/all-task-update-intergration-sync-20260826/runs/gui-owl-1.5-32b-instruct-lite/core200_20260905/run_01/120_linux_smarthome_062/result.json,7348e006ce2a72ef39e134d3c1042de35ae11148,completed,formal_run_01,true,true,true,true
GUI-Owl-1.5-32B-Instruct,linux_smarthome_983,121,worker-worktrees/all-task-update-intergration-sync-20260826/runs/gui-owl-1.5-32b-instruct-lite/core200_20260905/run_01/121_linux_smarthome_983,worker-worktrees/all-task-update-intergration-sync-20260826/runs/gui-owl-1.5-32b-instruct-lite/core200_20260905/run_01/run_metadata.json,worker-worktrees/all-task-update-intergration-sync-20260826/runs/gui-owl-1.5-32b-instruct-lite/core200_20260905/run_01/121_linux_smarthome_983/config/task.json,formal_run_01: formal runner summary; archived incomplete attempts excluded,FAIL,FAIL,recorded_automatic_result; no applicable confirmed rescoring record located,0,0,selected-attempt result.json; no new scoring or reinterpretation,50,614.743,max_steps,3,home+linux,linux_0:linux;linux_1:linux;home_0:home,worker-worktrees/all-task-update-intergration-sync-20260826/runs/gui-owl-1.5-32b-instruct-lite/core200_20260905/experiment_metadata.json,worker-worktrees/all-task-update-intergration-sync-20260826/runs/gui-owl-1.5-32b-instruct-lite/core200_20260905/run_01/summary.json,worker-worktrees/all-task-update-intergration-sync-20260826/runs/gui-owl-1.5-32b-instruct-lite/core200_20260905/run_01/121_linux_smarthome_983/result.json,7348e006ce2a72ef39e134d3c1042de35ae11148,completed,formal_run_01,true,true,true,true
GUI-Owl-1.5-32B-Instruct,linux_smarthome_656,122,worker-worktrees/all-task-update-intergration-sync-20260826/runs/gui-owl-1.5-32b-instruct-lite/core200_20260905/run_01/122_linux_smarthome_656,worker-worktrees/all-task-update-intergration-sync-20260826/runs/gui-owl-1.5-32b-instruct-lite/core200_20260905/run_01/run_metadata.json,worker-worktrees/all-task-update-intergration-sync-20260826/runs/gui-owl-1.5-32b-instruct-lite/core200_20260905/run_01/122_linux_smarthome_656/config/task.json,formal_run_01: formal runner summary; archived incomplete attempts excluded,FAIL,FAIL,recorded_automatic_result; no applicable confirmed rescoring record located,0,0,selected-attempt result.json; no new scoring or reinterpretation,50,351.598,max_steps,2,home+linux,linux_0:linux;home_0:home,worker-worktrees/all-task-update-intergration-sync-20260826/runs/gui-owl-1.5-32b-instruct-lite/core200_20260905/experiment_metadata.json,worker-worktrees/all-task-update-intergration-sync-20260826/runs/gui-owl-1.5-32b-instruct-lite/core200_20260905/run_01/summary.json,worker-worktrees/all-task-update-intergration-sync-20260826/runs/gui-owl-1.5-32b-instruct-lite/core200_20260905/run_01/122_linux_smarthome_656/result.json,7348e006ce2a72ef39e134d3c1042de35ae11148,completed,formal_run_01,true,true,true,true
GUI-Owl-1.5-32B-Instruct,linux_smarthome_982,123,worker-worktrees/all-task-update-intergration-sync-20260826/runs/gui-owl-1.5-32b-instruct-lite/core200_20260905/run_01/123_linux_smarthome_982,worker-worktrees/all-task-update-intergration-sync-20260826/runs/gui-owl-1.5-32b-instruct-lite/core200_20260905/run_01/run_metadata.json,worker-worktrees/all-task-update-intergration-sync-20260826/runs/gui-owl-1.5-32b-instruct-lite/core200_20260905/run_01/123_linux_smarthome_982/config/task.json,formal_run_01: formal runner summary; archived incomplete attempts excluded,FAIL,FAIL,recorded_automatic_result; no applicable confirmed rescoring record located,0,0,selected-attempt result.json; no new scoring or reinterpretation,50,419.116,max_steps,3,home+linux,linux_0:linux;linux_1:linux;home_0:home,worker-worktrees/all-task-update-intergration-sync-20260826/runs/gui-owl-1.5-32b-instruct-lite/core200_20260905/experiment_metadata.json,worker-worktrees/all-task-update-intergration-sync-20260826/runs/gui-owl-1.5-32b-instruct-lite/core200_20260905/run_01/summary.json,worker-worktrees/all-task-update-intergration-sync-20260826/runs/gui-owl-1.5-32b-instruct-lite/core200_20260905/run_01/123_linux_smarthome_982/result.json,7348e006ce2a72ef39e134d3c1042de35ae11148,completed,formal_run_01,true,true,true,true
GUI-Owl-1.5-32B-Instruct,linux_smarthome_348,124,worker-worktrees/all-task-update-intergration-sync-20260826/runs/gui-owl-1.5-32b-instruct-lite/core200_20260905/run_01/124_linux_smarthome_348,worker-worktrees/all-task-update-intergration-sync-20260826/runs/gui-owl-1.5-32b-instruct-lite/core200_20260905/run_01/run_metadata.json,worker-worktrees/all-task-update-intergration-sync-20260826/runs/gui-owl-1.5-32b-instruct-lite/core200_20260905/run_01/124_linux_smarthome_348/config/task.json,formal_run_01: formal runner summary; archived incomplete attempts excluded,FAIL,FAIL,recorded_automatic_result; no applicable confirmed rescoring record located,0.5,0.5,selected-attempt result.json; no new scoring or reinterpretation,9,101.111,done,2,home+linux,linux_0:linux;home_0:home,worker-worktrees/all-task-update-intergration-sync-20260826/runs/gui-owl-1.5-32b-instruct-lite/core200_20260905/experiment_metadata.json,worker-worktrees/all-task-update-intergration-sync-20260826/runs/gui-owl-1.5-32b-instruct-lite/core200_20260905/run_01/summary.json,worker-worktrees/all-task-update-intergration-sync-20260826/runs/gui-owl-1.5-32b-instruct-lite/core200_20260905/run_01/124_linux_smarthome_348/result.json,7348e006ce2a72ef39e134d3c1042de35ae11148,completed,formal_run_01,true,true,true,true
GUI-Owl-1.5-32B-Instruct,linux_smarthome_567,125,worker-worktrees/all-task-update-intergration-sync-20260826/runs/gui-owl-1.5-32b-instruct-lite/core200_20260905/run_01/125_linux_smarthome_567,worker-worktrees/all-task-update-intergration-sync-20260826/runs/gui-owl-1.5-32b-instruct-lite/core200_20260905/run_01/run_metadata.json,worker-worktrees/all-task-update-intergration-sync-20260826/runs/gui-owl-1.5-32b-instruct-lite/core200_20260905/run_01/125_linux_smarthome_567/config/task.json,formal_run_01: formal runner summary; archived incomplete attempts excluded,FAIL,FAIL,recorded_automatic_result; no applicable confirmed rescoring record located,0,0,selected-attempt result.json; no new scoring or reinterpretation,50,563.701,max_steps,3,home+linux,linux_0:linux;linux_1:linux;home_0:home,worker-worktrees/all-task-update-intergration-sync-20260826/runs/gui-owl-1.5-32b-instruct-lite/core200_20260905/experiment_metadata.json,worker-worktrees/all-task-update-intergration-sync-20260826/runs/gui-owl-1.5-32b-instruct-lite/core200_20260905/run_01/summary.json,worker-worktrees/all-task-update-intergration-sync-20260826/runs/gui-owl-1.5-32b-instruct-lite/core200_20260905/run_01/125_linux_smarthome_567/result.json,7348e006ce2a72ef39e134d3c1042de35ae11148,completed,formal_run_01,true,true,true,true
GUI-Owl-1.5-32B-Instruct,linux_smarthome_670,126,worker-worktrees/all-task-update-intergration-sync-20260826/runs/gui-owl-1.5-32b-instruct-lite/core200_20260905/run_01/126_linux_smarthome_670,worker-worktrees/all-task-update-intergration-sync-20260826/runs/gui-owl-1.5-32b-instruct-lite/core200_20260905/run_01/run_metadata.json,worker-worktrees/all-task-update-intergration-sync-20260826/runs/gui-owl-1.5-32b-instruct-lite/core200_20260905/run_01/126_linux_smarthome_670/config/task.json,formal_run_01: formal runner summary; archived incomplete attempts excluded,FAIL,FAIL,recorded_automatic_result; no applicable confirmed rescoring record located,0.75,0.75,selected-attempt result.json; no new scoring or reinterpretation,50,1337.114,max_steps,3,home+linux,linux_0:linux;linux_1:linux;home_0:home,worker-worktrees/all-task-update-intergration-sync-20260826/runs/gui-owl-1.5-32b-instruct-lite/core200_20260905/experiment_metadata.json,worker-worktrees/all-task-update-intergration-sync-20260826/runs/gui-owl-1.5-32b-instruct-lite/core200_20260905/run_01/summary.json,worker-worktrees/all-task-update-intergration-sync-20260826/runs/gui-owl-1.5-32b-instruct-lite/core200_20260905/run_01/126_linux_smarthome_670/result.json,7348e006ce2a72ef39e134d3c1042de35ae11148,completed,formal_run_01,true,true,true,true
GUI-Owl-1.5-32B-Instruct,linux_smarthome_359,127,worker-worktrees/all-task-update-intergration-sync-20260826/runs/gui-owl-1.5-32b-instruct-lite/core200_20260905/run_01/127_linux_smarthome_359,worker-worktrees/all-task-update-intergration-sync-20260826/runs/gui-owl-1.5-32b-instruct-lite/core200_20260905/run_01/run_metadata.json,worker-worktrees/all-task-update-intergration-sync-20260826/runs/gui-owl-1.5-32b-instruct-lite/core200_20260905/run_01/127_linux_smarthome_359/config/task.json,formal_run_01: formal runner summary; archived incomplete attempts excluded,FAIL,FAIL,recorded_automatic_result; no applicable confirmed rescoring record located,0.8,0.8,selected-attempt result.json; no new scoring or reinterpretation,50,672.325,max_steps,2,home+linux,linux_0:linux;home_0:home,worker-worktrees/all-task-update-intergration-sync-20260826/runs/gui-owl-1.5-32b-instruct-lite/core200_20260905/experiment_metadata.json,worker-worktrees/all-task-update-intergration-sync-20260826/runs/gui-owl-1.5-32b-instruct-lite/core200_20260905/run_01/summary.json,worker-worktrees/all-task-update-intergration-sync-20260826/runs/gui-owl-1.5-32b-instruct-lite/core200_20260905/run_01/127_linux_smarthome_359/result.json,7348e006ce2a72ef39e134d3c1042de35ae11148,completed,formal_run_01,true,true,true,true
GUI-Owl-1.5-32B-Instruct,linux_smarthome_373,128,worker-worktrees/all-task-update-intergration-sync-20260826/runs/gui-owl-1.5-32b-instruct-lite/core200_20260905/run_01/128_linux_smarthome_373,worker-worktrees/all-task-update-intergration-sync-20260826/runs/gui-owl-1.5-32b-instruct-lite/core200_20260905/run_01/run_metadata.json,worker-worktrees/all-task-update-intergration-sync-20260826/runs/gui-owl-1.5-32b-instruct-lite/core200_20260905/run_01/128_linux_smarthome_373/config/task.json,formal_run_01: formal runner summary; archived incomplete attempts excluded,FAIL,FAIL,recorded_automatic_result; no applicable confirmed rescoring record located,0.5,0.5,selected-attempt result.json; no new scoring or reinterpretation,6,93.994,done,2,home+linux,linux_0:linux;home_0:home,worker-worktrees/all-task-update-intergration-sync-20260826/runs/gui-owl-1.5-32b-instruct-lite/core200_20260905/experiment_metadata.json,worker-worktrees/all-task-update-intergration-sync-20260826/runs/gui-owl-1.5-32b-instruct-lite/core200_20260905/run_01/summary.json,worker-worktrees/all-task-update-intergration-sync-20260826/runs/gui-owl-1.5-32b-instruct-lite/core200_20260905/run_01/128_linux_smarthome_373/result.json,7348e006ce2a72ef39e134d3c1042de35ae11148,completed,formal_run_01,true,true,true,true
GUI-Owl-1.5-32B-Instruct,linux_smarthome_065,129,worker-worktrees/all-task-update-intergration-sync-20260826/runs/gui-owl-1.5-32b-instruct-lite/core200_20260905/run_01/129_linux_smarthome_065,worker-worktrees/all-task-update-intergration-sync-20260826/runs/gui-owl-1.5-32b-instruct-lite/core200_20260905/run_01/run_metadata.json,worker-worktrees/all-task-update-intergration-sync-20260826/runs/gui-owl-1.5-32b-instruct-lite/core200_20260905/run_01/129_linux_smarthome_065/config/task.json,formal_run_01: formal runner summary; archived incomplete attempts excluded,PASS,PASS,recorded_automatic_result; no applicable confirmed rescoring record located,1,1,selected-attempt result.json; no new scoring or reinterpretation,4,105.243,done,2,home+linux,linux_0:linux;home_0:home,worker-worktrees/all-task-update-intergration-sync-20260826/runs/gui-owl-1.5-32b-instruct-lite/core200_20260905/experiment_metadata.json,worker-worktrees/all-task-update-intergration-sync-20260826/runs/gui-owl-1.5-32b-instruct-lite/core200_20260905/run_01/summary.json,worker-worktrees/all-task-update-intergration-sync-20260826/runs/gui-owl-1.5-32b-instruct-lite/core200_20260905/run_01/129_linux_smarthome_065/result.json,7348e006ce2a72ef39e134d3c1042de35ae11148,completed,formal_run_01,true,true,true,true
GUI-Owl-1.5-32B-Instruct,linux_smarthome_370,130,worker-worktrees/all-task-update-intergration-sync-20260826/runs/gui-owl-1.5-32b-instruct-lite/core200_20260905/run_01/130_linux_smarthome_370,worker-worktrees/all-task-update-intergration-sync-20260826/runs/gui-owl-1.5-32b-instruct-lite/core200_20260905/run_01/run_metadata.json,worker-worktrees/all-task-update-intergration-sync-20260826/runs/gui-owl-1.5-32b-instruct-lite/core200_20260905/run_01/130_linux_smarthome_370/config/task.json,formal_run_01: formal runner summary; archived incomplete attempts excluded,PASS,PASS,recorded_automatic_result; no applicable confirmed rescoring record located,1,1,selected-attempt result.json; no new scoring or reinterpretation,4,83.197,done,2,home+linux,linux_0:linux;home_0:home,worker-worktrees/all-task-update-intergration-sync-20260826/runs/gui-owl-1.5-32b-instruct-lite/core200_20260905/experiment_metadata.json,worker-worktrees/all-task-update-intergration-sync-20260826/runs/gui-owl-1.5-32b-instruct-lite/core200_20260905/run_01/summary.json,worker-worktrees/all-task-update-intergration-sync-20260826/runs/gui-owl-1.5-32b-instruct-lite/core200_20260905/run_01/130_linux_smarthome_370/result.json,7348e006ce2a72ef39e134d3c1042de35ae11148,completed,formal_run_01,true,true,true,true
GUI-Owl-1.5-32B-Instruct,linux_smarthome_372,131,worker-worktrees/all-task-update-intergration-sync-20260826/runs/gui-owl-1.5-32b-instruct-lite/core200_20260905/run_01/131_linux_smarthome_372,worker-worktrees/all-task-update-intergration-sync-20260826/runs/gui-owl-1.5-32b-instruct-lite/core200_20260905/run_01/run_metadata.json,worker-worktrees/all-task-update-intergration-sync-20260826/runs/gui-owl-1.5-32b-instruct-lite/core200_20260905/run_01/131_linux_smarthome_372/config/task.json,formal_run_01: formal runner summary; archived incomplete attempts excluded,FAIL,FAIL,recorded_automatic_result; no applicable confirmed rescoring record located,0,0,selected-attempt result.json; no new scoring or reinterpretation,50,756.495,max_steps,2,home+linux,linux_0:linux;home_0:home,worker-worktrees/all-task-update-intergration-sync-20260826/runs/gui-owl-1.5-32b-instruct-lite/core200_20260905/experiment_metadata.json,worker-worktrees/all-task-update-intergration-sync-20260826/runs/gui-owl-1.5-32b-instruct-lite/core200_20260905/run_01/summary.json,worker-worktrees/all-task-update-intergration-sync-20260826/runs/gui-owl-1.5-32b-instruct-lite/core200_20260905/run_01/131_linux_smarthome_372/result.json,7348e006ce2a72ef39e134d3c1042de35ae11148,completed,formal_run_01,true,true,true,true
GUI-Owl-1.5-32B-Instruct,linux_smarthome_028,132,worker-worktrees/all-task-update-intergration-sync-20260826/runs/gui-owl-1.5-32b-instruct-lite/core200_20260905/run_01/132_linux_smarthome_028,worker-worktrees/all-task-update-intergration-sync-20260826/runs/gui-owl-1.5-32b-instruct-lite/core200_20260905/run_01/run_metadata.json,worker-worktrees/all-task-update-intergration-sync-20260826/runs/gui-owl-1.5-32b-instruct-lite/core200_20260905/run_01/132_linux_smarthome_028/config/task.json,formal_run_01: formal runner summary; archived incomplete attempts excluded,PASS,PASS,recorded_automatic_result; no applicable confirmed rescoring record located,1,1,selected-attempt result.json; no new scoring or reinterpretation,3,73.387,done,2,home+linux,linux_0:linux;home_0:home,worker-worktrees/all-task-update-intergration-sync-20260826/runs/gui-owl-1.5-32b-instruct-lite/core200_20260905/experiment_metadata.json,worker-worktrees/all-task-update-intergration-sync-20260826/runs/gui-owl-1.5-32b-instruct-lite/core200_20260905/run_01/summary.json,worker-worktrees/all-task-update-intergration-sync-20260826/runs/gui-owl-1.5-32b-instruct-lite/core200_20260905/run_01/132_linux_smarthome_028/result.json,7348e006ce2a72ef39e134d3c1042de35ae11148,completed,formal_run_01,true,true,true,true
GUI-Owl-1.5-32B-Instruct,linux_smarthome_999,133,worker-worktrees/all-task-update-intergration-sync-20260826/runs/gui-owl-1.5-32b-instruct-lite/core200_20260905/run_01/133_linux_smarthome_999,worker-worktrees/all-task-update-intergration-sync-20260826/runs/gui-owl-1.5-32b-instruct-lite/core200_20260905/run_01/run_metadata.json,worker-worktrees/all-task-update-intergration-sync-20260826/runs/gui-owl-1.5-32b-instruct-lite/core200_20260905/run_01/133_linux_smarthome_999/config/task.json,formal_run_01: formal runner summary; archived incomplete attempts excluded,FAIL,FAIL,recorded_automatic_result; no applicable confirmed rescoring record located,0,0,selected-attempt result.json; no new scoring or reinterpretation,50,568.505,max_steps,3,home+linux,linux_0:linux;linux_1:linux;home_0:home,worker-worktrees/all-task-update-intergration-sync-20260826/runs/gui-owl-1.5-32b-instruct-lite/core200_20260905/experiment_metadata.json,worker-worktrees/all-task-update-intergration-sync-20260826/runs/gui-owl-1.5-32b-instruct-lite/core200_20260905/run_01/summary.json,worker-worktrees/all-task-update-intergration-sync-20260826/runs/gui-owl-1.5-32b-instruct-lite/core200_20260905/run_01/133_linux_smarthome_999/result.json,7348e006ce2a72ef39e134d3c1042de35ae11148,completed,formal_run_01,true,true,true,true
GUI-Owl-1.5-32B-Instruct,linux_smarthome_361,134,worker-worktrees/all-task-update-intergration-sync-20260826/runs/gui-owl-1.5-32b-instruct-lite/core200_20260905/run_01/134_linux_smarthome_361,worker-worktrees/all-task-update-intergration-sync-20260826/runs/gui-owl-1.5-32b-instruct-lite/core200_20260905/run_01/run_metadata.json,worker-worktrees/all-task-update-intergration-sync-20260826/runs/gui-owl-1.5-32b-instruct-lite/core200_20260905/run_01/134_linux_smarthome_361/config/task.json,formal_run_01: formal runner summary; archived incomplete attempts excluded,FAIL,FAIL,recorded_automatic_result; no applicable confirmed rescoring record located,0.5,0.5,selected-attempt result.json; no new scoring or reinterpretation,7,185.069,done,2,home+linux,linux_0:linux;home_0:home,worker-worktrees/all-task-update-intergration-sync-20260826/runs/gui-owl-1.5-32b-instruct-lite/core200_20260905/experiment_metadata.json,worker-worktrees/all-task-update-intergration-sync-20260826/runs/gui-owl-1.5-32b-instruct-lite/core200_20260905/run_01/summary.json,worker-worktrees/all-task-update-intergration-sync-20260826/runs/gui-owl-1.5-32b-instruct-lite/core200_20260905/run_01/134_linux_smarthome_361/result.json,7348e006ce2a72ef39e134d3c1042de35ae11148,completed,formal_run_01,true,true,true,true
GUI-Owl-1.5-32B-Instruct,linux_smarthome_981,135,worker-worktrees/all-task-update-intergration-sync-20260826/runs/gui-owl-1.5-32b-instruct-lite/core200_20260905/run_01/135_linux_smarthome_981,worker-worktrees/all-task-update-intergration-sync-20260826/runs/gui-owl-1.5-32b-instruct-lite/core200_20260905/run_01/run_metadata.json,worker-worktrees/all-task-update-intergration-sync-20260826/runs/gui-owl-1.5-32b-instruct-lite/core200_20260905/run_01/135_linux_smarthome_981/config/task.json,formal_run_01: formal runner summary; archived incomplete attempts excluded,FAIL,FAIL,recorded_automatic_result; no applicable confirmed rescoring record located,0,0,selected-attempt result.json; no new scoring or reinterpretation,50,1297.064,max_steps,3,home+linux,linux_0:linux;linux_1:linux;home_0:home,worker-worktrees/all-task-update-intergration-sync-20260826/runs/gui-owl-1.5-32b-instruct-lite/core200_20260905/experiment_metadata.json,worker-worktrees/all-task-update-intergration-sync-20260826/runs/gui-owl-1.5-32b-instruct-lite/core200_20260905/run_01/summary.json,worker-worktrees/all-task-update-intergration-sync-20260826/runs/gui-owl-1.5-32b-instruct-lite/core200_20260905/run_01/135_linux_smarthome_981/result.json,7348e006ce2a72ef39e134d3c1042de35ae11148,completed,formal_run_01,true,true,true,true
GUI-Owl-1.5-32B-Instruct,android_smarthome_357,136,worker-worktrees/all-task-update-intergration-sync-20260826/runs/gui-owl-1.5-32b-instruct-lite/core200_20260905/run_01/136_android_smarthome_357,worker-worktrees/all-task-update-intergration-sync-20260826/runs/gui-owl-1.5-32b-instruct-lite/core200_20260905/run_01/run_metadata.json,worker-worktrees/all-task-update-intergration-sync-20260826/runs/gui-owl-1.5-32b-instruct-lite/core200_20260905/run_01/136_android_smarthome_357/config/task.json,formal_run_01: formal runner summary; archived incomplete attempts excluded,FAIL,FAIL,recorded_automatic_result; no applicable confirmed rescoring record located,0,0,selected-attempt result.json; no new scoring or reinterpretation,50,499.861,max_steps,3,android+home,android_0:android;android_1:android;home_0:home,worker-worktrees/all-task-update-intergration-sync-20260826/runs/gui-owl-1.5-32b-instruct-lite/core200_20260905/experiment_metadata.json,worker-worktrees/all-task-update-intergration-sync-20260826/runs/gui-owl-1.5-32b-instruct-lite/core200_20260905/run_01/summary.json,worker-worktrees/all-task-update-intergration-sync-20260826/runs/gui-owl-1.5-32b-instruct-lite/core200_20260905/run_01/136_android_smarthome_357/result.json,7348e006ce2a72ef39e134d3c1042de35ae11148,completed,formal_run_01,true,true,true,true
GUI-Owl-1.5-32B-Instruct,android_smarthome_409,137,worker-worktrees/all-task-update-intergration-sync-20260826/runs/gui-owl-1.5-32b-instruct-lite/core200_20260905/run_01/137_android_smarthome_409,worker-worktrees/all-task-update-intergration-sync-20260826/runs/gui-owl-1.5-32b-instruct-lite/core200_20260905/run_01/run_metadata.json,worker-worktrees/all-task-update-intergration-sync-20260826/runs/gui-owl-1.5-32b-instruct-lite/core200_20260905/run_01/137_android_smarthome_409/config/task.json,formal_run_01: formal runner summary; archived incomplete attempts excluded,FAIL,FAIL,recorded_automatic_result; no applicable confirmed rescoring record located,0.25,0.25,selected-attempt result.json; no new scoring or reinterpretation,50,138.757,max_steps,2,android+home,android_0:android;home_0:home,worker-worktrees/all-task-update-intergration-sync-20260826/runs/gui-owl-1.5-32b-instruct-lite/core200_20260905/experiment_metadata.json,worker-worktrees/all-task-update-intergration-sync-20260826/runs/gui-owl-1.5-32b-instruct-lite/core200_20260905/run_01/summary.json,worker-worktrees/all-task-update-intergration-sync-20260826/runs/gui-owl-1.5-32b-instruct-lite/core200_20260905/run_01/137_android_smarthome_409/result.json,7348e006ce2a72ef39e134d3c1042de35ae11148,completed,formal_run_01,true,true,true,true
GUI-Owl-1.5-32B-Instruct,android_smarthome_854,138,worker-worktrees/all-task-update-intergration-sync-20260826/runs/gui-owl-1.5-32b-instruct-lite/core200_20260905/run_01/138_android_smarthome_854,worker-worktrees/all-task-update-intergration-sync-20260826/runs/gui-owl-1.5-32b-instruct-lite/core200_20260905/run_01/run_metadata.json,worker-worktrees/all-task-update-intergration-sync-20260826/runs/gui-owl-1.5-32b-instruct-lite/core200_20260905/run_01/138_android_smarthome_854/config/task.json,formal_run_01: formal runner summary; archived incomplete attempts excluded,FAIL,FAIL,recorded_automatic_result; no applicable confirmed rescoring record located,0.75,0.75,selected-attempt result.json; no new scoring or reinterpretation,50,220.128,max_steps,2,android+home,android_0:android;home_0:home,worker-worktrees/all-task-update-intergration-sync-20260826/runs/gui-owl-1.5-32b-instruct-lite/core200_20260905/experiment_metadata.json,worker-worktrees/all-task-update-intergration-sync-20260826/runs/gui-owl-1.5-32b-instruct-lite/core200_20260905/run_01/summary.json,worker-worktrees/all-task-update-intergration-sync-20260826/runs/gui-owl-1.5-32b-instruct-lite/core200_20260905/run_01/138_android_smarthome_854/result.json,7348e006ce2a72ef39e134d3c1042de35ae11148,completed,formal_run_01,true,true,true,true
GUI-Owl-1.5-32B-Instruct,android_smarthome_026,139,worker-worktrees/all-task-update-intergration-sync-20260826/runs/gui-owl-1.5-32b-instruct-lite/core200_20260905/run_01/139_android_smarthome_026,worker-worktrees/all-task-update-intergration-sync-20260826/runs/gui-owl-1.5-32b-instruct-lite/core200_20260905/run_01/run_metadata.json,worker-worktrees/all-task-update-intergration-sync-20260826/runs/gui-owl-1.5-32b-instruct-lite/core200_20260905/run_01/139_android_smarthome_026/config/task.json,formal_run_01: formal runner summary; archived incomplete attempts excluded,FAIL,FAIL,recorded_automatic_result; no applicable confirmed rescoring record located,0,0,selected-attempt result.json; no new scoring or reinterpretation,50,188.649,max_steps,2,android+home,android_0:android;home_0:home,worker-worktrees/all-task-update-intergration-sync-20260826/runs/gui-owl-1.5-32b-instruct-lite/core200_20260905/experiment_metadata.json,worker-worktrees/all-task-update-intergration-sync-20260826/runs/gui-owl-1.5-32b-instruct-lite/core200_20260905/run_01/summary.json,worker-worktrees/all-task-update-intergration-sync-20260826/runs/gui-owl-1.5-32b-instruct-lite/core200_20260905/run_01/139_android_smarthome_026/result.json,7348e006ce2a72ef39e134d3c1042de35ae11148,completed,formal_run_01,true,true,true,true
GUI-Owl-1.5-32B-Instruct,android_smarthome_407,140,worker-worktrees/all-task-update-intergration-sync-20260826/runs/gui-owl-1.5-32b-instruct-lite/core200_20260905/run_01/140_android_smarthome_407,worker-worktrees/all-task-update-intergration-sync-20260826/runs/gui-owl-1.5-32b-instruct-lite/core200_20260905/run_01/run_metadata.json,worker-worktrees/all-task-update-intergration-sync-20260826/runs/gui-owl-1.5-32b-instruct-lite/core200_20260905/run_01/140_android_smarthome_407/config/task.json,formal_run_01: formal runner summary; archived incomplete attempts excluded,FAIL,FAIL,recorded_automatic_result; no applicable confirmed rescoring record located,0.5,0.5,selected-attempt result.json; no new scoring or reinterpretation,50,249.055,max_steps,2,android+home,android_0:android;home_0:home,worker-worktrees/all-task-update-intergration-sync-20260826/runs/gui-owl-1.5-32b-instruct-lite/core200_20260905/experiment_metadata.json,worker-worktrees/all-task-update-intergration-sync-20260826/runs/gui-owl-1.5-32b-instruct-lite/core200_20260905/run_01/summary.json,worker-worktrees/all-task-update-intergration-sync-20260826/runs/gui-owl-1.5-32b-instruct-lite/core200_20260905/run_01/140_android_smarthome_407/result.json,7348e006ce2a72ef39e134d3c1042de35ae11148,completed,formal_run_01,true,true,true,true
GUI-Owl-1.5-32B-Instruct,android_smarthome_149,141,worker-worktrees/all-task-update-intergration-sync-20260826/runs/gui-owl-1.5-32b-instruct-lite/core200_20260905/run_01/141_android_smarthome_149,worker-worktrees/all-task-update-intergration-sync-20260826/runs/gui-owl-1.5-32b-instruct-lite/core200_20260905/run_01/run_metadata.json,worker-worktrees/all-task-update-intergration-sync-20260826/runs/gui-owl-1.5-32b-instruct-lite/core200_20260905/run_01/141_android_smarthome_149/config/task.json,formal_run_01: formal runner summary; archived incomplete attempts excluded,FAIL,FAIL,recorded_automatic_result; no applicable confirmed rescoring record located,0.6666666666666666,0.6666666666666666,selected-attempt result.json; no new scoring or reinterpretation,50,355.03,max_steps,3,android+home,android_0:android;android_1:android;home_0:home,worker-worktrees/all-task-update-intergration-sync-20260826/runs/gui-owl-1.5-32b-instruct-lite/core200_20260905/experiment_metadata.json,worker-worktrees/all-task-update-intergration-sync-20260826/runs/gui-owl-1.5-32b-instruct-lite/core200_20260905/run_01/summary.json,worker-worktrees/all-task-update-intergration-sync-20260826/runs/gui-owl-1.5-32b-instruct-lite/core200_20260905/run_01/141_android_smarthome_149/result.json,7348e006ce2a72ef39e134d3c1042de35ae11148,completed,formal_run_01,true,true,true,true
GUI-Owl-1.5-32B-Instruct,android_smarthome_336,142,worker-worktrees/all-task-update-intergration-sync-20260826/runs/gui-owl-1.5-32b-instruct-lite/core200_20260905/run_01/142_android_smarthome_336,worker-worktrees/all-task-update-intergration-sync-20260826/runs/gui-owl-1.5-32b-instruct-lite/core200_20260905/run_01/run_metadata.json,worker-worktrees/all-task-update-intergration-sync-20260826/runs/gui-owl-1.5-32b-instruct-lite/core200_20260905/run_01/142_android_smarthome_336/config/task.json,formal_run_01: formal runner summary; archived incomplete attempts excluded,FAIL,FAIL,recorded_automatic_result; no applicable confirmed rescoring record located,0.75,0.75,selected-attempt result.json; no new scoring or reinterpretation,50,557.191,max_steps,2,android+home,android_0:android;home_0:home,worker-worktrees/all-task-update-intergration-sync-20260826/runs/gui-owl-1.5-32b-instruct-lite/core200_20260905/experiment_metadata.json,worker-worktrees/all-task-update-intergration-sync-20260826/runs/gui-owl-1.5-32b-instruct-lite/core200_20260905/run_01/summary.json,worker-worktrees/all-task-update-intergration-sync-20260826/runs/gui-owl-1.5-32b-instruct-lite/core200_20260905/run_01/142_android_smarthome_336/result.json,7348e006ce2a72ef39e134d3c1042de35ae11148,completed,formal_run_01,true,true,true,true
GUI-Owl-1.5-32B-Instruct,android_smarthome_844,143,worker-worktrees/all-task-update-intergration-sync-20260826/runs/gui-owl-1.5-32b-instruct-lite/core200_20260905/run_01/143_android_smarthome_844,worker-worktrees/all-task-update-intergration-sync-20260826/runs/gui-owl-1.5-32b-instruct-lite/core200_20260905/run_01/run_metadata.json,worker-worktrees/all-task-update-intergration-sync-20260826/runs/gui-owl-1.5-32b-instruct-lite/core200_20260905/run_01/143_android_smarthome_844/config/task.json,formal_run_01: formal runner summary; archived incomplete attempts excluded,FAIL,FAIL,recorded_automatic_result; no applicable confirmed rescoring record located,0.6666666666666666,0.6666666666666666,selected-attempt result.json; no new scoring or reinterpretation,50,350.739,max_steps,3,android+home,android_0:android;android_1:android;home_0:home,worker-worktrees/all-task-update-intergration-sync-20260826/runs/gui-owl-1.5-32b-instruct-lite/core200_20260905/experiment_metadata.json,worker-worktrees/all-task-update-intergration-sync-20260826/runs/gui-owl-1.5-32b-instruct-lite/core200_20260905/run_01/summary.json,worker-worktrees/all-task-update-intergration-sync-20260826/runs/gui-owl-1.5-32b-instruct-lite/core200_20260905/run_01/143_android_smarthome_844/result.json,7348e006ce2a72ef39e134d3c1042de35ae11148,completed,formal_run_01,true,true,true,true
GUI-Owl-1.5-32B-Instruct,android_smarthome_144,144,worker-worktrees/all-task-update-intergration-sync-20260826/runs/gui-owl-1.5-32b-instruct-lite/core200_20260905/run_01/144_android_smarthome_144,worker-worktrees/all-task-update-intergration-sync-20260826/runs/gui-owl-1.5-32b-instruct-lite/core200_20260905/run_01/run_metadata.json,worker-worktrees/all-task-update-intergration-sync-20260826/runs/gui-owl-1.5-32b-instruct-lite/core200_20260905/run_01/144_android_smarthome_144/config/task.json,formal_run_01: formal runner summary; archived incomplete attempts excluded,FAIL,FAIL,recorded_automatic_result; no applicable confirmed rescoring record located,0.5,0.5,selected-attempt result.json; no new scoring or reinterpretation,50,423.486,max_steps,3,android+home,android_0:android;android_1:android;home_0:home,worker-worktrees/all-task-update-intergration-sync-20260826/runs/gui-owl-1.5-32b-instruct-lite/core200_20260905/experiment_metadata.json,worker-worktrees/all-task-update-intergration-sync-20260826/runs/gui-owl-1.5-32b-instruct-lite/core200_20260905/run_01/summary.json,worker-worktrees/all-task-update-intergration-sync-20260826/runs/gui-owl-1.5-32b-instruct-lite/core200_20260905/run_01/144_android_smarthome_144/result.json,7348e006ce2a72ef39e134d3c1042de35ae11148,completed,formal_run_01,true,true,true,true
GUI-Owl-1.5-32B-Instruct,android_smarthome_241,145,worker-worktrees/all-task-update-intergration-sync-20260826/runs/gui-owl-1.5-32b-instruct-lite/core200_20260905/run_01/145_android_smarthome_241,worker-worktrees/all-task-update-intergration-sync-20260826/runs/gui-owl-1.5-32b-instruct-lite/core200_20260905/run_01/run_metadata.json,worker-worktrees/all-task-update-intergration-sync-20260826/runs/gui-owl-1.5-32b-instruct-lite/core200_20260905/run_01/145_android_smarthome_241/config/task.json,formal_run_01: formal runner summary; archived incomplete attempts excluded,FAIL,FAIL,recorded_automatic_result; no applicable confirmed rescoring record located,0.6666666666666666,0.6666666666666666,selected-attempt result.json; no new scoring or reinterpretation,50,298.565,max_steps,3,android+home,android_0:android;android_1:android;home_0:home,worker-worktrees/all-task-update-intergration-sync-20260826/runs/gui-owl-1.5-32b-instruct-lite/core200_20260905/experiment_metadata.json,worker-worktrees/all-task-update-intergration-sync-20260826/runs/gui-owl-1.5-32b-instruct-lite/core200_20260905/run_01/summary.json,worker-worktrees/all-task-update-intergration-sync-20260826/runs/gui-owl-1.5-32b-instruct-lite/core200_20260905/run_01/145_android_smarthome_241/result.json,7348e006ce2a72ef39e134d3c1042de35ae11148,completed,formal_run_01,true,true,true,true
GUI-Owl-1.5-32B-Instruct,android_smarthome_251,146,worker-worktrees/all-task-update-intergration-sync-20260826/runs/gui-owl-1.5-32b-instruct-lite/core200_20260905/run_01/146_android_smarthome_251,worker-worktrees/all-task-update-intergration-sync-20260826/runs/gui-owl-1.5-32b-instruct-lite/core200_20260905/run_01/run_metadata.json,worker-worktrees/all-task-update-intergration-sync-20260826/runs/gui-owl-1.5-32b-instruct-lite/core200_20260905/run_01/146_android_smarthome_251/config/task.json,formal_run_01: formal runner summary; archived incomplete attempts excluded,FAIL,FAIL,recorded_automatic_result; no applicable confirmed rescoring record located,0.75,0.75,selected-attempt result.json; no new scoring or reinterpretation,50,308.075,max_steps,2,android+home,android_0:android;home_0:home,worker-worktrees/all-task-update-intergration-sync-20260826/runs/gui-owl-1.5-32b-instruct-lite/core200_20260905/experiment_metadata.json,worker-worktrees/all-task-update-intergration-sync-20260826/runs/gui-owl-1.5-32b-instruct-lite/core200_20260905/run_01/summary.json,worker-worktrees/all-task-update-intergration-sync-20260826/runs/gui-owl-1.5-32b-instruct-lite/core200_20260905/run_01/146_android_smarthome_251/result.json,7348e006ce2a72ef39e134d3c1042de35ae11148,completed,formal_run_01,true,true,true,true
GUI-Owl-1.5-32B-Instruct,android_smarthome_265,147,worker-worktrees/all-task-update-intergration-sync-20260826/runs/gui-owl-1.5-32b-instruct-lite/core200_20260905/run_01/147_android_smarthome_265,worker-worktrees/all-task-update-intergration-sync-20260826/runs/gui-owl-1.5-32b-instruct-lite/core200_20260905/run_01/run_metadata.json,worker-worktrees/all-task-update-intergration-sync-20260826/runs/gui-owl-1.5-32b-instruct-lite/core200_20260905/run_01/147_android_smarthome_265/config/task.json,formal_run_01: formal runner summary; archived incomplete attempts excluded,FAIL,FAIL,recorded_automatic_result; no applicable confirmed rescoring record located,0,0,selected-attempt result.json; no new scoring or reinterpretation,50,258.191,max_steps,2,android+home,android_0:android;home_0:home,worker-worktrees/all-task-update-intergration-sync-20260826/runs/gui-owl-1.5-32b-instruct-lite/core200_20260905/experiment_metadata.json,worker-worktrees/all-task-update-intergration-sync-20260826/runs/gui-owl-1.5-32b-instruct-lite/core200_20260905/run_01/summary.json,worker-worktrees/all-task-update-intergration-sync-20260826/runs/gui-owl-1.5-32b-instruct-lite/core200_20260905/run_01/147_android_smarthome_265/result.json,7348e006ce2a72ef39e134d3c1042de35ae11148,completed,formal_run_01,true,true,true,true
GUI-Owl-1.5-32B-Instruct,android_smarthome_877,148,worker-worktrees/all-task-update-intergration-sync-20260826/runs/gui-owl-1.5-32b-instruct-lite/core200_20260905/run_01/148_android_smarthome_877,worker-worktrees/all-task-update-intergration-sync-20260826/runs/gui-owl-1.5-32b-instruct-lite/core200_20260905/run_01/run_metadata.json,worker-worktrees/all-task-update-intergration-sync-20260826/runs/gui-owl-1.5-32b-instruct-lite/core200_20260905/run_01/148_android_smarthome_877/config/task.json,formal_run_01: formal runner summary; archived incomplete attempts excluded,FAIL,FAIL,recorded_automatic_result; no applicable confirmed rescoring record located,0.6666666666666666,0.6666666666666666,selected-attempt result.json; no new scoring or reinterpretation,50,228.718,max_steps,2,android+home,android_0:android;home_0:home,worker-worktrees/all-task-update-intergration-sync-20260826/runs/gui-owl-1.5-32b-instruct-lite/core200_20260905/experiment_metadata.json,worker-worktrees/all-task-update-intergration-sync-20260826/runs/gui-owl-1.5-32b-instruct-lite/core200_20260905/run_01/summary.json,worker-worktrees/all-task-update-intergration-sync-20260826/runs/gui-owl-1.5-32b-instruct-lite/core200_20260905/run_01/148_android_smarthome_877/result.json,7348e006ce2a72ef39e134d3c1042de35ae11148,completed,formal_run_01,true,true,true,true
GUI-Owl-1.5-32B-Instruct,android_smarthome_846,149,worker-worktrees/all-task-update-intergration-sync-20260826/runs/gui-owl-1.5-32b-instruct-lite/core200_20260905/run_01/149_android_smarthome_846,worker-worktrees/all-task-update-intergration-sync-20260826/runs/gui-owl-1.5-32b-instruct-lite/core200_20260905/run_01/run_metadata.json,worker-worktrees/all-task-update-intergration-sync-20260826/runs/gui-owl-1.5-32b-instruct-lite/core200_20260905/run_01/149_android_smarthome_846/config/task.json,formal_run_01: formal runner summary; archived incomplete attempts excluded,FAIL,FAIL,recorded_automatic_result; no applicable confirmed rescoring record located,0.8333333333333334,0.8333333333333334,selected-attempt result.json; no new scoring or reinterpretation,50,320.642,max_steps,3,android+home,android_0:android;android_1:android;home_0:home,worker-worktrees/all-task-update-intergration-sync-20260826/runs/gui-owl-1.5-32b-instruct-lite/core200_20260905/experiment_metadata.json,worker-worktrees/all-task-update-intergration-sync-20260826/runs/gui-owl-1.5-32b-instruct-lite/core200_20260905/run_01/summary.json,worker-worktrees/all-task-update-intergration-sync-20260826/runs/gui-owl-1.5-32b-instruct-lite/core200_20260905/run_01/149_android_smarthome_846/result.json,7348e006ce2a72ef39e134d3c1042de35ae11148,completed,formal_run_01,true,true,true,true
GUI-Owl-1.5-32B-Instruct,android_smarthome_807,150,worker-worktrees/all-task-update-intergration-sync-20260826/runs/gui-owl-1.5-32b-instruct-lite/core200_20260905/run_01/150_android_smarthome_807,worker-worktrees/all-task-update-intergration-sync-20260826/runs/gui-owl-1.5-32b-instruct-lite/core200_20260905/run_01/run_metadata.json,worker-worktrees/all-task-update-intergration-sync-20260826/runs/gui-owl-1.5-32b-instruct-lite/core200_20260905/run_01/150_android_smarthome_807/config/task.json,formal_run_01: formal runner summary; archived incomplete attempts excluded,FAIL,FAIL,recorded_automatic_result; no applicable confirmed rescoring record located,0.25,0.25,selected-attempt result.json; no new scoring or reinterpretation,50,310.801,max_steps,2,android+home,android_0:android;home_0:home,worker-worktrees/all-task-update-intergration-sync-20260826/runs/gui-owl-1.5-32b-instruct-lite/core200_20260905/experiment_metadata.json,worker-worktrees/all-task-update-intergration-sync-20260826/runs/gui-owl-1.5-32b-instruct-lite/core200_20260905/run_01/summary.json,worker-worktrees/all-task-update-intergration-sync-20260826/runs/gui-owl-1.5-32b-instruct-lite/core200_20260905/run_01/150_android_smarthome_807/result.json,7348e006ce2a72ef39e134d3c1042de35ae11148,completed,formal_run_01,true,true,true,true
GUI-Owl-1.5-32B-Instruct,android_smarthome_464,151,worker-worktrees/all-task-update-intergration-sync-20260826/runs/gui-owl-1.5-32b-instruct-lite/core200_20260905/run_01/151_android_smarthome_464,worker-worktrees/all-task-update-intergration-sync-20260826/runs/gui-owl-1.5-32b-instruct-lite/core200_20260905/run_01/run_metadata.json,worker-worktrees/all-task-update-intergration-sync-20260826/runs/gui-owl-1.5-32b-instruct-lite/core200_20260905/run_01/151_android_smarthome_464/config/task.json,formal_run_01: formal runner summary; archived incomplete attempts excluded,FAIL,FAIL,recorded_automatic_result; no applicable confirmed rescoring record located,0,0,selected-attempt result.json; no new scoring or reinterpretation,50,564.705,max_steps,3,android+home,android_0:android;android_1:android;home_0:home,worker-worktrees/all-task-update-intergration-sync-20260826/runs/gui-owl-1.5-32b-instruct-lite/core200_20260905/experiment_metadata.json,worker-worktrees/all-task-update-intergration-sync-20260826/runs/gui-owl-1.5-32b-instruct-lite/core200_20260905/run_01/summary.json,worker-worktrees/all-task-update-intergration-sync-20260826/runs/gui-owl-1.5-32b-instruct-lite/core200_20260905/run_01/151_android_smarthome_464/result.json,7348e006ce2a72ef39e134d3c1042de35ae11148,completed,formal_run_01,true,true,true,true
GUI-Owl-1.5-32B-Instruct,android_smarthome_875,152,worker-worktrees/all-task-update-intergration-sync-20260826/runs/gui-owl-1.5-32b-instruct-lite/core200_20260905/run_01/152_android_smarthome_875,worker-worktrees/all-task-update-intergration-sync-20260826/runs/gui-owl-1.5-32b-instruct-lite/core200_20260905/run_01/run_metadata.json,worker-worktrees/all-task-update-intergration-sync-20260826/runs/gui-owl-1.5-32b-instruct-lite/core200_20260905/run_01/152_android_smarthome_875/config/task.json,formal_run_01: formal runner summary; archived incomplete attempts excluded,FAIL,FAIL,recorded_automatic_result; no applicable confirmed rescoring record located,0,0,selected-attempt result.json; no new scoring or reinterpretation,50,390.287,max_steps,2,android+home,android_0:android;home_0:home,worker-worktrees/all-task-update-intergration-sync-20260826/runs/gui-owl-1.5-32b-instruct-lite/core200_20260905/experiment_metadata.json,worker-worktrees/all-task-update-intergration-sync-20260826/runs/gui-owl-1.5-32b-instruct-lite/core200_20260905/run_01/summary.json,worker-worktrees/all-task-update-intergration-sync-20260826/runs/gui-owl-1.5-32b-instruct-lite/core200_20260905/run_01/152_android_smarthome_875/result.json,7348e006ce2a72ef39e134d3c1042de35ae11148,completed,formal_run_01,true,true,true,true
GUI-Owl-1.5-32B-Instruct,android_smarthome_888,153,worker-worktrees/all-task-update-intergration-sync-20260826/runs/gui-owl-1.5-32b-instruct-lite/core200_20260905/run_01/153_android_smarthome_888,worker-worktrees/all-task-update-intergration-sync-20260826/runs/gui-owl-1.5-32b-instruct-lite/core200_20260905/run_01/run_metadata.json,worker-worktrees/all-task-update-intergration-sync-20260826/runs/gui-owl-1.5-32b-instruct-lite/core200_20260905/run_01/153_android_smarthome_888/config/task.json,formal_run_01: formal runner summary; archived incomplete attempts excluded,FAIL,FAIL,recorded_automatic_result; no applicable confirmed rescoring record located,0,0,selected-attempt result.json; no new scoring or reinterpretation,50,333.135,max_steps,3,android+home,android_0:android;android_1:android;home_0:home,worker-worktrees/all-task-update-intergration-sync-20260826/runs/gui-owl-1.5-32b-instruct-lite/core200_20260905/experiment_metadata.json,worker-worktrees/all-task-update-intergration-sync-20260826/runs/gui-owl-1.5-32b-instruct-lite/core200_20260905/run_01/summary.json,worker-worktrees/all-task-update-intergration-sync-20260826/runs/gui-owl-1.5-32b-instruct-lite/core200_20260905/run_01/153_android_smarthome_888/result.json,7348e006ce2a72ef39e134d3c1042de35ae11148,completed,formal_run_01,true,true,true,true
GUI-Owl-1.5-32B-Instruct,android_smarthome_766,154,worker-worktrees/all-task-update-intergration-sync-20260826/runs/gui-owl-1.5-32b-instruct-lite/core200_20260905/run_01/154_android_smarthome_766,worker-worktrees/all-task-update-intergration-sync-20260826/runs/gui-owl-1.5-32b-instruct-lite/core200_20260905/run_01/run_metadata.json,worker-worktrees/all-task-update-intergration-sync-20260826/runs/gui-owl-1.5-32b-instruct-lite/core200_20260905/run_01/154_android_smarthome_766/config/task.json,formal_run_01: formal runner summary; archived incomplete attempts excluded,FAIL,FAIL,recorded_automatic_result; no applicable confirmed rescoring record located,0.6666666666666666,0.6666666666666666,selected-attempt result.json; no new scoring or reinterpretation,50,346.508,max_steps,3,android+home,android_0:android;android_1:android;home_0:home,worker-worktrees/all-task-update-intergration-sync-20260826/runs/gui-owl-1.5-32b-instruct-lite/core200_20260905/experiment_metadata.json,worker-worktrees/all-task-update-intergration-sync-20260826/runs/gui-owl-1.5-32b-instruct-lite/core200_20260905/run_01/summary.json,worker-worktrees/all-task-update-intergration-sync-20260826/runs/gui-owl-1.5-32b-instruct-lite/core200_20260905/run_01/154_android_smarthome_766/result.json,7348e006ce2a72ef39e134d3c1042de35ae11148,completed,formal_run_01,true,true,true,true
GUI-Owl-1.5-32B-Instruct,android_smarthome_231,155,worker-worktrees/all-task-update-intergration-sync-20260826/runs/gui-owl-1.5-32b-instruct-lite/core200_20260905/run_01/155_android_smarthome_231,worker-worktrees/all-task-update-intergration-sync-20260826/runs/gui-owl-1.5-32b-instruct-lite/core200_20260905/run_01/run_metadata.json,worker-worktrees/all-task-update-intergration-sync-20260826/runs/gui-owl-1.5-32b-instruct-lite/core200_20260905/run_01/155_android_smarthome_231/config/task.json,formal_run_01: formal runner summary; archived incomplete attempts excluded,FAIL,FAIL,recorded_automatic_result; no applicable confirmed rescoring record located,0.5,0.5,selected-attempt result.json; no new scoring or reinterpretation,50,322.461,max_steps,2,android+home,android_0:android;home_0:home,worker-worktrees/all-task-update-intergration-sync-20260826/runs/gui-owl-1.5-32b-instruct-lite/core200_20260905/experiment_metadata.json,worker-worktrees/all-task-update-intergration-sync-20260826/runs/gui-owl-1.5-32b-instruct-lite/core200_20260905/run_01/summary.json,worker-worktrees/all-task-update-intergration-sync-20260826/runs/gui-owl-1.5-32b-instruct-lite/core200_20260905/run_01/155_android_smarthome_231/result.json,7348e006ce2a72ef39e134d3c1042de35ae11148,completed,formal_run_01,true,true,true,true
GUI-Owl-1.5-32B-Instruct,android_smarthome_016,156,worker-worktrees/all-task-update-intergration-sync-20260826/runs/gui-owl-1.5-32b-instruct-lite/core200_20260905/run_01/156_android_smarthome_016,worker-worktrees/all-task-update-intergration-sync-20260826/runs/gui-owl-1.5-32b-instruct-lite/core200_20260905/run_01/run_metadata.json,worker-worktrees/all-task-update-intergration-sync-20260826/runs/gui-owl-1.5-32b-instruct-lite/core200_20260905/run_01/156_android_smarthome_016/config/task.json,formal_run_01: formal runner summary; archived incomplete attempts excluded,FAIL,FAIL,recorded_automatic_result; no applicable confirmed rescoring record located,0.5,0.5,selected-attempt result.json; no new scoring or reinterpretation,50,334.702,max_steps,2,android+home,android_0:android;home_0:home,worker-worktrees/all-task-update-intergration-sync-20260826/runs/gui-owl-1.5-32b-instruct-lite/core200_20260905/experiment_metadata.json,worker-worktrees/all-task-update-intergration-sync-20260826/runs/gui-owl-1.5-32b-instruct-lite/core200_20260905/run_01/summary.json,worker-worktrees/all-task-update-intergration-sync-20260826/runs/gui-owl-1.5-32b-instruct-lite/core200_20260905/run_01/156_android_smarthome_016/result.json,7348e006ce2a72ef39e134d3c1042de35ae11148,completed,formal_run_01,true,true,true,true
GUI-Owl-1.5-32B-Instruct,android_smarthome_202,157,worker-worktrees/all-task-update-intergration-sync-20260826/runs/gui-owl-1.5-32b-instruct-lite/core200_20260905/run_01/157_android_smarthome_202,worker-worktrees/all-task-update-intergration-sync-20260826/runs/gui-owl-1.5-32b-instruct-lite/core200_20260905/run_01/run_metadata.json,worker-worktrees/all-task-update-intergration-sync-20260826/runs/gui-owl-1.5-32b-instruct-lite/core200_20260905/run_01/157_android_smarthome_202/config/task.json,formal_run_01: formal runner summary; archived incomplete attempts excluded,FAIL,FAIL,recorded_automatic_result; no applicable confirmed rescoring record located,0,0,selected-attempt result.json; no new scoring or reinterpretation,3,48.253,done,2,android+home,android_0:android;home_0:home,worker-worktrees/all-task-update-intergration-sync-20260826/runs/gui-owl-1.5-32b-instruct-lite/core200_20260905/experiment_metadata.json,worker-worktrees/all-task-update-intergration-sync-20260826/runs/gui-owl-1.5-32b-instruct-lite/core200_20260905/run_01/summary.json,worker-worktrees/all-task-update-intergration-sync-20260826/runs/gui-owl-1.5-32b-instruct-lite/core200_20260905/run_01/157_android_smarthome_202/result.json,7348e006ce2a72ef39e134d3c1042de35ae11148,completed,formal_run_01,true,true,true,true
GUI-Owl-1.5-32B-Instruct,android_smarthome_219,158,worker-worktrees/all-task-update-intergration-sync-20260826/runs/gui-owl-1.5-32b-instruct-lite/core200_20260905/run_01/158_android_smarthome_219,worker-worktrees/all-task-update-intergration-sync-20260826/runs/gui-owl-1.5-32b-instruct-lite/core200_20260905/run_01/run_metadata.json,worker-worktrees/all-task-update-intergration-sync-20260826/runs/gui-owl-1.5-32b-instruct-lite/core200_20260905/run_01/158_android_smarthome_219/config/task.json,formal_run_01: formal runner summary; archived incomplete attempts excluded,FAIL,FAIL,recorded_automatic_result; no applicable confirmed rescoring record located,0.5,0.5,selected-attempt result.json; no new scoring or reinterpretation,3,34.582,done,2,android+home,android_0:android;home_0:home,worker-worktrees/all-task-update-intergration-sync-20260826/runs/gui-owl-1.5-32b-instruct-lite/core200_20260905/experiment_metadata.json,worker-worktrees/all-task-update-intergration-sync-20260826/runs/gui-owl-1.5-32b-instruct-lite/core200_20260905/run_01/summary.json,worker-worktrees/all-task-update-intergration-sync-20260826/runs/gui-owl-1.5-32b-instruct-lite/core200_20260905/run_01/158_android_smarthome_219/result.json,7348e006ce2a72ef39e134d3c1042de35ae11148,completed,formal_run_01,true,true,true,true
GUI-Owl-1.5-32B-Instruct,android_smarthome_233,159,worker-worktrees/all-task-update-intergration-sync-20260826/runs/gui-owl-1.5-32b-instruct-lite/core200_20260905/run_01/159_android_smarthome_233,worker-worktrees/all-task-update-intergration-sync-20260826/runs/gui-owl-1.5-32b-instruct-lite/core200_20260905/run_01/run_metadata.json,worker-worktrees/all-task-update-intergration-sync-20260826/runs/gui-owl-1.5-32b-instruct-lite/core200_20260905/run_01/159_android_smarthome_233/config/task.json,formal_run_01: formal runner summary; archived incomplete attempts excluded,FAIL,FAIL,recorded_automatic_result; no applicable confirmed rescoring record located,0.6666666666666666,0.6666666666666666,selected-attempt result.json; no new scoring or reinterpretation,50,209.476,max_steps,2,android+home,android_0:android;home_0:home,worker-worktrees/all-task-update-intergration-sync-20260826/runs/gui-owl-1.5-32b-instruct-lite/core200_20260905/experiment_metadata.json,worker-worktrees/all-task-update-intergration-sync-20260826/runs/gui-owl-1.5-32b-instruct-lite/core200_20260905/run_01/summary.json,worker-worktrees/all-task-update-intergration-sync-20260826/runs/gui-owl-1.5-32b-instruct-lite/core200_20260905/run_01/159_android_smarthome_233/result.json,7348e006ce2a72ef39e134d3c1042de35ae11148,completed,formal_run_01,true,true,true,true
GUI-Owl-1.5-32B-Instruct,android_smarthome_147,160,worker-worktrees/all-task-update-intergration-sync-20260826/runs/gui-owl-1.5-32b-instruct-lite/core200_20260905/run_01/160_android_smarthome_147,worker-worktrees/all-task-update-intergration-sync-20260826/runs/gui-owl-1.5-32b-instruct-lite/core200_20260905/run_01/run_metadata.json,worker-worktrees/all-task-update-intergration-sync-20260826/runs/gui-owl-1.5-32b-instruct-lite/core200_20260905/run_01/160_android_smarthome_147/config/task.json,formal_run_01: formal runner summary; archived incomplete attempts excluded,FAIL,FAIL,recorded_automatic_result; no applicable confirmed rescoring record located,0.25,0.25,selected-attempt result.json; no new scoring or reinterpretation,50,398.691,max_steps,3,android+home,android_0:android;android_1:android;home_0:home,worker-worktrees/all-task-update-intergration-sync-20260826/runs/gui-owl-1.5-32b-instruct-lite/core200_20260905/experiment_metadata.json,worker-worktrees/all-task-update-intergration-sync-20260826/runs/gui-owl-1.5-32b-instruct-lite/core200_20260905/run_01/summary.json,worker-worktrees/all-task-update-intergration-sync-20260826/runs/gui-owl-1.5-32b-instruct-lite/core200_20260905/run_01/160_android_smarthome_147/result.json,7348e006ce2a72ef39e134d3c1042de35ae11148,completed,formal_run_01,true,true,true,true
GUI-Owl-1.5-32B-Instruct,android_only_267,161,worker-worktrees/all-task-update-intergration-sync-20260826/runs/gui-owl-1.5-32b-instruct-lite/core200_20260905/run_01/161_android_only_267,worker-worktrees/all-task-update-intergration-sync-20260826/runs/gui-owl-1.5-32b-instruct-lite/core200_20260905/run_01/run_metadata.json,worker-worktrees/all-task-update-intergration-sync-20260826/runs/gui-owl-1.5-32b-instruct-lite/core200_20260905/run_01/161_android_only_267/config/task.json,formal_run_01: formal runner summary; archived incomplete attempts excluded,FAIL,FAIL,recorded_automatic_result; no applicable confirmed rescoring record located,0,0,selected-attempt result.json; no new scoring or reinterpretation,50,334.045,max_steps,2,android,android_0:android;android_1:android,worker-worktrees/all-task-update-intergration-sync-20260826/runs/gui-owl-1.5-32b-instruct-lite/core200_20260905/experiment_metadata.json,worker-worktrees/all-task-update-intergration-sync-20260826/runs/gui-owl-1.5-32b-instruct-lite/core200_20260905/run_01/summary.json,worker-worktrees/all-task-update-intergration-sync-20260826/runs/gui-owl-1.5-32b-instruct-lite/core200_20260905/run_01/161_android_only_267/result.json,7348e006ce2a72ef39e134d3c1042de35ae11148,completed,formal_run_01,true,true,true,true
GUI-Owl-1.5-32B-Instruct,android_only_234,162,worker-worktrees/all-task-update-intergration-sync-20260826/runs/gui-owl-1.5-32b-instruct-lite/core200_20260905/run_01/162_android_only_234,worker-worktrees/all-task-update-intergration-sync-20260826/runs/gui-owl-1.5-32b-instruct-lite/core200_20260905/run_01/run_metadata.json,worker-worktrees/all-task-update-intergration-sync-20260826/runs/gui-owl-1.5-32b-instruct-lite/core200_20260905/run_01/162_android_only_234/config/task.json,formal_run_01: formal runner summary; archived incomplete attempts excluded,FAIL,FAIL,recorded_automatic_result; no applicable confirmed rescoring record located,0.5,0.5,selected-attempt result.json; no new scoring or reinterpretation,50,289.954,max_steps,2,android,android_0:android;android_1:android,worker-worktrees/all-task-update-intergration-sync-20260826/runs/gui-owl-1.5-32b-instruct-lite/core200_20260905/experiment_metadata.json,worker-worktrees/all-task-update-intergration-sync-20260826/runs/gui-owl-1.5-32b-instruct-lite/core200_20260905/run_01/summary.json,worker-worktrees/all-task-update-intergration-sync-20260826/runs/gui-owl-1.5-32b-instruct-lite/core200_20260905/run_01/162_android_only_234/result.json,7348e006ce2a72ef39e134d3c1042de35ae11148,completed,formal_run_01,true,true,true,true
GUI-Owl-1.5-32B-Instruct,android_only_214,163,worker-worktrees/all-task-update-intergration-sync-20260826/runs/gui-owl-1.5-32b-instruct-lite/core200_20260905/run_01/163_android_only_214,worker-worktrees/all-task-update-intergration-sync-20260826/runs/gui-owl-1.5-32b-instruct-lite/core200_20260905/run_01/run_metadata.json,worker-worktrees/all-task-update-intergration-sync-20260826/runs/gui-owl-1.5-32b-instruct-lite/core200_20260905/run_01/163_android_only_214/config/task.json,formal_run_01: formal runner summary; archived incomplete attempts excluded,FAIL,FAIL,recorded_automatic_result; no applicable confirmed rescoring record located,0,0,selected-attempt result.json; no new scoring or reinterpretation,50,391.231,max_steps,2,android,android_0:android;android_1:android,worker-worktrees/all-task-update-intergration-sync-20260826/runs/gui-owl-1.5-32b-instruct-lite/core200_20260905/experiment_metadata.json,worker-worktrees/all-task-update-intergration-sync-20260826/runs/gui-owl-1.5-32b-instruct-lite/core200_20260905/run_01/summary.json,worker-worktrees/all-task-update-intergration-sync-20260826/runs/gui-owl-1.5-32b-instruct-lite/core200_20260905/run_01/163_android_only_214/result.json,7348e006ce2a72ef39e134d3c1042de35ae11148,completed,formal_run_01,true,true,true,true
GUI-Owl-1.5-32B-Instruct,android_only_305,164,worker-worktrees/all-task-update-intergration-sync-20260826/runs/gui-owl-1.5-32b-instruct-lite/core200_20260905/run_01/164_android_only_305,worker-worktrees/all-task-update-intergration-sync-20260826/runs/gui-owl-1.5-32b-instruct-lite/core200_20260905/run_01/run_metadata.json,worker-worktrees/all-task-update-intergration-sync-20260826/runs/gui-owl-1.5-32b-instruct-lite/core200_20260905/run_01/164_android_only_305/config/task.json,formal_run_01: formal runner summary; archived incomplete attempts excluded,FAIL,FAIL,recorded_automatic_result; no applicable confirmed rescoring record located,0.5,0.5,selected-attempt result.json; no new scoring or reinterpretation,50,357.513,max_steps,2,android,android_0:android;android_1:android,worker-worktrees/all-task-update-intergration-sync-20260826/runs/gui-owl-1.5-32b-instruct-lite/core200_20260905/experiment_metadata.json,worker-worktrees/all-task-update-intergration-sync-20260826/runs/gui-owl-1.5-32b-instruct-lite/core200_20260905/run_01/summary.json,worker-worktrees/all-task-update-intergration-sync-20260826/runs/gui-owl-1.5-32b-instruct-lite/core200_20260905/run_01/164_android_only_305/result.json,7348e006ce2a72ef39e134d3c1042de35ae11148,completed,formal_run_01,true,true,true,true
GUI-Owl-1.5-32B-Instruct,android_only_264,165,worker-worktrees/all-task-update-intergration-sync-20260826/runs/gui-owl-1.5-32b-instruct-lite/core200_20260905/run_01/165_android_only_264,worker-worktrees/all-task-update-intergration-sync-20260826/runs/gui-owl-1.5-32b-instruct-lite/core200_20260905/run_01/run_metadata.json,worker-worktrees/all-task-update-intergration-sync-20260826/runs/gui-owl-1.5-32b-instruct-lite/core200_20260905/run_01/165_android_only_264/config/task.json,formal_run_01: formal runner summary; archived incomplete attempts excluded,FAIL,FAIL,recorded_automatic_result; no applicable confirmed rescoring record located,0,0,selected-attempt result.json; no new scoring or reinterpretation,50,347.634,max_steps,2,android,android_0:android;android_1:android,worker-worktrees/all-task-update-intergration-sync-20260826/runs/gui-owl-1.5-32b-instruct-lite/core200_20260905/experiment_metadata.json,worker-worktrees/all-task-update-intergration-sync-20260826/runs/gui-owl-1.5-32b-instruct-lite/core200_20260905/run_01/summary.json,worker-worktrees/all-task-update-intergration-sync-20260826/runs/gui-owl-1.5-32b-instruct-lite/core200_20260905/run_01/165_android_only_264/result.json,7348e006ce2a72ef39e134d3c1042de35ae11148,completed,formal_run_01,true,true,true,true
GUI-Owl-1.5-32B-Instruct,android_only_236,166,worker-worktrees/all-task-update-intergration-sync-20260826/runs/gui-owl-1.5-32b-instruct-lite/core200_20260905/run_01/166_android_only_236,worker-worktrees/all-task-update-intergration-sync-20260826/runs/gui-owl-1.5-32b-instruct-lite/core200_20260905/run_01/run_metadata.json,worker-worktrees/all-task-update-intergration-sync-20260826/runs/gui-owl-1.5-32b-instruct-lite/core200_20260905/run_01/166_android_only_236/config/task.json,formal_run_01: formal runner summary; archived incomplete attempts excluded,FAIL,FAIL,recorded_automatic_result; no applicable confirmed rescoring record located,0.75,0.75,selected-attempt result.json; no new scoring or reinterpretation,50,378.126,max_steps,2,android,android_0:android;android_1:android,worker-worktrees/all-task-update-intergration-sync-20260826/runs/gui-owl-1.5-32b-instruct-lite/core200_20260905/experiment_metadata.json,worker-worktrees/all-task-update-intergration-sync-20260826/runs/gui-owl-1.5-32b-instruct-lite/core200_20260905/run_01/summary.json,worker-worktrees/all-task-update-intergration-sync-20260826/runs/gui-owl-1.5-32b-instruct-lite/core200_20260905/run_01/166_android_only_236/result.json,7348e006ce2a72ef39e134d3c1042de35ae11148,completed,formal_run_01,true,true,true,true
GUI-Owl-1.5-32B-Instruct,android_only_254,167,worker-worktrees/all-task-update-intergration-sync-20260826/runs/gui-owl-1.5-32b-instruct-lite/core200_20260905/run_01/167_android_only_254,worker-worktrees/all-task-update-intergration-sync-20260826/runs/gui-owl-1.5-32b-instruct-lite/core200_20260905/run_01/run_metadata.json,worker-worktrees/all-task-update-intergration-sync-20260826/runs/gui-owl-1.5-32b-instruct-lite/core200_20260905/run_01/167_android_only_254/config/task.json,formal_run_01: formal runner summary; archived incomplete attempts excluded,FAIL,FAIL,recorded_automatic_result; no applicable confirmed rescoring record located,0,0,selected-attempt result.json; no new scoring or reinterpretation,50,296.278,max_steps,2,android,android_0:android;android_1:android,worker-worktrees/all-task-update-intergration-sync-20260826/runs/gui-owl-1.5-32b-instruct-lite/core200_20260905/experiment_metadata.json,worker-worktrees/all-task-update-intergration-sync-20260826/runs/gui-owl-1.5-32b-instruct-lite/core200_20260905/run_01/summary.json,worker-worktrees/all-task-update-intergration-sync-20260826/runs/gui-owl-1.5-32b-instruct-lite/core200_20260905/run_01/167_android_only_254/result.json,7348e006ce2a72ef39e134d3c1042de35ae11148,completed,formal_run_01,true,true,true,true
GUI-Owl-1.5-32B-Instruct,android_only_218,168,worker-worktrees/all-task-update-intergration-sync-20260826/runs/gui-owl-1.5-32b-instruct-lite/core200_20260905/run_01/168_android_only_218,worker-worktrees/all-task-update-intergration-sync-20260826/runs/gui-owl-1.5-32b-instruct-lite/core200_20260905/run_01/run_metadata.json,worker-worktrees/all-task-update-intergration-sync-20260826/runs/gui-owl-1.5-32b-instruct-lite/core200_20260905/run_01/168_android_only_218/config/task.json,formal_run_01: formal runner summary; archived incomplete attempts excluded,FAIL,FAIL,recorded_automatic_result; no applicable confirmed rescoring record located,0,0,selected-attempt result.json; no new scoring or reinterpretation,50,365.007,max_steps,2,android,android_0:android;android_1:android,worker-worktrees/all-task-update-intergration-sync-20260826/runs/gui-owl-1.5-32b-instruct-lite/core200_20260905/experiment_metadata.json,worker-worktrees/all-task-update-intergration-sync-20260826/runs/gui-owl-1.5-32b-instruct-lite/core200_20260905/run_01/summary.json,worker-worktrees/all-task-update-intergration-sync-20260826/runs/gui-owl-1.5-32b-instruct-lite/core200_20260905/run_01/168_android_only_218/result.json,7348e006ce2a72ef39e134d3c1042de35ae11148,completed,formal_run_01,true,true,true,true
GUI-Owl-1.5-32B-Instruct,android_only_260,169,worker-worktrees/all-task-update-intergration-sync-20260826/runs/gui-owl-1.5-32b-instruct-lite/core200_20260905/run_01/169_android_only_260,worker-worktrees/all-task-update-intergration-sync-20260826/runs/gui-owl-1.5-32b-instruct-lite/core200_20260905/run_01/run_metadata.json,worker-worktrees/all-task-update-intergration-sync-20260826/runs/gui-owl-1.5-32b-instruct-lite/core200_20260905/run_01/169_android_only_260/config/task.json,formal_run_01: formal runner summary; archived incomplete attempts excluded,FAIL,FAIL,recorded_automatic_result; no applicable confirmed rescoring record located,0,0,selected-attempt result.json; no new scoring or reinterpretation,50,291.171,max_steps,2,android,android_0:android;android_1:android,worker-worktrees/all-task-update-intergration-sync-20260826/runs/gui-owl-1.5-32b-instruct-lite/core200_20260905/experiment_metadata.json,worker-worktrees/all-task-update-intergration-sync-20260826/runs/gui-owl-1.5-32b-instruct-lite/core200_20260905/run_01/summary.json,worker-worktrees/all-task-update-intergration-sync-20260826/runs/gui-owl-1.5-32b-instruct-lite/core200_20260905/run_01/169_android_only_260/result.json,7348e006ce2a72ef39e134d3c1042de35ae11148,completed,formal_run_01,true,true,true,true
GUI-Owl-1.5-32B-Instruct,android_only_285,170,worker-worktrees/all-task-update-intergration-sync-20260826/runs/gui-owl-1.5-32b-instruct-lite/core200_20260905/run_01/170_android_only_285,worker-worktrees/all-task-update-intergration-sync-20260826/runs/gui-owl-1.5-32b-instruct-lite/core200_20260905/run_01/run_metadata.json,worker-worktrees/all-task-update-intergration-sync-20260826/runs/gui-owl-1.5-32b-instruct-lite/core200_20260905/run_01/170_android_only_285/config/task.json,formal_run_01: formal runner summary; archived incomplete attempts excluded,FAIL,FAIL,recorded_automatic_result; no applicable confirmed rescoring record located,0.5,0.5,selected-attempt result.json; no new scoring or reinterpretation,50,343.097,max_steps,2,android,android_0:android;android_1:android,worker-worktrees/all-task-update-intergration-sync-20260826/runs/gui-owl-1.5-32b-instruct-lite/core200_20260905/experiment_metadata.json,worker-worktrees/all-task-update-intergration-sync-20260826/runs/gui-owl-1.5-32b-instruct-lite/core200_20260905/run_01/summary.json,worker-worktrees/all-task-update-intergration-sync-20260826/runs/gui-owl-1.5-32b-instruct-lite/core200_20260905/run_01/170_android_only_285/result.json,7348e006ce2a72ef39e134d3c1042de35ae11148,completed,formal_run_01,true,true,true,true
GUI-Owl-1.5-32B-Instruct,android_only_210,171,worker-worktrees/all-task-update-intergration-sync-20260826/runs/gui-owl-1.5-32b-instruct-lite/core200_20260905/run_01/171_android_only_210,worker-worktrees/all-task-update-intergration-sync-20260826/runs/gui-owl-1.5-32b-instruct-lite/core200_20260905/run_01/run_metadata.json,worker-worktrees/all-task-update-intergration-sync-20260826/runs/gui-owl-1.5-32b-instruct-lite/core200_20260905/run_01/171_android_only_210/config/task.json,formal_run_01: formal runner summary; archived incomplete attempts excluded,FAIL,FAIL,recorded_automatic_result; no applicable confirmed rescoring record located,0,0,selected-attempt result.json; no new scoring or reinterpretation,50,370.085,max_steps,2,android,android_0:android;android_1:android,worker-worktrees/all-task-update-intergration-sync-20260826/runs/gui-owl-1.5-32b-instruct-lite/core200_20260905/experiment_metadata.json,worker-worktrees/all-task-update-intergration-sync-20260826/runs/gui-owl-1.5-32b-instruct-lite/core200_20260905/run_01/summary.json,worker-worktrees/all-task-update-intergration-sync-20260826/runs/gui-owl-1.5-32b-instruct-lite/core200_20260905/run_01/171_android_only_210/result.json,7348e006ce2a72ef39e134d3c1042de35ae11148,completed,formal_run_01,true,true,true,true
GUI-Owl-1.5-32B-Instruct,android_only_274,172,worker-worktrees/all-task-update-intergration-sync-20260826/runs/gui-owl-1.5-32b-instruct-lite/core200_20260905/run_01/172_android_only_274,worker-worktrees/all-task-update-intergration-sync-20260826/runs/gui-owl-1.5-32b-instruct-lite/core200_20260905/run_01/run_metadata.json,worker-worktrees/all-task-update-intergration-sync-20260826/runs/gui-owl-1.5-32b-instruct-lite/core200_20260905/run_01/172_android_only_274/config/task.json,formal_run_01: formal runner summary; archived incomplete attempts excluded,FAIL,FAIL,recorded_automatic_result; no applicable confirmed rescoring record located,0,0,selected-attempt result.json; no new scoring or reinterpretation,50,346.837,max_steps,2,android,android_0:android;android_1:android,worker-worktrees/all-task-update-intergration-sync-20260826/runs/gui-owl-1.5-32b-instruct-lite/core200_20260905/experiment_metadata.json,worker-worktrees/all-task-update-intergration-sync-20260826/runs/gui-owl-1.5-32b-instruct-lite/core200_20260905/run_01/summary.json,worker-worktrees/all-task-update-intergration-sync-20260826/runs/gui-owl-1.5-32b-instruct-lite/core200_20260905/run_01/172_android_only_274/result.json,7348e006ce2a72ef39e134d3c1042de35ae11148,completed,formal_run_01,true,true,true,true
GUI-Owl-1.5-32B-Instruct,android_only_223,173,worker-worktrees/all-task-update-intergration-sync-20260826/runs/gui-owl-1.5-32b-instruct-lite/core200_20260905/run_01/173_android_only_223,worker-worktrees/all-task-update-intergration-sync-20260826/runs/gui-owl-1.5-32b-instruct-lite/core200_20260905/run_01/run_metadata.json,worker-worktrees/all-task-update-intergration-sync-20260826/runs/gui-owl-1.5-32b-instruct-lite/core200_20260905/run_01/173_android_only_223/config/task.json,formal_run_01: formal runner summary; archived incomplete attempts excluded,FAIL,FAIL,recorded_automatic_result; no applicable confirmed rescoring record located,0,0,selected-attempt result.json; no new scoring or reinterpretation,50,277.696,max_steps,2,android,android_0:android;android_1:android,worker-worktrees/all-task-update-intergration-sync-20260826/runs/gui-owl-1.5-32b-instruct-lite/core200_20260905/experiment_metadata.json,worker-worktrees/all-task-update-intergration-sync-20260826/runs/gui-owl-1.5-32b-instruct-lite/core200_20260905/run_01/summary.json,worker-worktrees/all-task-update-intergration-sync-20260826/runs/gui-owl-1.5-32b-instruct-lite/core200_20260905/run_01/173_android_only_223/result.json,7348e006ce2a72ef39e134d3c1042de35ae11148,completed,formal_run_01,true,true,true,true
GUI-Owl-1.5-32B-Instruct,android_only_247,174,worker-worktrees/all-task-update-intergration-sync-20260826/runs/gui-owl-1.5-32b-instruct-lite/core200_20260905/run_01/174_android_only_247,worker-worktrees/all-task-update-intergration-sync-20260826/runs/gui-owl-1.5-32b-instruct-lite/core200_20260905/run_01/run_metadata.json,worker-worktrees/all-task-update-intergration-sync-20260826/runs/gui-owl-1.5-32b-instruct-lite/core200_20260905/run_01/174_android_only_247/config/task.json,formal_run_01: formal runner summary; archived incomplete attempts excluded,FAIL,FAIL,recorded_automatic_result; no applicable confirmed rescoring record located,0.5,0.5,selected-attempt result.json; no new scoring or reinterpretation,50,373.43,max_steps,2,android,android_0:android;android_1:android,worker-worktrees/all-task-update-intergration-sync-20260826/runs/gui-owl-1.5-32b-instruct-lite/core200_20260905/experiment_metadata.json,worker-worktrees/all-task-update-intergration-sync-20260826/runs/gui-owl-1.5-32b-instruct-lite/core200_20260905/run_01/summary.json,worker-worktrees/all-task-update-intergration-sync-20260826/runs/gui-owl-1.5-32b-instruct-lite/core200_20260905/run_01/174_android_only_247/result.json,7348e006ce2a72ef39e134d3c1042de35ae11148,completed,formal_run_01,true,true,true,true
GUI-Owl-1.5-32B-Instruct,android_only_270,175,worker-worktrees/all-task-update-intergration-sync-20260826/runs/gui-owl-1.5-32b-instruct-lite/core200_20260905/run_01/175_android_only_270,worker-worktrees/all-task-update-intergration-sync-20260826/runs/gui-owl-1.5-32b-instruct-lite/core200_20260905/run_01/run_metadata.json,worker-worktrees/all-task-update-intergration-sync-20260826/runs/gui-owl-1.5-32b-instruct-lite/core200_20260905/run_01/175_android_only_270/config/task.json,formal_run_01: formal runner summary; archived incomplete attempts excluded,FAIL,FAIL,recorded_automatic_result; no applicable confirmed rescoring record located,0,0,selected-attempt result.json; no new scoring or reinterpretation,50,356.707,max_steps,2,android,android_0:android;android_1:android,worker-worktrees/all-task-update-intergration-sync-20260826/runs/gui-owl-1.5-32b-instruct-lite/core200_20260905/experiment_metadata.json,worker-worktrees/all-task-update-intergration-sync-20260826/runs/gui-owl-1.5-32b-instruct-lite/core200_20260905/run_01/summary.json,worker-worktrees/all-task-update-intergration-sync-20260826/runs/gui-owl-1.5-32b-instruct-lite/core200_20260905/run_01/175_android_only_270/result.json,7348e006ce2a72ef39e134d3c1042de35ae11148,completed,formal_run_01,true,true,true,true
GUI-Owl-1.5-32B-Instruct,linux_only_279,176,worker-worktrees/all-task-update-intergration-sync-20260826/runs/gui-owl-1.5-32b-instruct-lite/core200_20260905/run_01/176_linux_only_279,worker-worktrees/all-task-update-intergration-sync-20260826/runs/gui-owl-1.5-32b-instruct-lite/core200_20260905/run_01/run_metadata.json,worker-worktrees/all-task-update-intergration-sync-20260826/runs/gui-owl-1.5-32b-instruct-lite/core200_20260905/run_01/176_linux_only_279/config/task.json,formal_run_01: formal runner summary; archived incomplete attempts excluded,PASS,PASS,recorded_automatic_result; no applicable confirmed rescoring record located,1,1,selected-attempt result.json; no new scoring or reinterpretation,4,187.815,done,2,linux,linux_0:linux;linux_1:linux,worker-worktrees/all-task-update-intergration-sync-20260826/runs/gui-owl-1.5-32b-instruct-lite/core200_20260905/experiment_metadata.json,worker-worktrees/all-task-update-intergration-sync-20260826/runs/gui-owl-1.5-32b-instruct-lite/core200_20260905/run_01/summary.json,worker-worktrees/all-task-update-intergration-sync-20260826/runs/gui-owl-1.5-32b-instruct-lite/core200_20260905/run_01/176_linux_only_279/result.json,7348e006ce2a72ef39e134d3c1042de35ae11148,completed,formal_run_01,true,true,true,true
GUI-Owl-1.5-32B-Instruct,linux_only_305,177,worker-worktrees/all-task-update-intergration-sync-20260826/runs/gui-owl-1.5-32b-instruct-lite/core200_20260905/run_01/177_linux_only_305,worker-worktrees/all-task-update-intergration-sync-20260826/runs/gui-owl-1.5-32b-instruct-lite/core200_20260905/run_01/run_metadata.json,worker-worktrees/all-task-update-intergration-sync-20260826/runs/gui-owl-1.5-32b-instruct-lite/core200_20260905/run_01/177_linux_only_305/config/task.json,formal_run_01: formal runner summary; archived incomplete attempts excluded,FAIL,FAIL,recorded_automatic_result; no applicable confirmed rescoring record located,0,0,selected-attempt result.json; no new scoring or reinterpretation,12,192.665,done,2,linux,linux_0:linux;linux_1:linux,worker-worktrees/all-task-update-intergration-sync-20260826/runs/gui-owl-1.5-32b-instruct-lite/core200_20260905/experiment_metadata.json,worker-worktrees/all-task-update-intergration-sync-20260826/runs/gui-owl-1.5-32b-instruct-lite/core200_20260905/run_01/summary.json,worker-worktrees/all-task-update-intergration-sync-20260826/runs/gui-owl-1.5-32b-instruct-lite/core200_20260905/run_01/177_linux_only_305/result.json,7348e006ce2a72ef39e134d3c1042de35ae11148,completed,formal_run_01,true,true,true,true
GUI-Owl-1.5-32B-Instruct,linux_only_249,178,worker-worktrees/all-task-update-intergration-sync-20260826/runs/gui-owl-1.5-32b-instruct-lite/core200_20260905/run_01/178_linux_only_249,worker-worktrees/all-task-update-intergration-sync-20260826/runs/gui-owl-1.5-32b-instruct-lite/core200_20260905/run_01/run_metadata.json,worker-worktrees/all-task-update-intergration-sync-20260826/runs/gui-owl-1.5-32b-instruct-lite/core200_20260905/run_01/178_linux_only_249/config/task.json,formal_run_01: formal runner summary; archived incomplete attempts excluded,PASS,PASS,recorded_automatic_result; no applicable confirmed rescoring record located,1,1,selected-attempt result.json; no new scoring or reinterpretation,25,254.11,done,2,linux,linux_0:linux;linux_1:linux,worker-worktrees/all-task-update-intergration-sync-20260826/runs/gui-owl-1.5-32b-instruct-lite/core200_20260905/experiment_metadata.json,worker-worktrees/all-task-update-intergration-sync-20260826/runs/gui-owl-1.5-32b-instruct-lite/core200_20260905/run_01/summary.json,worker-worktrees/all-task-update-intergration-sync-20260826/runs/gui-owl-1.5-32b-instruct-lite/core200_20260905/run_01/178_linux_only_249/result.json,7348e006ce2a72ef39e134d3c1042de35ae11148,completed,formal_run_01,true,true,true,true
GUI-Owl-1.5-32B-Instruct,linux_only_224,179,worker-worktrees/all-task-update-intergration-sync-20260826/runs/gui-owl-1.5-32b-instruct-lite/core200_20260905/run_01/179_linux_only_224,worker-worktrees/all-task-update-intergration-sync-20260826/runs/gui-owl-1.5-32b-instruct-lite/core200_20260905/run_01/run_metadata.json,worker-worktrees/all-task-update-intergration-sync-20260826/runs/gui-owl-1.5-32b-instruct-lite/core200_20260905/run_01/179_linux_only_224/config/task.json,formal_run_01: formal runner summary; archived incomplete attempts excluded,FAIL,FAIL,recorded_automatic_result; no applicable confirmed rescoring record located,0,0,selected-attempt result.json; no new scoring or reinterpretation,50,1139.653,max_steps,2,linux,linux_0:linux;linux_1:linux,worker-worktrees/all-task-update-intergration-sync-20260826/runs/gui-owl-1.5-32b-instruct-lite/core200_20260905/experiment_metadata.json,worker-worktrees/all-task-update-intergration-sync-20260826/runs/gui-owl-1.5-32b-instruct-lite/core200_20260905/run_01/summary.json,worker-worktrees/all-task-update-intergration-sync-20260826/runs/gui-owl-1.5-32b-instruct-lite/core200_20260905/run_01/179_linux_only_224/result.json,7348e006ce2a72ef39e134d3c1042de35ae11148,completed,formal_run_01,true,true,true,true
GUI-Owl-1.5-32B-Instruct,linux_only_298,180,worker-worktrees/all-task-update-intergration-sync-20260826/runs/gui-owl-1.5-32b-instruct-lite/core200_20260905/run_01/180_linux_only_298,worker-worktrees/all-task-update-intergration-sync-20260826/runs/gui-owl-1.5-32b-instruct-lite/core200_20260905/run_01/run_metadata.json,worker-worktrees/all-task-update-intergration-sync-20260826/runs/gui-owl-1.5-32b-instruct-lite/core200_20260905/run_01/180_linux_only_298/config/task.json,formal_run_01: formal runner summary; archived incomplete attempts excluded,PASS,PASS,recorded_automatic_result; no applicable confirmed rescoring record located,1,1,selected-attempt result.json; no new scoring or reinterpretation,4,159.713,done,2,linux,linux_0:linux;linux_1:linux,worker-worktrees/all-task-update-intergration-sync-20260826/runs/gui-owl-1.5-32b-instruct-lite/core200_20260905/experiment_metadata.json,worker-worktrees/all-task-update-intergration-sync-20260826/runs/gui-owl-1.5-32b-instruct-lite/core200_20260905/run_01/summary.json,worker-worktrees/all-task-update-intergration-sync-20260826/runs/gui-owl-1.5-32b-instruct-lite/core200_20260905/run_01/180_linux_only_298/result.json,7348e006ce2a72ef39e134d3c1042de35ae11148,completed,formal_run_01,true,true,true,true
GUI-Owl-1.5-32B-Instruct,linux_only_218,181,worker-worktrees/all-task-update-intergration-sync-20260826/runs/gui-owl-1.5-32b-instruct-lite/core200_20260905/run_01/181_linux_only_218,worker-worktrees/all-task-update-intergration-sync-20260826/runs/gui-owl-1.5-32b-instruct-lite/core200_20260905/run_01/run_metadata.json,worker-worktrees/all-task-update-intergration-sync-20260826/runs/gui-owl-1.5-32b-instruct-lite/core200_20260905/run_01/181_linux_only_218/config/task.json,formal_run_01: formal runner summary; archived incomplete attempts excluded,FAIL,FAIL,recorded_automatic_result; no applicable confirmed rescoring record located,0.5,0.5,selected-attempt result.json; no new scoring or reinterpretation,12,175.263,done,2,linux,linux_0:linux;linux_1:linux,worker-worktrees/all-task-update-intergration-sync-20260826/runs/gui-owl-1.5-32b-instruct-lite/core200_20260905/experiment_metadata.json,worker-worktrees/all-task-update-intergration-sync-20260826/runs/gui-owl-1.5-32b-instruct-lite/core200_20260905/run_01/summary.json,worker-worktrees/all-task-update-intergration-sync-20260826/runs/gui-owl-1.5-32b-instruct-lite/core200_20260905/run_01/181_linux_only_218/result.json,7348e006ce2a72ef39e134d3c1042de35ae11148,completed,formal_run_01,true,true,true,true
GUI-Owl-1.5-32B-Instruct,linux_only_259,182,worker-worktrees/all-task-update-intergration-sync-20260826/runs/gui-owl-1.5-32b-instruct-lite/core200_20260905/run_01/182_linux_only_259,worker-worktrees/all-task-update-intergration-sync-20260826/runs/gui-owl-1.5-32b-instruct-lite/core200_20260905/run_01/run_metadata.json,worker-worktrees/all-task-update-intergration-sync-20260826/runs/gui-owl-1.5-32b-instruct-lite/core200_20260905/run_01/182_linux_only_259/config/task.json,formal_run_01: formal runner summary; archived incomplete attempts excluded,FAIL,FAIL,recorded_automatic_result; no applicable confirmed rescoring record located,0,0,selected-attempt result.json; no new scoring or reinterpretation,50,441.939,max_steps,2,linux,linux_0:linux;linux_1:linux,worker-worktrees/all-task-update-intergration-sync-20260826/runs/gui-owl-1.5-32b-instruct-lite/core200_20260905/experiment_metadata.json,worker-worktrees/all-task-update-intergration-sync-20260826/runs/gui-owl-1.5-32b-instruct-lite/core200_20260905/run_01/summary.json,worker-worktrees/all-task-update-intergration-sync-20260826/runs/gui-owl-1.5-32b-instruct-lite/core200_20260905/run_01/182_linux_only_259/result.json,7348e006ce2a72ef39e134d3c1042de35ae11148,completed,formal_run_01,true,true,true,true
GUI-Owl-1.5-32B-Instruct,linux_only_295,183,worker-worktrees/all-task-update-intergration-sync-20260826/runs/gui-owl-1.5-32b-instruct-lite/core200_20260905/run_01/183_linux_only_295,worker-worktrees/all-task-update-intergration-sync-20260826/runs/gui-owl-1.5-32b-instruct-lite/core200_20260905/run_01/run_metadata.json,worker-worktrees/all-task-update-intergration-sync-20260826/runs/gui-owl-1.5-32b-instruct-lite/core200_20260905/run_01/183_linux_only_295/config/task.json,formal_run_01: formal runner summary; archived incomplete attempts excluded,FAIL,FAIL,recorded_automatic_result; no applicable confirmed rescoring record located,0.5,0.5,selected-attempt result.json; no new scoring or reinterpretation,6,171.065,done,2,linux,linux_0:linux;linux_1:linux,worker-worktrees/all-task-update-intergration-sync-20260826/runs/gui-owl-1.5-32b-instruct-lite/core200_20260905/experiment_metadata.json,worker-worktrees/all-task-update-intergration-sync-20260826/runs/gui-owl-1.5-32b-instruct-lite/core200_20260905/run_01/summary.json,worker-worktrees/all-task-update-intergration-sync-20260826/runs/gui-owl-1.5-32b-instruct-lite/core200_20260905/run_01/183_linux_only_295/result.json,7348e006ce2a72ef39e134d3c1042de35ae11148,completed,formal_run_01,true,true,true,true
GUI-Owl-1.5-32B-Instruct,linux_only_313,184,worker-worktrees/all-task-update-intergration-sync-20260826/runs/gui-owl-1.5-32b-instruct-lite/core200_20260905/run_01/184_linux_only_313,worker-worktrees/all-task-update-intergration-sync-20260826/runs/gui-owl-1.5-32b-instruct-lite/core200_20260905/run_01/run_metadata.json,worker-worktrees/all-task-update-intergration-sync-20260826/runs/gui-owl-1.5-32b-instruct-lite/core200_20260905/run_01/184_linux_only_313/config/task.json,formal_run_01: formal runner summary; archived incomplete attempts excluded,FAIL,FAIL,recorded_automatic_result; no applicable confirmed rescoring record located,0,0,selected-attempt result.json; no new scoring or reinterpretation,50,447.473,max_steps,2,linux,linux_0:linux;linux_1:linux,worker-worktrees/all-task-update-intergration-sync-20260826/runs/gui-owl-1.5-32b-instruct-lite/core200_20260905/experiment_metadata.json,worker-worktrees/all-task-update-intergration-sync-20260826/runs/gui-owl-1.5-32b-instruct-lite/core200_20260905/run_01/summary.json,worker-worktrees/all-task-update-intergration-sync-20260826/runs/gui-owl-1.5-32b-instruct-lite/core200_20260905/run_01/184_linux_only_313/result.json,7348e006ce2a72ef39e134d3c1042de35ae11148,completed,formal_run_01,true,true,true,true
GUI-Owl-1.5-32B-Instruct,linux_only_275,185,worker-worktrees/all-task-update-intergration-sync-20260826/runs/gui-owl-1.5-32b-instruct-lite/core200_20260905/run_01/185_linux_only_275,worker-worktrees/all-task-update-intergration-sync-20260826/runs/gui-owl-1.5-32b-instruct-lite/core200_20260905/run_01/run_metadata.json,worker-worktrees/all-task-update-intergration-sync-20260826/runs/gui-owl-1.5-32b-instruct-lite/core200_20260905/run_01/185_linux_only_275/config/task.json,formal_run_01: formal runner summary; archived incomplete attempts excluded,FAIL,FAIL,recorded_automatic_result; no applicable confirmed rescoring record located,0,0,selected-attempt result.json; no new scoring or reinterpretation,5,142.423,done,2,linux,linux_0:linux;linux_1:linux,worker-worktrees/all-task-update-intergration-sync-20260826/runs/gui-owl-1.5-32b-instruct-lite/core200_20260905/experiment_metadata.json,worker-worktrees/all-task-update-intergration-sync-20260826/runs/gui-owl-1.5-32b-instruct-lite/core200_20260905/run_01/summary.json,worker-worktrees/all-task-update-intergration-sync-20260826/runs/gui-owl-1.5-32b-instruct-lite/core200_20260905/run_01/185_linux_only_275/result.json,7348e006ce2a72ef39e134d3c1042de35ae11148,completed,formal_run_01,true,true,true,true
GUI-Owl-1.5-32B-Instruct,linux_only_283,186,worker-worktrees/all-task-update-intergration-sync-20260826/runs/gui-owl-1.5-32b-instruct-lite/core200_20260905/run_01/186_linux_only_283,worker-worktrees/all-task-update-intergration-sync-20260826/runs/gui-owl-1.5-32b-instruct-lite/core200_20260905/run_01/run_metadata.json,worker-worktrees/all-task-update-intergration-sync-20260826/runs/gui-owl-1.5-32b-instruct-lite/core200_20260905/run_01/186_linux_only_283/config/task.json,formal_run_01: formal runner summary; archived incomplete attempts excluded,FAIL,FAIL,recorded_automatic_result; no applicable confirmed rescoring record located,0,0,selected-attempt result.json; no new scoring or reinterpretation,4,137.441,done,2,linux,linux_0:linux;linux_1:linux,worker-worktrees/all-task-update-intergration-sync-20260826/runs/gui-owl-1.5-32b-instruct-lite/core200_20260905/experiment_metadata.json,worker-worktrees/all-task-update-intergration-sync-20260826/runs/gui-owl-1.5-32b-instruct-lite/core200_20260905/run_01/summary.json,worker-worktrees/all-task-update-intergration-sync-20260826/runs/gui-owl-1.5-32b-instruct-lite/core200_20260905/run_01/186_linux_only_283/result.json,7348e006ce2a72ef39e134d3c1042de35ae11148,completed,formal_run_01,true,true,true,true
GUI-Owl-1.5-32B-Instruct,linux_only_300,187,worker-worktrees/all-task-update-intergration-sync-20260826/runs/gui-owl-1.5-32b-instruct-lite/core200_20260905/run_01/187_linux_only_300,worker-worktrees/all-task-update-intergration-sync-20260826/runs/gui-owl-1.5-32b-instruct-lite/core200_20260905/run_01/run_metadata.json,worker-worktrees/all-task-update-intergration-sync-20260826/runs/gui-owl-1.5-32b-instruct-lite/core200_20260905/run_01/187_linux_only_300/config/task.json,formal_run_01: formal runner summary; archived incomplete attempts excluded,FAIL,FAIL,recorded_automatic_result; no applicable confirmed rescoring record located,0.3333333333333333,0.3333333333333333,selected-attempt result.json; no new scoring or reinterpretation,11,244.411,done,2,linux,linux_0:linux;linux_1:linux,worker-worktrees/all-task-update-intergration-sync-20260826/runs/gui-owl-1.5-32b-instruct-lite/core200_20260905/experiment_metadata.json,worker-worktrees/all-task-update-intergration-sync-20260826/runs/gui-owl-1.5-32b-instruct-lite/core200_20260905/run_01/summary.json,worker-worktrees/all-task-update-intergration-sync-20260826/runs/gui-owl-1.5-32b-instruct-lite/core200_20260905/run_01/187_linux_only_300/result.json,7348e006ce2a72ef39e134d3c1042de35ae11148,completed,formal_run_01,true,true,true,true
GUI-Owl-1.5-32B-Instruct,linux_only_251,188,worker-worktrees/all-task-update-intergration-sync-20260826/runs/gui-owl-1.5-32b-instruct-lite/core200_20260905/run_01/188_linux_only_251,worker-worktrees/all-task-update-intergration-sync-20260826/runs/gui-owl-1.5-32b-instruct-lite/core200_20260905/run_01/run_metadata.json,worker-worktrees/all-task-update-intergration-sync-20260826/runs/gui-owl-1.5-32b-instruct-lite/core200_20260905/run_01/188_linux_only_251/config/task.json,formal_run_01: formal runner summary; archived incomplete attempts excluded,FAIL,FAIL,recorded_automatic_result; no applicable confirmed rescoring record located,0,0,selected-attempt result.json; no new scoring or reinterpretation,50,370.18,max_steps,2,linux,linux_0:linux;linux_1:linux,worker-worktrees/all-task-update-intergration-sync-20260826/runs/gui-owl-1.5-32b-instruct-lite/core200_20260905/experiment_metadata.json,worker-worktrees/all-task-update-intergration-sync-20260826/runs/gui-owl-1.5-32b-instruct-lite/core200_20260905/run_01/summary.json,worker-worktrees/all-task-update-intergration-sync-20260826/runs/gui-owl-1.5-32b-instruct-lite/core200_20260905/run_01/188_linux_only_251/result.json,7348e006ce2a72ef39e134d3c1042de35ae11148,completed,formal_run_01,true,true,true,true
GUI-Owl-1.5-32B-Instruct,linux_only_327,189,worker-worktrees/all-task-update-intergration-sync-20260826/runs/gui-owl-1.5-32b-instruct-lite/core200_20260905/run_01/189_linux_only_327,worker-worktrees/all-task-update-intergration-sync-20260826/runs/gui-owl-1.5-32b-instruct-lite/core200_20260905/run_01/run_metadata.json,worker-worktrees/all-task-update-intergration-sync-20260826/runs/gui-owl-1.5-32b-instruct-lite/core200_20260905/run_01/189_linux_only_327/config/task.json,formal_run_01: formal runner summary; archived incomplete attempts excluded,FAIL,FAIL,recorded_automatic_result; no applicable confirmed rescoring record located,0.5,0.5,selected-attempt result.json; no new scoring or reinterpretation,29,315.626,done,2,linux,linux_0:linux;linux_1:linux,worker-worktrees/all-task-update-intergration-sync-20260826/runs/gui-owl-1.5-32b-instruct-lite/core200_20260905/experiment_metadata.json,worker-worktrees/all-task-update-intergration-sync-20260826/runs/gui-owl-1.5-32b-instruct-lite/core200_20260905/run_01/summary.json,worker-worktrees/all-task-update-intergration-sync-20260826/runs/gui-owl-1.5-32b-instruct-lite/core200_20260905/run_01/189_linux_only_327/result.json,7348e006ce2a72ef39e134d3c1042de35ae11148,completed,formal_run_01,true,true,true,true
GUI-Owl-1.5-32B-Instruct,linux_only_331,190,worker-worktrees/all-task-update-intergration-sync-20260826/runs/gui-owl-1.5-32b-instruct-lite/core200_20260905/run_01/190_linux_only_331,worker-worktrees/all-task-update-intergration-sync-20260826/runs/gui-owl-1.5-32b-instruct-lite/core200_20260905/run_01/run_metadata.json,worker-worktrees/all-task-update-intergration-sync-20260826/runs/gui-owl-1.5-32b-instruct-lite/core200_20260905/run_01/190_linux_only_331/config/task.json,formal_run_01: formal runner summary; archived incomplete attempts excluded,PASS,PASS,recorded_automatic_result; no applicable confirmed rescoring record located,1,1,selected-attempt result.json; no new scoring or reinterpretation,4,143.848,done,2,linux,linux_0:linux;linux_1:linux,worker-worktrees/all-task-update-intergration-sync-20260826/runs/gui-owl-1.5-32b-instruct-lite/core200_20260905/experiment_metadata.json,worker-worktrees/all-task-update-intergration-sync-20260826/runs/gui-owl-1.5-32b-instruct-lite/core200_20260905/run_01/summary.json,worker-worktrees/all-task-update-intergration-sync-20260826/runs/gui-owl-1.5-32b-instruct-lite/core200_20260905/run_01/190_linux_only_331/result.json,7348e006ce2a72ef39e134d3c1042de35ae11148,completed,formal_run_01,true,true,true,true
GUI-Owl-1.5-32B-Instruct,sh2_implicit_intent_nursery_air_comfort_infeasible_0011,191,worker-worktrees/all-task-update-intergration-sync-20260826/runs/gui-owl-1.5-32b-instruct-lite/core200_20260905/run_01/191_sh2_implicit_intent_nursery_air_comfort_infeasible_0011,worker-worktrees/all-task-update-intergration-sync-20260826/runs/gui-owl-1.5-32b-instruct-lite/core200_20260905/run_01/run_metadata.json,worker-worktrees/all-task-update-intergration-sync-20260826/runs/gui-owl-1.5-32b-instruct-lite/core200_20260905/run_01/191_sh2_implicit_intent_nursery_air_comfort_infeasible_0011/config/task.json,formal_run_01: formal runner summary; archived incomplete attempts excluded,FAIL,FAIL,recorded_automatic_result; no applicable confirmed rescoring record located,0.5,0.5,selected-attempt result.json; no new scoring or reinterpretation,50,173.457,max_steps,1,home,home_0:home,worker-worktrees/all-task-update-intergration-sync-20260826/runs/gui-owl-1.5-32b-instruct-lite/core200_20260905/experiment_metadata.json,worker-worktrees/all-task-update-intergration-sync-20260826/runs/gui-owl-1.5-32b-instruct-lite/core200_20260905/run_01/summary.json,worker-worktrees/all-task-update-intergration-sync-20260826/runs/gui-owl-1.5-32b-instruct-lite/core200_20260905/run_01/191_sh2_implicit_intent_nursery_air_comfort_infeasible_0011/result.json,7348e006ce2a72ef39e134d3c1042de35ae11148,completed,formal_run_01,true,true,true,true
GUI-Owl-1.5-32B-Instruct,sh3_explicit_control_plain_light_dimming_infeasible_0013,192,worker-worktrees/all-task-update-intergration-sync-20260826/runs/gui-owl-1.5-32b-instruct-lite/core200_20260905/run_01/192_sh3_explicit_control_plain_light_dimming_infeasible_0013,worker-worktrees/all-task-update-intergration-sync-20260826/runs/gui-owl-1.5-32b-instruct-lite/core200_20260905/run_01/run_metadata.json,worker-worktrees/all-task-update-intergration-sync-20260826/runs/gui-owl-1.5-32b-instruct-lite/core200_20260905/run_01/192_sh3_explicit_control_plain_light_dimming_infeasible_0013/config/task.json,formal_run_01: formal runner summary; archived incomplete attempts excluded,FAIL,FAIL,recorded_automatic_result; no applicable confirmed rescoring record located,0,0,selected-attempt result.json; no new scoring or reinterpretation,2,4.965,done,1,home,home_0:home,worker-worktrees/all-task-update-intergration-sync-20260826/runs/gui-owl-1.5-32b-instruct-lite/core200_20260905/experiment_metadata.json,worker-worktrees/all-task-update-intergration-sync-20260826/runs/gui-owl-1.5-32b-instruct-lite/core200_20260905/run_01/summary.json,worker-worktrees/all-task-update-intergration-sync-20260826/runs/gui-owl-1.5-32b-instruct-lite/core200_20260905/run_01/192_sh3_explicit_control_plain_light_dimming_infeasible_0013/result.json,7348e006ce2a72ef39e134d3c1042de35ae11148,completed,formal_run_01,true,true,true,true
GUI-Owl-1.5-32B-Instruct,sh4_time_schedule_study_focus_sequence_feasible_0030,193,worker-worktrees/all-task-update-intergration-sync-20260826/runs/gui-owl-1.5-32b-instruct-lite/core200_20260905/run_01/193_sh4_time_schedule_study_focus_sequence_feasible_0030,worker-worktrees/all-task-update-intergration-sync-20260826/runs/gui-owl-1.5-32b-instruct-lite/core200_20260905/run_01/run_metadata.json,worker-worktrees/all-task-update-intergration-sync-20260826/runs/gui-owl-1.5-32b-instruct-lite/core200_20260905/run_01/193_sh4_time_schedule_study_focus_sequence_feasible_0030/config/task.json,formal_run_01: formal runner summary; archived incomplete attempts excluded,PASS,PASS,recorded_automatic_result; no applicable confirmed rescoring record located,1,1,selected-attempt result.json; no new scoring or reinterpretation,3,14.279,done,1,home,home_0:home,worker-worktrees/all-task-update-intergration-sync-20260826/runs/gui-owl-1.5-32b-instruct-lite/core200_20260905/experiment_metadata.json,worker-worktrees/all-task-update-intergration-sync-20260826/runs/gui-owl-1.5-32b-instruct-lite/core200_20260905/run_01/summary.json,worker-worktrees/all-task-update-intergration-sync-20260826/runs/gui-owl-1.5-32b-instruct-lite/core200_20260905/run_01/193_sh4_time_schedule_study_focus_sequence_feasible_0030/result.json,7348e006ce2a72ef39e134d3c1042de35ae11148,completed,formal_run_01,true,true,true,true
GUI-Owl-1.5-32B-Instruct,sh1_state_inquiry_bedroom_energy_query_infeasible_0012,194,worker-worktrees/all-task-update-intergration-sync-20260826/runs/gui-owl-1.5-32b-instruct-lite/core200_20260905/run_01/194_sh1_state_inquiry_bedroom_energy_query_infeasible_0012,worker-worktrees/all-task-update-intergration-sync-20260826/runs/gui-owl-1.5-32b-instruct-lite/core200_20260905/run_01/run_metadata.json,worker-worktrees/all-task-update-intergration-sync-20260826/runs/gui-owl-1.5-32b-instruct-lite/core200_20260905/run_01/194_sh1_state_inquiry_bedroom_energy_query_infeasible_0012/config/task.json,formal_run_01: formal runner summary; archived incomplete attempts excluded,FAIL,FAIL,recorded_automatic_result; no applicable confirmed rescoring record located,0.5,0.5,selected-attempt result.json; no new scoring or reinterpretation,50,271.87,max_steps,1,home,home_0:home,worker-worktrees/all-task-update-intergration-sync-20260826/runs/gui-owl-1.5-32b-instruct-lite/core200_20260905/experiment_metadata.json,worker-worktrees/all-task-update-intergration-sync-20260826/runs/gui-owl-1.5-32b-instruct-lite/core200_20260905/run_01/summary.json,worker-worktrees/all-task-update-intergration-sync-20260826/runs/gui-owl-1.5-32b-instruct-lite/core200_20260905/run_01/194_sh1_state_inquiry_bedroom_energy_query_infeasible_0012/result.json,7348e006ce2a72ef39e134d3c1042de35ae11148,completed,formal_run_01,true,true,true,true
GUI-Owl-1.5-32B-Instruct,sh4_time_schedule_missing_balcony_light_infeasible_0014,195,worker-worktrees/all-task-update-intergration-sync-20260826/runs/gui-owl-1.5-32b-instruct-lite/core200_20260905/run_01/195_sh4_time_schedule_missing_balcony_light_infeasible_0014,worker-worktrees/all-task-update-intergration-sync-20260826/runs/gui-owl-1.5-32b-instruct-lite/core200_20260905/run_01/run_metadata.json,worker-worktrees/all-task-update-intergration-sync-20260826/runs/gui-owl-1.5-32b-instruct-lite/core200_20260905/run_01/195_sh4_time_schedule_missing_balcony_light_infeasible_0014/config/task.json,formal_run_01: formal runner summary; archived incomplete attempts excluded,FAIL,FAIL,recorded_automatic_result; no applicable confirmed rescoring record located,0.5,0.5,selected-attempt result.json; no new scoring or reinterpretation,50,142.167,max_steps,1,home,home_0:home,worker-worktrees/all-task-update-intergration-sync-20260826/runs/gui-owl-1.5-32b-instruct-lite/core200_20260905/experiment_metadata.json,worker-worktrees/all-task-update-intergration-sync-20260826/runs/gui-owl-1.5-32b-instruct-lite/core200_20260905/run_01/summary.json,worker-worktrees/all-task-update-intergration-sync-20260826/runs/gui-owl-1.5-32b-instruct-lite/core200_20260905/run_01/195_sh4_time_schedule_missing_balcony_light_infeasible_0014/result.json,7348e006ce2a72ef39e134d3c1042de35ae11148,completed,formal_run_01,true,true,true,true
GUI-Owl-1.5-32B-Instruct,sh3_explicit_control_close_living_curtain_feasible_0001,196,worker-worktrees/all-task-update-intergration-sync-20260826/runs/gui-owl-1.5-32b-instruct-lite/core200_20260905/run_01/196_sh3_explicit_control_close_living_curtain_feasible_0001,worker-worktrees/all-task-update-intergration-sync-20260826/runs/gui-owl-1.5-32b-instruct-lite/core200_20260905/run_01/run_metadata.json,worker-worktrees/all-task-update-intergration-sync-20260826/runs/gui-owl-1.5-32b-instruct-lite/core200_20260905/run_01/196_sh3_explicit_control_close_living_curtain_feasible_0001/config/task.json,formal_run_01: formal runner summary; archived incomplete attempts excluded,PASS,PASS,recorded_automatic_result; no applicable confirmed rescoring record located,1,1,selected-attempt result.json; no new scoring or reinterpretation,2,3.43,done,1,home,home_0:home,worker-worktrees/all-task-update-intergration-sync-20260826/runs/gui-owl-1.5-32b-instruct-lite/core200_20260905/experiment_metadata.json,worker-worktrees/all-task-update-intergration-sync-20260826/runs/gui-owl-1.5-32b-instruct-lite/core200_20260905/run_01/summary.json,worker-worktrees/all-task-update-intergration-sync-20260826/runs/gui-owl-1.5-32b-instruct-lite/core200_20260905/run_01/196_sh3_explicit_control_close_living_curtain_feasible_0001/result.json,7348e006ce2a72ef39e134d3c1042de35ae11148,completed,formal_run_01,true,true,true,true
GUI-Owl-1.5-32B-Instruct,sh4_time_schedule_living_ac_temperature_feasible_0032,197,worker-worktrees/all-task-update-intergration-sync-20260826/runs/gui-owl-1.5-32b-instruct-lite/core200_20260905/run_01/197_sh4_time_schedule_living_ac_temperature_feasible_0032,worker-worktrees/all-task-update-intergration-sync-20260826/runs/gui-owl-1.5-32b-instruct-lite/core200_20260905/run_01/run_metadata.json,worker-worktrees/all-task-update-intergration-sync-20260826/runs/gui-owl-1.5-32b-instruct-lite/core200_20260905/run_01/197_sh4_time_schedule_living_ac_temperature_feasible_0032/config/task.json,formal_run_01: formal runner summary; archived incomplete attempts excluded,PASS,PASS,recorded_automatic_result; no applicable confirmed rescoring record located,1,1,selected-attempt result.json; no new scoring or reinterpretation,2,22.6,done,1,home,home_0:home,worker-worktrees/all-task-update-intergration-sync-20260826/runs/gui-owl-1.5-32b-instruct-lite/core200_20260905/experiment_metadata.json,worker-worktrees/all-task-update-intergration-sync-20260826/runs/gui-owl-1.5-32b-instruct-lite/core200_20260905/run_01/summary.json,worker-worktrees/all-task-update-intergration-sync-20260826/runs/gui-owl-1.5-32b-instruct-lite/core200_20260905/run_01/197_sh4_time_schedule_living_ac_temperature_feasible_0032/result.json,7348e006ce2a72ef39e134d3c1042de35ae11148,completed,formal_run_01,true,true,true,true
GUI-Owl-1.5-32B-Instruct,sh1_state_inquiry_bathroom_humidity_feasible_0001,198,worker-worktrees/all-task-update-intergration-sync-20260826/runs/gui-owl-1.5-32b-instruct-lite/core200_20260905/run_01/198_sh1_state_inquiry_bathroom_humidity_feasible_0001,worker-worktrees/all-task-update-intergration-sync-20260826/runs/gui-owl-1.5-32b-instruct-lite/core200_20260905/run_01/run_metadata.json,worker-worktrees/all-task-update-intergration-sync-20260826/runs/gui-owl-1.5-32b-instruct-lite/core200_20260905/run_01/198_sh1_state_inquiry_bathroom_humidity_feasible_0001/config/task.json,formal_run_01: formal runner summary; archived incomplete attempts excluded,PASS,PASS,recorded_automatic_result; no applicable confirmed rescoring record located,1,1,selected-attempt result.json; no new scoring or reinterpretation,3,5.399,done,1,home,home_0:home,worker-worktrees/all-task-update-intergration-sync-20260826/runs/gui-owl-1.5-32b-instruct-lite/core200_20260905/experiment_metadata.json,worker-worktrees/all-task-update-intergration-sync-20260826/runs/gui-owl-1.5-32b-instruct-lite/core200_20260905/run_01/summary.json,worker-worktrees/all-task-update-intergration-sync-20260826/runs/gui-owl-1.5-32b-instruct-lite/core200_20260905/run_01/198_sh1_state_inquiry_bathroom_humidity_feasible_0001/result.json,7348e006ce2a72ef39e134d3c1042de35ae11148,completed,formal_run_01,true,true,true,true
GUI-Owl-1.5-32B-Instruct,sh5_event_schedule_plain_light_dim_after_dryer_infeasible_0016,199,worker-worktrees/all-task-update-intergration-sync-20260826/runs/gui-owl-1.5-32b-instruct-lite/core200_20260905/run_01/199_sh5_event_schedule_plain_light_dim_after_dryer_infeasible_0016,worker-worktrees/all-task-update-intergration-sync-20260826/runs/gui-owl-1.5-32b-instruct-lite/core200_20260905/run_01/run_metadata.json,worker-worktrees/all-task-update-intergration-sync-20260826/runs/gui-owl-1.5-32b-instruct-lite/core200_20260905/run_01/199_sh5_event_schedule_plain_light_dim_after_dryer_infeasible_0016/config/task.json,formal_run_01: formal runner summary; archived incomplete attempts excluded,PASS,PASS,recorded_automatic_result; no applicable confirmed rescoring record located,1,1,selected-attempt result.json; no new scoring or reinterpretation,5,15.138,done,1,home,home_0:home,worker-worktrees/all-task-update-intergration-sync-20260826/runs/gui-owl-1.5-32b-instruct-lite/core200_20260905/experiment_metadata.json,worker-worktrees/all-task-update-intergration-sync-20260826/runs/gui-owl-1.5-32b-instruct-lite/core200_20260905/run_01/summary.json,worker-worktrees/all-task-update-intergration-sync-20260826/runs/gui-owl-1.5-32b-instruct-lite/core200_20260905/run_01/199_sh5_event_schedule_plain_light_dim_after_dryer_infeasible_0016/result.json,7348e006ce2a72ef39e134d3c1042de35ae11148,completed,formal_run_01,true,true,true,true
GUI-Owl-1.5-32B-Instruct,sh6_coordinated_schedule_missing_guest_room_workflow_infeasible_0016,200,worker-worktrees/all-task-update-intergration-sync-20260826/runs/gui-owl-1.5-32b-instruct-lite/core200_20260905/run_01/200_sh6_coordinated_schedule_missing_guest_room_workflow_infeasible_0016,worker-worktrees/all-task-update-intergration-sync-20260826/runs/gui-owl-1.5-32b-instruct-lite/core200_20260905/run_01/run_metadata.json,worker-worktrees/all-task-update-intergration-sync-20260826/runs/gui-owl-1.5-32b-instruct-lite/core200_20260905/run_01/200_sh6_coordinated_schedule_missing_guest_room_workflow_infeasible_0016/config/task.json,formal_run_01: formal runner summary; archived incomplete attempts excluded,FAIL,FAIL,recorded_automatic_result; no applicable confirmed rescoring record located,0.5,0.5,selected-attempt result.json; no new scoring or reinterpretation,50,188.352,max_steps,1,home,home_0:home,worker-worktrees/all-task-update-intergration-sync-20260826/runs/gui-owl-1.5-32b-instruct-lite/core200_20260905/experiment_metadata.json,worker-worktrees/all-task-update-intergration-sync-20260826/runs/gui-owl-1.5-32b-instruct-lite/core200_20260905/run_01/summary.json,worker-worktrees/all-task-update-intergration-sync-20260826/runs/gui-owl-1.5-32b-instruct-lite/core200_20260905/run_01/200_sh6_coordinated_schedule_missing_guest_room_workflow_infeasible_0016/result.json,7348e006ce2a72ef39e134d3c1042de35ae11148,completed,formal_run_01,true,true,true,true
